video_id,title,category,subcategory,region,channel_type,published_at,trending_date,views,likes,comments,shares,watch_time_minutes,subscriber_count,days_since_published,tag_count,ad_spend,title_length
YT00000,Hip Hop creator video 0: trending ideas,Music,Hip Hop,United States,Individual,2025-06-20,2025-07-02,246060.0,7087.0,333.0,210.0,48184.95,73376.0,12.0,14.0,9639.0,39
YT00001,Technology creator video 1: trending ideas,Education,Technology,Canada,Educational,2025-03-26,2025-04-03,364519.0,19984.0,1358.0,745.0,83047.22,502235.0,8.0,15.0,9951.0,42
YT00002,Technology creator video 2: trending ideas,Education,Technology,Canada,Media Company,2025-06-04,2025-06-07,275288.0,26122.0,3180.0,521.0,46537.49,675963.0,3.0,2.0,10901.0,42
YT00003,Walkthrough creator video 3: trending ideas,Gaming,Walkthrough,United States,Media Company,2025-09-19,2025-09-23,652630.0,33350.0,1141.0,2347.0,182113.31,1275379.0,4.0,17.0,12084.0,43
YT00004,Comedy creator video 4: trending ideas,Entertainment,Comedy,India,Individual,2025-10-11,2025-10-12,675495.0,40310.0,2279.0,1965.0,123002.18,3280868.0,1.0,8.0,3298.0,38
YT00005,Technology creator video 5: trending ideas,Education,Technology,Australia,Educational,2025-09-02,2025-09-09,222746.0,16978.0,2620.0,561.0,18687.11,546623.0,7.0,7.0,10138.0,42
YT00006,Esports creator video 6: trending ideas,Gaming,Esports,India,Media Company,2025-04-28,2025-05-02,424334.0,16159.0,485.0,924.0,98278.25,3713171.0,4.0,15.0,9349.0,39
YT00007,Technology creator video 7: trending ideas,Education,Technology,United Kingdom,Individual,2025-07-23,2025-07-27,335930.0,20335.0,2606.0,873.0,76644.23,3418248.0,4.0,4.0,13951.0,42
YT00008,Science creator video 8: trending ideas,Education,Science,India,Brand,2025-06-13,2025-06-15,585015.0,51276.0,1679.0,3598.0,64995.99,843689.0,2.0,18.0,14608.0,39
YT00009,Walkthrough creator video 9: trending ideas,Gaming,Walkthrough,Australia,Individual,2025-03-24,2025-04-06,576077.0,25227.0,3601.0,2128.0,133645.97,1668994.0,13.0,7.0,15025.0,43
YT00010,Comedy creator video 10: trending ideas,Entertainment,Comedy,United States,Media Company,2025-04-28,2025-05-09,620472.0,41260.0,4038.0,2523.0,58935.73,701924.0,11.0,9.0,17579.0,39
YT00011,Esports creator video 11: trending ideas,Gaming,Esports,Canada,Educational,2025-08-19,2025-08-25,491353.0,31884.0,2348.0,536.0,103441.33,2602055.0,6.0,2.0,13860.0,40
YT00012,Walkthrough creator video 12: trending ideas,Gaming,Walkthrough,United Kingdom,Media Company,2025-09-24,2025-09-28,703422.0,61501.0,8382.0,2692.0,140066.26,3683387.0,4.0,8.0,15813.0,44
YT00013,Hip Hop creator video 13: trending ideas,Music,Hip Hop,United States,Individual,2025-01-07,2025-01-19,865363.0,101523.0,8877.0,7848.0,57814.85,3900530.0,12.0,6.0,2819.0,40
YT00014,Film & Animation creator video 14: trending ideas,Entertainment,Film & Animation,Canada,Individual,2025-02-23,2025-03-08,523003.0,41694.0,4532.0,3608.0,41965.9,2455555.0,13.0,14.0,7506.0,49
YT00015,Hip Hop creator video 15: trending ideas,Music,Hip Hop,United Kingdom,Brand,2025-05-09,2025-05-18,280616.0,22028.0,2184.0,607.0,24466.2,187995.0,9.0,17.0,1808.0,40
YT00016,Walkthrough creator video 16: trending ideas,Gaming,Walkthrough,Canada,Media Company,2025-08-27,2025-09-09,393041.0,29741.0,4328.0,795.0,105194.61,3405106.0,13.0,14.0,2755.0,44
YT00017,Pop creator video 17: trending ideas,Music,Pop,United Kingdom,Media Company,2025-01-14,2025-01-28,464930.0,19450.0,1632.0,1200.0,78780.97,241196.0,14.0,10.0,13723.0,36
YT00018,Esports creator video 18: trending ideas,Gaming,Esports,Australia,Educational,2025-05-27,2025-06-10,447750.0,49561.0,4489.0,4086.0,113106.84,2840778.0,14.0,6.0,14044.0,40
YT00019,Hip Hop creator video 19: trending ideas,Music,Hip Hop,Canada,Brand,2025-03-09,2025-03-10,781872.0,66887.0,11023.0,2317.0,120876.79,151913.0,1.0,14.0,9893.0,40
YT00020,Walkthrough creator video 20: trending ideas,Gaming,Walkthrough,United States,Media Company,2025-07-19,2025-08-02,387968.0,33210.0,2753.0,1021.0,87401.31,2347451.0,14.0,18.0,4909.0,44
YT00021,Technology creator video 21: trending ideas,Education,Technology,Australia,Media Company,2025-01-04,2025-01-09,168907.0,4249.0,487.0,163.0,32586.35,422334.0,5.0,11.0,1431.0,43
YT00022,Hip Hop creator video 22: trending ideas,Music,Hip Hop,India,Educational,2025-07-28,2025-08-09,188696.0,6194.0,519.0,512.0,39796.02,1000393.0,12.0,2.0,3025.0,40
YT00023,Hip Hop creator video 23: trending ideas,Music,Hip Hop,Australia,Individual,2025-08-08,2025-08-16,1093250.0,71354.0,11020.0,5364.0,125697.45,3566141.0,8.0,18.0,14693.0,40
YT00024,Pop creator video 24: trending ideas,Music,Pop,Australia,Individual,2025-06-20,2025-06-23,677925.0,48812.0,3098.0,775.0,47022.62,252653.0,3.0,10.0,14290.0,36
YT00025,Walkthrough creator video 25: trending ideas,Gaming,Walkthrough,United Kingdom,Media Company,2025-08-18,2025-08-30,567562.0,16897.0,2896.0,788.0,45660.98,1882888.0,12.0,14.0,11346.0,44
YT00026,Science creator video 26: trending ideas,Education,Science,Canada,Individual,2025-07-27,2025-08-08,545214.0,18915.0,1399.0,1239.0,93939.28,1507916.0,12.0,6.0,17936.0,40
YT00027,Comedy creator video 27: trending ideas,Entertainment,Comedy,Australia,Brand,2025-01-11,2025-01-18,693696.0,51538.0,8563.0,3731.0,53314.98,3652506.0,7.0,18.0,6538.0,39
YT00028,Walkthrough creator video 28: trending ideas,Gaming,Walkthrough,Australia,Media Company,2025-04-15,2025-04-28,537560.0,55171.0,7816.0,4626.0,141209.98,2026994.0,13.0,10.0,10046.0,44
YT00029,Science creator video 29: trending ideas,Education,Science,United Kingdom,Brand,2025-01-08,2025-01-15,348257.0,37478.0,4870.0,2982.0,57357.17,740297.0,7.0,17.0,13475.0,40
YT00030,Pop creator video 30: trending ideas,Music,Pop,Canada,Brand,2025-10-25,2025-11-05,544753.0,55591.0,7050.0,2272.0,50667.48,2601159.0,11.0,8.0,11724.0,36
YT00031,Hip Hop creator video 31: trending ideas,Music,Hip Hop,Australia,Brand,2025-10-09,2025-10-12,924671.0,110837.0,12916.0,4092.0,211527.92,1683006.0,3.0,10.0,16830.0,40
YT00032,Walkthrough creator video 32: trending ideas,Gaming,Walkthrough,Australia,Educational,2025-10-06,2025-10-12,178308.0,4902.0,622.0,439.0,36677.67,6738.0,6.0,14.0,2150.0,44
YT00033,Hip Hop creator video 33: trending ideas,Music,Hip Hop,Australia,Educational,2025-06-04,2025-06-07,107537.0,11641.0,745.0,536.0,14217.64,628400.0,3.0,4.0,907.0,40
YT00034,Walkthrough creator video 34: trending ideas,Gaming,Walkthrough,United Kingdom,Educational,2025-01-04,2025-01-09,736974.0,73062.0,11922.0,3452.0,48943.34,942005.0,5.0,15.0,12744.0,44
YT00035,Science creator video 35: trending ideas,Education,Science,Canada,Individual,2025-07-20,2025-07-25,302851.0,26776.0,1695.0,637.0,24708.92,3053280.0,5.0,9.0,2877.0,40
YT00036,Walkthrough creator video 36: trending ideas,Gaming,Walkthrough,United Kingdom,Individual,2025-03-27,2025-03-29,635706.0,18883.0,1881.0,937.0,140240.29,2395603.0,2.0,7.0,8817.0,44
YT00037,Comedy creator video 37: trending ideas,Entertainment,Comedy,United Kingdom,Individual,2025-07-27,2025-07-28,455121.0,27807.0,2955.0,1830.0,106716.35,1753915.0,1.0,10.0,2788.0,39
YT00038,Walkthrough creator video 38: trending ideas,Gaming,Walkthrough,India,Brand,2025-06-28,2025-07-02,823192.0,64828.0,2683.0,4226.0,218897.78,3405428.0,4.0,5.0,1537.0,44
YT00039,Esports creator video 39: trending ideas,Gaming,Esports,United Kingdom,Brand,2025-09-29,2025-10-01,1326640.0,91589.0,5476.0,7038.0,141189.86,3975991.0,2.0,17.0,103.0,40
YT00040,Esports creator video 40: trending ideas,Gaming,Esports,Australia,Educational,2025-09-03,2025-09-10,462233.0,39028.0,2455.0,1300.0,105235.04,3308741.0,7.0,13.0,7823.0,40
YT00041,Science creator video 41: trending ideas,Education,Science,United Kingdom,Individual,2025-03-26,2025-03-31,558877.0,20482.0,2426.0,644.0,125548.36,3364687.0,5.0,13.0,1.0,40
YT00042,Esports creator video 42: trending ideas,Gaming,Esports,United Kingdom,Individual,2025-08-01,2025-08-06,523512.0,49286.0,3816.0,1523.0,27781.0,2375188.0,5.0,6.0,2666.0,40
YT00043,Esports creator video 43: trending ideas,Gaming,Esports,United Kingdom,Educational,2025-09-29,2025-10-01,364621.0,30137.0,2106.0,1296.0,44482.91,646532.0,2.0,2.0,7579.0,40
YT00044,Technology creator video 44: trending ideas,Education,Technology,United Kingdom,Brand,2025-07-27,2025-07-30,495452.0,41659.0,4935.0,2963.0,94015.06,3237912.0,3.0,3.0,17393.0,43
YT00045,Science creator video 45: trending ideas,Education,Science,India,Media Company,2025-08-30,2025-09-05,315806.0,22277.0,2946.0,1489.0,16677.42,2045103.0,6.0,6.0,16064.0,40
YT00046,Esports creator video 46: trending ideas,Gaming,Esports,Canada,Individual,2025-02-15,2025-02-28,648531.0,35554.0,5355.0,1309.0,115791.63,3160247.0,13.0,7.0,10962.0,40
YT00047,Hip Hop creator video 47: trending ideas,Music,Hip Hop,United Kingdom,Educational,2025-08-09,2025-08-13,398268.0,25712.0,2483.0,1528.0,83248.87,2121938.0,4.0,3.0,570.0,40
YT00048,Film & Animation creator video 48: trending ideas,Entertainment,Film & Animation,India,Educational,2025-02-14,2025-02-20,632797.0,52715.0,3662.0,4630.0,105693.26,2509898.0,6.0,13.0,6171.0,49
YT00049,Esports creator video 49: trending ideas,Gaming,Esports,India,Brand,2025-05-05,2025-05-12,341859.0,15238.0,1570.0,319.0,74698.96,2266907.0,7.0,12.0,1667.0,40
YT00050,Film & Animation creator video 50: trending ideas,Entertainment,Film & Animation,United States,Media Company,2025-04-25,2025-05-01,360720.0,20964.0,1647.0,794.0,96700.51,2647925.0,6.0,8.0,689.0,49
YT00051,Pop creator video 51: trending ideas,Music,Pop,United Kingdom,Media Company,2025-08-29,2025-09-10,636374.0,44004.0,4246.0,3049.0,153476.23,3237625.0,12.0,4.0,17048.0,36
YT00052,Technology creator video 52: trending ideas,Education,Technology,India,Brand,2025-10-07,2025-10-14,483651.0,55191.0,7870.0,3935.0,41939.02,449501.0,7.0,16.0,15905.0,43
YT00053,Esports creator video 53: trending ideas,Gaming,Esports,United Kingdom,Educational,2025-06-17,2025-06-28,492976.0,17104.0,2260.0,334.0,117911.18,2878700.0,11.0,14.0,1120.0,40
YT00054,Hip Hop creator video 54: trending ideas,Music,Hip Hop,United Kingdom,Individual,2025-03-14,2025-03-26,643306.0,34611.0,3744.0,2975.0,145135.06,2487997.0,12.0,5.0,17432.0,40
YT00055,Esports creator video 55: trending ideas,Gaming,Esports,United Kingdom,Media Company,2025-03-09,2025-03-21,235855.0,18741.0,1528.0,477.0,17835.83,280885.0,12.0,5.0,5481.0,40
YT00056,Walkthrough creator video 56: trending ideas,Gaming,Walkthrough,India,Individual,2025-03-29,2025-03-31,587960.0,38872.0,1901.0,708.0,163290.51,2638660.0,2.0,3.0,13442.0,44
YT00057,Comedy creator video 57: trending ideas,Entertainment,Comedy,Canada,Brand,2025-07-15,2025-07-29,478483.0,26431.0,3674.0,1455.0,112020.53,365008.0,14.0,15.0,12410.0,39
YT00058,Walkthrough creator video 58: trending ideas,Gaming,Walkthrough,Australia,Individual,2025-07-29,2025-08-12,434351.0,32546.0,3979.0,2348.0,66387.85,1082949.0,14.0,7.0,14512.0,44
YT00059,Esports creator video 59: trending ideas,Gaming,Esports,Canada,Individual,2025-05-20,2025-05-22,736230.0,22478.0,1140.0,402.0,55142.97,3315170.0,2.0,10.0,6224.0,40
YT00060,Technology creator video 60: trending ideas,Education,Technology,United Kingdom,Brand,2025-07-11,2025-07-17,359650.0,39885.0,3215.0,2995.0,59321.4,2108965.0,6.0,5.0,12018.0,43
YT00061,Esports creator video 61: trending ideas,Gaming,Esports,India,Educational,2025-02-19,2025-03-01,292155.0,14538.0,1050.0,900.0,78636.76,1512851.0,10.0,5.0,8061.0,40
YT00062,Walkthrough creator video 62: trending ideas,Gaming,Walkthrough,Canada,Individual,2025-04-26,2025-05-07,212520.0,21214.0,1873.0,320.0,43509.32,556930.0,11.0,18.0,6099.0,44
YT00063,Science creator video 63: trending ideas,Education,Science,India,Individual,2025-08-23,2025-08-26,718319.0,42726.0,2625.0,846.0,128165.25,3487615.0,3.0,17.0,14916.0,40
YT00064,Walkthrough creator video 64: trending ideas,Gaming,Walkthrough,United Kingdom,Educational,2025-05-01,2025-05-14,254744.0,22562.0,2892.0,665.0,39839.87,1385557.0,13.0,3.0,6890.0,44
YT00065,Walkthrough creator video 65: trending ideas,Gaming,Walkthrough,Canada,Media Company,2025-01-22,2025-01-27,776440.0,70376.0,11199.0,1846.0,159267.56,3270429.0,5.0,11.0,5973.0,44
YT00066,Comedy creator video 66: trending ideas,Entertainment,Comedy,United Kingdom,Educational,2025-07-17,2025-07-27,674127.0,17585.0,3012.0,1051.0,188257.32,3536636.0,10.0,4.0,15511.0,39
YT00067,Walkthrough creator video 67: trending ideas,Gaming,Walkthrough,India,Brand,2025-05-23,2025-05-29,409346.0,30576.0,3103.0,2334.0,51430.25,863088.0,6.0,7.0,9875.0,44
YT00068,Technology creator video 68: trending ideas,Education,Technology,Australia,Educational,2025-01-28,2025-02-01,427965.0,21885.0,872.0,1968.0,115924.09,1159868.0,4.0,8.0,11067.0,43
YT00069,Technology creator video 69: trending ideas,Education,Technology,United Kingdom,Educational,2025-09-23,2025-09-28,381539.0,19589.0,2798.0,506.0,29583.12,2718974.0,5.0,2.0,2031.0,43
YT00070,Technology creator video 70: trending ideas,Education,Technology,India,Media Company,2025-10-12,2025-10-16,459958.0,46871.0,6586.0,3482.0,24838.65,3267671.0,4.0,5.0,11843.0,43
YT00071,Hip Hop creator video 71: trending ideas,Music,Hip Hop,Australia,Individual,2025-08-18,2025-08-31,187926.0,8727.0,1248.0,747.0,47948.47,1094676.0,13.0,2.0,3161.0,40
YT00072,Hip Hop creator video 72: trending ideas,Music,Hip Hop,Australia,Educational,2025-05-27,2025-06-10,451224.0,17563.0,2082.0,340.0,97058.44,3532929.0,14.0,6.0,10742.0,40
YT00073,Hip Hop creator video 73: trending ideas,Music,Hip Hop,United Kingdom,Individual,2025-07-31,2025-08-05,411670.0,31989.0,5693.0,1829.0,19101.18,2657532.0,5.0,4.0,7439.0,40
YT00074,Hip Hop creator video 74: trending ideas,Music,Hip Hop,India,Educational,2025-09-07,2025-09-18,681777.0,54702.0,7502.0,2008.0,132790.39,2928533.0,11.0,8.0,9326.0,40
YT00075,Technology creator video 75: trending ideas,Education,Technology,India,Media Company,2025-07-21,2025-07-24,487712.0,32057.0,3915.0,1408.0,25308.02,1925271.0,3.0,11.0,11343.0,43
YT00076,Pop creator video 76: trending ideas,Music,Pop,Canada,Brand,2025-06-10,2025-06-22,497003.0,38363.0,5726.0,3451.0,69945.98,1275314.0,12.0,11.0,11764.0,36
YT00077,Esports creator video 77: trending ideas,Gaming,Esports,United Kingdom,Brand,2025-03-09,2025-03-17,496354.0,47068.0,3681.0,781.0,133645.95,1917166.0,8.0,2.0,11738.0,40
YT00078,Film & Animation creator video 78: trending ideas,Entertainment,Film & Animation,India,Individual,2025-04-26,2025-04-29,313127.0,18624.0,2796.0,688.0,59438.94,445128.0,3.0,4.0,10031.0,49
YT00079,Walkthrough creator video 79: trending ideas,Gaming,Walkthrough,Canada,Educational,2025-05-17,2025-05-19,291296.0,28950.0,991.0,2125.0,78981.5,963129.0,2.0,6.0,1072.0,44
YT00080,Walkthrough creator video 80: trending ideas,Gaming,Walkthrough,India,Media Company,2025-10-25,2025-11-02,409756.0,41919.0,7405.0,1742.0,62911.58,18178.0,8.0,18.0,10476.0,44
YT00081,Comedy creator video 81: trending ideas,Entertainment,Comedy,United Kingdom,Individual,2025-01-05,2025-01-12,559421.0,64084.0,6447.0,3382.0,142720.37,3870747.0,7.0,14.0,7836.0,39
YT00082,Walkthrough creator video 82: trending ideas,Gaming,Walkthrough,United Kingdom,Educational,2025-02-05,2025-02-18,971187.0,42720.0,2088.0,1593.0,62826.71,3972078.0,13.0,7.0,14676.0,44
YT00083,Hip Hop creator video 83: trending ideas,Music,Hip Hop,India,Media Company,2025-08-30,2025-09-10,442614.0,40758.0,3185.0,2552.0,45979.12,2909636.0,11.0,9.0,12185.0,40
YT00084,Pop creator video 84: trending ideas,Music,Pop,India,Educational,2025-09-04,2025-09-17,474030.0,54673.0,7557.0,2162.0,89447.22,3375457.0,13.0,4.0,4701.0,36
YT00085,Science creator video 85: trending ideas,Education,Science,India,Media Company,2025-10-10,2025-10-20,406802.0,47144.0,6102.0,3261.0,75824.59,179575.0,10.0,18.0,15591.0,40
YT00086,Walkthrough creator video 86: trending ideas,Gaming,Walkthrough,Australia,Media Company,2025-05-31,2025-06-01,400645.0,10214.0,572.0,859.0,44544.56,2151954.0,1.0,12.0,1627.0,44
YT00087,Film & Animation creator video 87: trending ideas,Entertainment,Film & Animation,United Kingdom,Individual,2025-09-25,2025-09-26,628443.0,28394.0,2887.0,640.0,48491.08,449830.0,1.0,15.0,12246.0,49
YT00088,Science creator video 88: trending ideas,Education,Science,India,Educational,2025-04-20,2025-04-30,380186.0,32191.0,2856.0,1795.0,35793.53,2059577.0,10.0,10.0,5938.0,40
YT00089,Film & Animation creator video 89: trending ideas,Entertainment,Film & Animation,Australia,Educational,2025-03-06,2025-03-10,908959.0,28976.0,1072.0,1375.0,137798.25,2758986.0,4.0,12.0,17643.0,49
YT00090,Science creator video 90: trending ideas,Education,Science,India,Media Company,2025-09-13,2025-09-26,382812.0,22554.0,3489.0,1984.0,104970.5,746860.0,13.0,17.0,14628.0,40
YT00091,Esports creator video 91: trending ideas,Gaming,Esports,India,Individual,2025-07-08,2025-07-18,513617.0,28454.0,1483.0,1496.0,132864.7,3322699.0,10.0,17.0,101.0,40
YT00092,Comedy creator video 92: trending ideas,Entertainment,Comedy,United Kingdom,Educational,2025-04-07,2025-04-13,215835.0,22872.0,2832.0,1490.0,14588.13,605014.0,6.0,4.0,5522.0,39
YT00093,Pop creator video 93: trending ideas,Music,Pop,United States,Educational,2025-07-31,2025-08-14,595176.0,31612.0,3680.0,1690.0,148022.61,1399087.0,14.0,11.0,10733.0,36
YT00094,Esports creator video 94: trending ideas,Gaming,Esports,India,Educational,2025-05-28,2025-06-05,221968.0,10062.0,1182.0,796.0,49098.74,553897.0,8.0,13.0,6082.0,40
YT00095,Science creator video 95: trending ideas,Education,Science,Canada,Educational,2025-08-07,2025-08-16,166282.0,15749.0,1399.0,983.0,46482.9,67491.0,9.0,18.0,288.0,40
YT00096,Film & Animation creator video 96: trending ideas,Entertainment,Film & Animation,United Kingdom,Media Company,2025-03-23,2025-04-06,610399.0,45149.0,6143.0,2828.0,73276.89,3147033.0,14.0,3.0,15220.0,49
YT00097,Pop creator video 97: trending ideas,Music,Pop,Canada,Media Company,2025-08-15,2025-08-29,334713.0,37818.0,2262.0,2458.0,26889.08,1266897.0,14.0,10.0,12665.0,36
YT00098,Science creator video 98: trending ideas,Education,Science,India,Individual,2025-07-12,2025-07-17,306381.0,33604.0,2459.0,2060.0,13258.91,30852.0,5.0,10.0,12988.0,40
YT00099,Technology creator video 99: trending ideas,Education,Technology,Australia,Brand,2025-02-12,2025-02-13,294914.0,28814.0,1314.0,1402.0,61644.36,1100400.0,1.0,13.0,5020.0,43
YT00100,Science creator video 100: trending ideas,Education,Science,Canada,Brand,2025-02-04,2025-02-18,249243.0,20248.0,2585.0,1045.0,22885.23,1295059.0,14.0,12.0,1913.0,41
YT00101,Science creator video 101: trending ideas,Education,Science,Australia,Individual,2025-01-09,2025-01-11,579920.0,56228.0,3361.0,2198.0,96201.72,918752.0,2.0,11.0,16635.0,41
YT00102,Technology creator video 102: trending ideas,Education,Technology,United Kingdom,Media Company,2025-04-15,2025-04-19,382942.0,14071.0,799.0,1160.0,20459.26,1906805.0,4.0,7.0,15721.0,44
YT00103,Comedy creator video 103: trending ideas,Entertainment,Comedy,Canada,Brand,2025-10-24,2025-10-31,856668.0,44470.0,2175.0,820.0,37138.42,3276304.0,7.0,5.0,15133.0,40
YT00104,Pop creator video 104: trending ideas,Music,Pop,United Kingdom,Individual,2025-07-02,2025-07-09,1167232.0,96027.0,16657.0,4632.0,196263.46,2268246.0,7.0,11.0,16558.0,37
YT00105,Film & Animation creator video 105: trending ideas,Entertainment,Film & Animation,Australia,Educational,2025-10-22,2025-10-25,906552.0,68953.0,6899.0,1365.0,118064.64,1955995.0,3.0,15.0,17040.0,50
YT00106,Science creator video 106: trending ideas,Education,Science,United States,Brand,2025-08-21,2025-08-30,332887.0,35053.0,3738.0,2533.0,21371.68,3435195.0,9.0,10.0,7706.0,41
YT00107,Film & Animation creator video 107: trending ideas,Entertainment,Film & Animation,Australia,Brand,2025-09-03,2025-09-06,1113068.0,31242.0,5620.0,1725.0,115236.44,3719440.0,3.0,12.0,14435.0,50
YT00108,Technology creator video 108: trending ideas,Education,Technology,Australia,Individual,2025-03-02,2025-03-08,394104.0,43444.0,7471.0,972.0,62221.04,2081987.0,6.0,5.0,13194.0,44
YT00109,Science creator video 109: trending ideas,Education,Science,United States,Individual,2025-06-29,2025-07-13,333753.0,11313.0,561.0,1008.0,75530.64,3679010.0,14.0,5.0,9439.0,41
YT00110,Film & Animation creator video 110: trending ideas,Entertainment,Film & Animation,Australia,Brand,2025-09-08,2025-09-22,575527.0,21511.0,1520.0,668.0,90590.96,3631433.0,14.0,2.0,9054.0,50
YT00111,Pop creator video 111: trending ideas,Music,Pop,United States,Media Company,2025-04-27,2025-04-29,569879.0,66739.0,5995.0,2584.0,133076.59,838567.0,2.0,12.0,9069.0,37
YT00112,Walkthrough creator video 112: trending ideas,Gaming,Walkthrough,India,Media Company,2025-07-29,2025-08-10,350077.0,30392.0,1263.0,2147.0,90131.96,1226109.0,12.0,5.0,8288.0,45
YT00113,Hip Hop creator video 113: trending ideas,Music,Hip Hop,Australia,Educational,2025-09-14,2025-09-20,906431.0,59274.0,4915.0,1568.0,194414.48,3391791.0,6.0,3.0,14848.0,41
YT00114,Pop creator video 114: trending ideas,Music,Pop,Canada,Media Company,2025-10-06,2025-10-11,693691.0,47014.0,3443.0,3374.0,75702.51,1671056.0,5.0,10.0,6993.0,37
YT00115,Technology creator video 115: trending ideas,Education,Technology,India,Individual,2025-05-23,2025-05-27,540438.0,23853.0,3982.0,1518.0,46136.15,3959363.0,4.0,18.0,16089.0,44
YT00116,Film & Animation creator video 116: trending ideas,Entertainment,Film & Animation,Australia,Media Company,2025-10-01,2025-10-12,131312.0,4480.0,805.0,279.0,7613.21,695479.0,11.0,7.0,110.0,50
YT00117,Technology creator video 117: trending ideas,Education,Technology,United States,Individual,2025-02-11,2025-02-14,122674.0,3993.0,247.0,309.0,33708.0,955276.0,3.0,11.0,1123.0,44
YT00118,Comedy creator video 118: trending ideas,Entertainment,Comedy,United Kingdom,Individual,2025-05-07,2025-05-13,200503.0,12863.0,1335.0,1030.0,53935.15,755712.0,6.0,4.0,4495.0,40
YT00119,Science creator video 119: trending ideas,Education,Science,United Kingdom,Educational,2025-08-29,2025-09-02,442456.0,13645.0,529.0,1160.0,50876.56,2783078.0,4.0,18.0,5902.0,41
YT00120,Walkthrough creator video 120: trending ideas,Gaming,Walkthrough,Canada,Media Company,2025-08-28,2025-09-01,307052.0,33284.0,3693.0,799.0,20474.01,709845.0,4.0,7.0,4964.0,45
YT00121,Pop creator video 121: trending ideas,Music,Pop,United Kingdom,Individual,2025-03-13,2025-03-23,893634.0,88972.0,4836.0,5502.0,89479.49,2702505.0,10.0,15.0,13869.0,37
YT00122,Science creator video 122: trending ideas,Education,Science,United States,Individual,2025-02-04,2025-02-16,371352.0,10846.0,1319.0,641.0,62418.07,808827.0,12.0,10.0,14767.0,41
YT00123,Technology creator video 123: trending ideas,Education,Technology,Canada,Individual,2025-10-07,2025-10-09,520718.0,55234.0,7312.0,3180.0,127491.63,1070986.0,2.0,8.0,16272.0,44
YT00124,Science creator video 124: trending ideas,Education,Science,Australia,Brand,2025-06-07,2025-06-09,573903.0,33834.0,2283.0,1539.0,155499.18,508797.0,2.0,16.0,15793.0,41
YT00125,Science creator video 125: trending ideas,Education,Science,Australia,Brand,2025-04-09,2025-04-11,356421.0,39828.0,2891.0,2607.0,59113.01,2486444.0,2.0,4.0,6670.0,41
YT00126,Walkthrough creator video 126: trending ideas,Gaming,Walkthrough,United States,Brand,2025-08-02,2025-08-11,184471.0,15199.0,1756.0,1012.0,18186.84,348342.0,9.0,17.0,1043.0,45
YT00127,Pop creator video 127: trending ideas,Music,Pop,India,Educational,2025-05-10,2025-05-11,888481.0,42236.0,6061.0,2964.0,185258.4,3188641.0,1.0,18.0,13952.0,37
YT00128,Technology creator video 128: trending ideas,Education,Technology,United States,Educational,2025-07-31,2025-08-08,382602.0,17263.0,2448.0,1417.0,56460.17,572965.0,8.0,15.0,13801.0,44
YT00129,Pop creator video 129: trending ideas,Music,Pop,United Kingdom,Individual,2025-03-13,2025-03-19,688984.0,22349.0,3455.0,616.0,133595.06,2085766.0,6.0,5.0,4166.0,37
YT00130,Comedy creator video 130: trending ideas,Entertainment,Comedy,India,Media Company,2025-05-10,2025-05-24,796893.0,31121.0,2259.0,615.0,51688.9,1724979.0,14.0,10.0,14706.0,40
YT00131,Esports creator video 131: trending ideas,Gaming,Esports,India,Brand,2025-02-28,2025-03-05,582230.0,52007.0,2135.0,2501.0,134776.4,626134.0,5.0,9.0,15894.0,41
YT00132,Walkthrough creator video 132: trending ideas,Gaming,Walkthrough,United States,Educational,2025-06-01,2025-06-15,547612.0,15301.0,1945.0,901.0,44116.46,1469001.0,14.0,14.0,10584.0,45
YT00133,Film & Animation creator video 133: trending ideas,Entertainment,Film & Animation,India,Educational,2025-07-04,2025-07-18,188858.0,21531.0,2560.0,1195.0,49241.25,475710.0,14.0,5.0,2417.0,50
YT00134,Science creator video 134: trending ideas,Education,Science,Canada,Educational,2025-07-27,2025-08-10,254423.0,15437.0,2255.0,329.0,52691.07,3746707.0,14.0,6.0,4738.0,41
YT00135,Technology creator video 135: trending ideas,Education,Technology,United States,Individual,2025-05-12,2025-05-20,299358.0,27377.0,2991.0,1592.0,79158.4,1499951.0,8.0,17.0,6001.0,44
YT00136,Science creator video 136: trending ideas,Education,Science,Canada,Individual,2025-06-01,2025-06-02,686633.0,61056.0,3066.0,1184.0,163163.41,3588159.0,1.0,16.0,573.0,41
YT00137,Technology creator video 137: trending ideas,Education,Technology,United Kingdom,Individual,2025-02-04,2025-02-11,103635.0,12104.0,414.0,287.0,19387.18,26049.0,7.0,7.0,4819.0,44
YT00138,Comedy creator video 138: trending ideas,Entertainment,Comedy,United States,Brand,2025-05-13,2025-05-20,980166.0,82031.0,13693.0,5075.0,171102.08,3546095.0,7.0,15.0,14641.0,40
YT00139,Comedy creator video 139: trending ideas,Entertainment,Comedy,India,Media Company,2025-10-24,2025-11-04,497825.0,28756.0,2769.0,2486.0,28336.72,1468594.0,11.0,14.0,10835.0,40
YT00140,Comedy creator video 140: trending ideas,Entertainment,Comedy,United Kingdom,Individual,2025-01-19,2025-01-31,643480.0,69707.0,10054.0,2841.0,174490.95,2196403.0,12.0,11.0,15197.0,40
YT00141,Comedy creator video 141: trending ideas,Entertainment,Comedy,United Kingdom,Individual,2025-09-13,2025-09-18,482278.0,21523.0,3195.0,642.0,52438.33,1875676.0,5.0,10.0,176.0,40
YT00142,Walkthrough creator video 142: trending ideas,Gaming,Walkthrough,Australia,Brand,2025-10-24,2025-10-29,214146.0,12595.0,1633.0,1093.0,27626.91,677334.0,5.0,13.0,836.0,45
YT00143,Walkthrough creator video 143: trending ideas,Gaming,Walkthrough,United Kingdom,Educational,2025-01-25,2025-02-08,406212.0,30523.0,4993.0,1257.0,26164.87,2321415.0,14.0,6.0,11666.0,45
YT00144,Comedy creator video 144: trending ideas,Entertainment,Comedy,United Kingdom,Media Company,2025-03-26,2025-04-09,339930.0,24803.0,1564.0,1615.0,42067.71,2888747.0,14.0,7.0,10053.0,40
YT00145,Film & Animation creator video 145: trending ideas,Entertainment,Film & Animation,United Kingdom,Brand,2025-08-08,2025-08-11,626634.0,67470.0,10602.0,5279.0,131312.39,2668777.0,3.0,2.0,17088.0,50
YT00146,Hip Hop creator video 146: trending ideas,Music,Hip Hop,Australia,Educational,2025-06-04,2025-06-09,684988.0,76857.0,3528.0,1774.0,80578.55,2216085.0,5.0,9.0,13542.0,41
YT00147,Walkthrough creator video 147: trending ideas,Gaming,Walkthrough,United Kingdom,Individual,2025-07-22,2025-07-23,311266.0,10288.0,1265.0,171.0,22924.43,1700066.0,1.0,6.0,2730.0,45
YT00148,Technology creator video 148: trending ideas,Education,Technology,Canada,Media Company,2025-07-08,2025-07-21,308939.0,9919.0,1562.0,469.0,44578.33,1911558.0,13.0,7.0,12999.0,44
YT00149,Pop creator video 149: trending ideas,Music,Pop,Australia,Educational,2025-01-05,2025-01-17,815430.0,76642.0,3376.0,2689.0,130330.78,1966584.0,12.0,16.0,4806.0,37
YT00150,Hip Hop creator video 150: trending ideas,Music,Hip Hop,United Kingdom,Media Company,2025-02-09,2025-02-17,353229.0,24060.0,2818.0,1792.0,17908.24,1555232.0,8.0,2.0,13638.0,41
YT00151,Esports creator video 151: trending ideas,Gaming,Esports,India,Individual,2025-07-04,2025-07-05,1645174.0,159047.0,8221.0,4417.0,98845.5,3714635.0,1.0,4.0,16319.0,41
YT00152,Pop creator video 152: trending ideas,Music,Pop,India,Individual,2025-02-13,2025-02-23,163212.0,5928.0,569.0,411.0,21180.75,1498574.0,10.0,3.0,3146.0,37
YT00153,Comedy creator video 153: trending ideas,Entertainment,Comedy,Canada,Individual,2025-02-16,2025-02-20,292165.0,29352.0,2692.0,1218.0,55177.64,436306.0,4.0,11.0,4773.0,40
YT00154,Science creator video 154: trending ideas,Education,Science,Canada,Brand,2025-09-03,2025-09-09,603643.0,63888.0,11154.0,5690.0,100217.29,3823126.0,6.0,14.0,2627.0,41
YT00155,Science creator video 155: trending ideas,Education,Science,United Kingdom,Brand,2025-10-11,2025-10-14,261212.0,23635.0,2795.0,1948.0,41795.16,1502152.0,3.0,11.0,936.0,41
YT00156,Film & Animation creator video 156: trending ideas,Entertainment,Film & Animation,Australia,Individual,2025-08-30,2025-09-08,746922.0,64935.0,10725.0,1224.0,149232.39,1490673.0,9.0,10.0,17906.0,50
YT00157,Pop creator video 157: trending ideas,Music,Pop,Australia,Brand,2025-07-14,2025-07-23,516874.0,21079.0,2289.0,772.0,83773.24,2435508.0,9.0,7.0,2902.0,37
YT00158,Technology creator video 158: trending ideas,Education,Technology,United Kingdom,Individual,2025-01-01,2025-01-09,400024.0,21084.0,3155.0,1795.0,72600.01,2158398.0,8.0,16.0,1051.0,44
YT00159,Esports creator video 159: trending ideas,Gaming,Esports,United Kingdom,Brand,2025-01-06,2025-01-07,632722.0,17706.0,937.0,1059.0,53934.3,754444.0,1.0,6.0,17594.0,41
YT00160,Comedy creator video 160: trending ideas,Entertainment,Comedy,United States,Individual,2025-05-11,2025-05-23,419660.0,32243.0,4112.0,2344.0,36753.12,734967.0,12.0,5.0,9532.0,40
YT00161,Hip Hop creator video 161: trending ideas,Music,Hip Hop,India,Individual,2025-07-12,2025-07-26,622510.0,23338.0,1993.0,833.0,61814.91,1905499.0,14.0,13.0,11310.0,41
YT00162,Walkthrough creator video 162: trending ideas,Gaming,Walkthrough,Australia,Media Company,2025-04-18,2025-05-01,285037.0,32810.0,4670.0,857.0,45210.11,1228796.0,13.0,15.0,3145.0,45
YT00163,Walkthrough creator video 163: trending ideas,Gaming,Walkthrough,United States,Media Company,2025-03-03,2025-03-04,551943.0,39894.0,6245.0,2513.0,129015.79,1116461.0,1.0,9.0,4824.0,45
YT00164,Pop creator video 164: trending ideas,Music,Pop,United States,Individual,2025-09-29,2025-09-30,650768.0,75981.0,8376.0,1928.0,131950.86,918339.0,1.0,17.0,8188.0,37
YT00165,Comedy creator video 165: trending ideas,Entertainment,Comedy,Australia,Brand,2025-04-13,2025-04-14,703832.0,77044.0,8302.0,1174.0,111924.39,7937.0,1.0,10.0,15365.0,40
YT00166,Pop creator video 166: trending ideas,Music,Pop,Australia,Brand,2025-08-31,2025-09-07,228973.0,20482.0,1106.0,1705.0,30523.23,737128.0,7.0,8.0,3656.0,37
YT00167,Esports creator video 167: trending ideas,Gaming,Esports,Australia,Individual,2025-02-08,2025-02-22,275230.0,16434.0,1497.0,371.0,14294.77,1594385.0,14.0,11.0,1401.0,41
YT00168,Science creator video 168: trending ideas,Education,Science,Canada,Individual,2025-06-16,2025-06-26,484513.0,45385.0,3365.0,1188.0,54125.89,3855550.0,10.0,11.0,13261.0,41
YT00169,Science creator video 169: trending ideas,Education,Science,United Kingdom,Media Company,2025-07-17,2025-07-18,299640.0,14315.0,2395.0,932.0,49521.97,320818.0,1.0,6.0,9037.0,41
YT00170,Esports creator video 170: trending ideas,Gaming,Esports,Australia,Educational,2025-06-05,2025-06-09,1086110.0,116461.0,12932.0,4683.0,235304.35,3488191.0,4.0,15.0,11994.0,41
YT00171,Science creator video 171: trending ideas,Education,Science,Australia,Individual,2025-04-04,2025-04-15,275001.0,8393.0,434.0,746.0,42211.87,2584048.0,11.0,18.0,8844.0,41
YT00172,Science creator video 172: trending ideas,Education,Science,United States,Individual,2025-08-14,2025-08-21,143527.0,15385.0,1319.0,1219.0,18293.82,548847.0,7.0,9.0,943.0,41
YT00173,Comedy creator video 173: trending ideas,Entertainment,Comedy,Australia,Individual,2025-10-03,2025-10-04,1785133.0,68824.0,5367.0,2055.0,278825.53,3647519.0,1.0,13.0,13228.0,40
YT00174,Comedy creator video 174: trending ideas,Entertainment,Comedy,United Kingdom,Brand,2025-03-23,2025-03-25,1062418.0,116768.0,8769.0,4605.0,276514.13,1790360.0,2.0,4.0,17518.0,40
YT00175,Esports creator video 175: trending ideas,Gaming,Esports,Australia,Individual,2025-08-06,2025-08-07,955179.0,112441.0,15075.0,2782.0,201769.46,835539.0,1.0,2.0,17045.0,41
YT00176,Film & Animation creator video 176: trending ideas,Entertainment,Film & Animation,Australia,Media Company,2025-07-31,2025-08-06,383038.0,36041.0,2007.0,2763.0,23914.25,3820556.0,6.0,6.0,12748.0,50
YT00177,Esports creator video 177: trending ideas,Gaming,Esports,India,Media Company,2025-03-23,2025-03-24,572022.0,51585.0,3917.0,4147.0,48644.3,910747.0,1.0,6.0,7810.0,41
YT00178,Esports creator video 178: trending ideas,Gaming,Esports,Canada,Educational,2025-03-27,2025-04-08,459012.0,47894.0,4212.0,1459.0,59886.54,1549515.0,12.0,18.0,15904.0,41
YT00179,Science creator video 179: trending ideas,Education,Science,India,Brand,2025-10-26,2025-11-03,429267.0,37508.0,1694.0,2944.0,64938.58,1443689.0,8.0,17.0,11230.0,41
YT00180,Comedy creator video 180: trending ideas,Entertainment,Comedy,Canada,Individual,2025-06-19,2025-07-03,477909.0,12224.0,1355.0,372.0,81030.58,1325455.0,14.0,16.0,8687.0,40
YT00181,Hip Hop creator video 181: trending ideas,Music,Hip Hop,Australia,Educational,2025-02-24,2025-03-05,862992.0,59677.0,7932.0,2934.0,35762.64,222390.0,9.0,11.0,16366.0,41
YT00182,Hip Hop creator video 182: trending ideas,Music,Hip Hop,United Kingdom,Educational,2025-06-25,2025-06-26,663829.0,28809.0,2731.0,2472.0,165903.68,2082053.0,1.0,4.0,5369.0,41
YT00183,Technology creator video 183: trending ideas,Education,Technology,India,Individual,2025-09-17,2025-09-22,644709.0,43729.0,2911.0,3132.0,130869.1,3444762.0,5.0,12.0,15215.0,44
YT00184,Esports creator video 184: trending ideas,Gaming,Esports,United Kingdom,Media Company,2025-06-02,2025-06-13,340874.0,38768.0,5039.0,2747.0,71221.74,872651.0,11.0,5.0,10999.0,41
YT00185,Pop creator video 185: trending ideas,Music,Pop,Canada,Media Company,2025-09-28,2025-10-09,914062.0,25735.0,4456.0,830.0,127898.49,3242729.0,11.0,13.0,8018.0,37
YT00186,Film & Animation creator video 186: trending ideas,Entertainment,Film & Animation,Australia,Individual,2025-09-10,2025-09-18,441881.0,42473.0,5060.0,2644.0,28269.94,3682964.0,8.0,11.0,7550.0,50
YT00187,Comedy creator video 187: trending ideas,Entertainment,Comedy,Canada,Media Company,2025-10-20,2025-11-03,568830.0,19117.0,2407.0,1627.0,84136.64,2410485.0,14.0,18.0,14476.0,40
YT00188,Science creator video 188: trending ideas,Education,Science,India,Educational,2025-03-23,2025-04-03,345303.0,35200.0,1946.0,2500.0,15840.4,2654199.0,11.0,12.0,8918.0,41
YT00189,Technology creator video 189: trending ideas,Education,Technology,India,Individual,2025-09-14,2025-09-20,348904.0,12088.0,1834.0,1029.0,86468.51,3427461.0,6.0,14.0,12837.0,44
YT00190,Science creator video 190: trending ideas,Education,Science,United Kingdom,Media Company,2025-08-02,2025-08-09,416792.0,16565.0,2078.0,1451.0,66437.87,3754595.0,7.0,4.0,6267.0,41
YT00191,Science creator video 191: trending ideas,Education,Science,Canada,Media Company,2025-08-17,2025-08-30,356773.0,26197.0,3925.0,2070.0,33101.01,569726.0,13.0,17.0,17420.0,41
YT00192,Hip Hop creator video 192: trending ideas,Music,Hip Hop,India,Brand,2025-01-13,2025-01-21,355656.0,15988.0,2428.0,451.0,74203.73,1093793.0,8.0,14.0,1384.0,41
YT00193,Science creator video 193: trending ideas,Education,Science,Australia,Brand,2025-04-05,2025-04-19,344242.0,13094.0,974.0,221.0,49695.53,1968597.0,14.0,6.0,15129.0,41
YT00194,Technology creator video 194: trending ideas,Education,Technology,United States,Individual,2025-02-04,2025-02-14,346171.0,32334.0,1132.0,904.0,76211.5,362134.0,10.0,10.0,14404.0,44
YT00195,Walkthrough creator video 195: trending ideas,Gaming,Walkthrough,Canada,Media Company,2025-04-28,2025-04-29,169130.0,5550.0,512.0,293.0,46581.43,1258034.0,1.0,3.0,827.0,45
YT00196,Science creator video 196: trending ideas,Education,Science,Australia,Media Company,2025-05-21,2025-05-27,309492.0,15803.0,1552.0,901.0,42510.88,2327678.0,6.0,7.0,3975.0,41
YT00197,Esports creator video 197: trending ideas,Gaming,Esports,United States,Educational,2025-10-13,2025-10-18,867485.0,71516.0,10310.0,3279.0,108803.15,3702813.0,5.0,17.0,3387.0,41
YT00198,Pop creator video 198: trending ideas,Music,Pop,Canada,Individual,2025-02-15,2025-02-22,495018.0,39826.0,1873.0,1002.0,112398.61,3467673.0,7.0,17.0,2137.0,37
YT00199,Esports creator video 199: trending ideas,Gaming,Esports,India,Educational,2025-07-21,2025-08-04,324794.0,26078.0,3534.0,924.0,52387.82,1300582.0,14.0,6.0,8951.0,41
YT00200,Film & Animation creator video 200: trending ideas,Entertainment,Film & Animation,Canada,Media Company,2025-02-22,2025-02-26,502442.0,17963.0,2076.0,1459.0,56326.07,975275.0,4.0,3.0,12112.0,50
YT00201,Film & Animation creator video 201: trending ideas,Entertainment,Film & Animation,Canada,Media Company,2025-04-26,2025-04-29,634139.0,43838.0,2485.0,3052.0,55734.23,1535731.0,3.0,11.0,16344.0,50
YT00202,Comedy creator video 202: trending ideas,Entertainment,Comedy,India,Educational,2025-06-18,2025-06-22,399092.0,45660.0,7950.0,3004.0,111246.11,99606.0,4.0,3.0,13235.0,40
YT00203,Esports creator video 203: trending ideas,Gaming,Esports,United Kingdom,Educational,2025-10-13,2025-10-19,719474.0,59815.0,5398.0,1207.0,142304.7,3572504.0,6.0,14.0,7342.0,41
YT00204,Pop creator video 204: trending ideas,Music,Pop,United States,Educational,2025-01-08,2025-01-22,415770.0,47572.0,6509.0,1265.0,77130.86,1057217.0,14.0,5.0,11765.0,37
YT00205,Walkthrough creator video 205: trending ideas,Gaming,Walkthrough,India,Educational,2025-05-09,2025-05-10,842194.0,89525.0,14865.0,4952.0,105819.62,418204.0,1.0,17.0,10492.0,45
YT00206,Hip Hop creator video 206: trending ideas,Music,Hip Hop,United Kingdom,Media Company,2025-04-02,2025-04-06,338598.0,15784.0,1306.0,1391.0,78595.58,2126851.0,4.0,2.0,4677.0,41
YT00207,Technology creator video 207: trending ideas,Education,Technology,United Kingdom,Media Company,2025-05-05,2025-05-15,291092.0,15250.0,1315.0,671.0,57506.68,1635605.0,10.0,16.0,398.0,44
YT00208,Walkthrough creator video 208: trending ideas,Gaming,Walkthrough,United Kingdom,Brand,2025-03-16,2025-03-25,452929.0,42841.0,2340.0,2041.0,56423.94,3258655.0,9.0,12.0,8412.0,45
YT00209,Esports creator video 209: trending ideas,Gaming,Esports,Canada,Brand,2025-04-25,2025-05-09,423416.0,46464.0,5453.0,2715.0,69767.69,3241751.0,14.0,5.0,12809.0,41
YT00210,Pop creator video 210: trending ideas,Music,Pop,United Kingdom,Educational,2025-04-22,2025-04-30,489626.0,30456.0,4811.0,873.0,59344.23,668891.0,8.0,15.0,7881.0,37
YT00211,Hip Hop creator video 211: trending ideas,Music,Hip Hop,India,Educational,2025-09-18,2025-09-27,301073.0,25027.0,1670.0,746.0,16838.39,1114954.0,9.0,2.0,6330.0,41
YT00212,Comedy creator video 212: trending ideas,Entertainment,Comedy,India,Media Company,2025-06-14,2025-06-21,730832.0,48920.0,5398.0,2064.0,196005.94,698165.0,7.0,9.0,16769.0,40
YT00213,Science creator video 213: trending ideas,Education,Science,United Kingdom,Educational,2025-02-02,2025-02-14,387039.0,15493.0,1149.0,1342.0,89580.8,348449.0,12.0,13.0,13361.0,41
YT00214,Science creator video 214: trending ideas,Education,Science,Australia,Brand,2025-04-06,2025-04-09,238921.0,21355.0,2895.0,1161.0,42984.69,3196741.0,3.0,4.0,2303.0,41
YT00215,Hip Hop creator video 215: trending ideas,Music,Hip Hop,India,Media Company,2025-06-20,2025-07-04,486885.0,29711.0,1404.0,527.0,89874.06,418955.0,14.0,6.0,15422.0,41
YT00216,Comedy creator video 216: trending ideas,Entertainment,Comedy,Australia,Educational,2025-04-02,2025-04-13,374977.0,38461.0,3060.0,3152.0,58737.86,1327290.0,11.0,15.0,7536.0,40
YT00217,Film & Animation creator video 217: trending ideas,Entertainment,Film & Animation,United Kingdom,Media Company,2025-05-14,2025-05-25,431178.0,11047.0,505.0,497.0,64001.73,1579395.0,11.0,7.0,12552.0,50
YT00218,Pop creator video 218: trending ideas,Music,Pop,Canada,Educational,2025-05-03,2025-05-13,597605.0,32778.0,4351.0,2918.0,129589.03,3853496.0,10.0,2.0,4900.0,37
YT00219,Pop creator video 219: trending ideas,Music,Pop,United Kingdom,Individual,2025-01-01,2025-01-07,684625.0,64816.0,8102.0,1757.0,96515.21,876862.0,6.0,3.0,13733.0,37
YT00220,Science creator video 220: trending ideas,Education,Science,India,Individual,2025-05-21,2025-05-22,316527.0,9442.0,1552.0,694.0,69281.93,2838685.0,1.0,11.0,8055.0,41
YT00221,Technology creator video 221: trending ideas,Education,Technology,United Kingdom,Brand,2025-10-04,2025-10-18,462943.0,21471.0,2976.0,1677.0,46068.66,2312877.0,14.0,4.0,10257.0,44
YT00222,Science creator video 222: trending ideas,Education,Science,India,Media Company,2025-02-14,2025-02-26,508668.0,20335.0,803.0,1692.0,110302.61,3447362.0,12.0,8.0,17177.0,41
YT00223,Pop creator video 223: trending ideas,Music,Pop,United States,Brand,2025-08-09,2025-08-22,592941.0,48084.0,4899.0,3078.0,45775.45,2666743.0,13.0,8.0,7286.0,37
YT00224,Technology creator video 224: trending ideas,Education,Technology,Canada,Media Company,2025-03-30,2025-04-12,326270.0,36316.0,6387.0,1844.0,89747.7,2449999.0,13.0,2.0,11701.0,44
YT00225,Film & Animation creator video 225: trending ideas,Entertainment,Film & Animation,Canada,Educational,2025-04-17,2025-04-23,456014.0,51216.0,6009.0,4467.0,37467.64,3264252.0,6.0,18.0,2147.0,50
YT00226,Film & Animation creator video 226: trending ideas,Entertainment,Film & Animation,Australia,Brand,2025-08-24,2025-08-28,212342.0,17449.0,1684.0,988.0,41843.98,2396071.0,4.0,3.0,779.0,50
YT00227,Pop creator video 227: trending ideas,Music,Pop,India,Educational,2025-03-19,2025-03-31,339707.0,33761.0,4377.0,2516.0,42617.27,2954903.0,12.0,2.0,9440.0,37
YT00228,Technology creator video 228: trending ideas,Education,Technology,Canada,Brand,2025-06-17,2025-06-20,706730.0,22984.0,2872.0,615.0,184993.22,1013140.0,3.0,18.0,15243.0,44
YT00229,Hip Hop creator video 229: trending ideas,Music,Hip Hop,India,Brand,2025-06-18,2025-07-01,392674.0,29030.0,1195.0,2597.0,63917.22,923623.0,13.0,4.0,14631.0,41
YT00230,Science creator video 230: trending ideas,Education,Science,India,Individual,2025-08-12,2025-08-24,372497.0,23605.0,1840.0,1567.0,36018.96,486442.0,12.0,16.0,14832.0,41
YT00231,Film & Animation creator video 231: trending ideas,Entertainment,Film & Animation,Canada,Media Company,2025-04-18,2025-04-20,969657.0,29294.0,4043.0,1859.0,189742.94,1500383.0,2.0,8.0,15005.0,50
YT00232,Science creator video 232: trending ideas,Education,Science,India,Brand,2025-01-07,2025-01-12,129296.0,4600.0,546.0,187.0,26372.09,3456902.0,5.0,3.0,309.0,41
YT00233,Esports creator video 233: trending ideas,Gaming,Esports,United Kingdom,Individual,2025-09-02,2025-09-14,265470.0,22642.0,1065.0,1516.0,31808.82,1479828.0,12.0,5.0,7292.0,41
YT00234,Comedy creator video 234: trending ideas,Entertainment,Comedy,United Kingdom,Media Company,2025-07-31,2025-08-05,447434.0,13209.0,1611.0,489.0,99521.27,3237171.0,5.0,7.0,533.0,40
YT00235,Film & Animation creator video 235: trending ideas,Entertainment,Film & Animation,United Kingdom,Brand,2025-01-08,2025-01-18,535097.0,59866.0,5370.0,4177.0,131186.75,1472151.0,10.0,2.0,17654.0,50
YT00236,Esports creator video 236: trending ideas,Gaming,Esports,United States,Individual,2025-10-14,2025-10-23,546749.0,36091.0,4235.0,1128.0,101354.66,111804.0,9.0,18.0,12333.0,41
YT00237,Science creator video 237: trending ideas,Education,Science,Canada,Educational,2025-03-05,2025-03-13,224029.0,21895.0,3509.0,673.0,30706.84,167351.0,8.0,13.0,5926.0,41
YT00238,Technology creator video 238: trending ideas,Education,Technology,Canada,Brand,2025-03-31,2025-04-04,139124.0,14851.0,740.0,1315.0,22135.54,704334.0,4.0,10.0,1727.0,44
YT00239,Film & Animation creator video 239: trending ideas,Entertainment,Film & Animation,Australia,Individual,2025-08-31,2025-09-09,717135.0,40356.0,2836.0,1594.0,181390.44,3617682.0,9.0,15.0,15568.0,50
YT00240,Hip Hop creator video 240: trending ideas,Music,Hip Hop,United Kingdom,Educational,2025-02-20,2025-02-27,508648.0,41133.0,2815.0,3701.0,38266.29,2169941.0,7.0,2.0,5840.0,41
YT00241,Hip Hop creator video 241: trending ideas,Music,Hip Hop,India,Media Company,2025-01-25,2025-01-28,870974.0,57682.0,7114.0,1584.0,220617.05,1677864.0,3.0,12.0,11662.0,41
YT00242,Science creator video 242: trending ideas,Education,Science,United States,Media Company,2025-06-29,2025-07-05,672451.0,33993.0,4734.0,2631.0,129585.78,2463670.0,6.0,18.0,10986.0,41
YT00243,Pop creator video 243: trending ideas,Music,Pop,Australia,Individual,2025-04-14,2025-04-25,918737.0,66929.0,8893.0,4710.0,43692.31,3875325.0,11.0,14.0,15726.0,37
YT00244,Esports creator video 244: trending ideas,Gaming,Esports,United Kingdom,Individual,2025-09-03,2025-09-06,340102.0,40775.0,3825.0,1163.0,59114.73,1684697.0,3.0,13.0,8353.0,41
YT00245,Esports creator video 245: trending ideas,Gaming,Esports,United States,Brand,2025-08-12,2025-08-15,541878.0,35360.0,3138.0,2153.0,131838.36,3515469.0,3.0,17.0,12280.0,41
YT00246,Walkthrough creator video 246: trending ideas,Gaming,Walkthrough,India,Educational,2025-01-27,2025-01-30,875117.0,48277.0,5909.0,2657.0,172942.73,3026026.0,3.0,2.0,10341.0,45
YT00247,Technology creator video 247: trending ideas,Education,Technology,Canada,Individual,2025-03-26,2025-04-08,257767.0,15665.0,542.0,764.0,57698.25,900332.0,13.0,6.0,11409.0,44
YT00248,Pop creator video 248: trending ideas,Music,Pop,Australia,Media Company,2025-08-27,2025-08-31,860387.0,28329.0,3314.0,806.0,40948.08,3617077.0,4.0,14.0,2592.0,37
YT00249,Comedy creator video 249: trending ideas,Entertainment,Comedy,India,Educational,2025-10-25,2025-11-05,466393.0,13761.0,1452.0,874.0,94723.36,1276998.0,11.0,7.0,8638.0,40
YT00250,Walkthrough creator video 250: trending ideas,Gaming,Walkthrough,Australia,Brand,2025-09-13,2025-09-25,407799.0,23127.0,2821.0,537.0,78428.13,45115.0,12.0,18.0,9945.0,45
YT00251,Pop creator video 251: trending ideas,Music,Pop,India,Educational,2025-10-24,2025-10-28,521349.0,40133.0,4309.0,2320.0,132866.34,281768.0,4.0,15.0,12055.0,37
YT00252,Science creator video 252: trending ideas,Education,Science,India,Educational,2025-01-09,2025-01-17,229296.0,23941.0,4269.0,490.0,12279.52,2293006.0,8.0,9.0,2239.0,41
YT00253,Walkthrough creator video 253: trending ideas,Gaming,Walkthrough,Australia,Educational,2025-09-23,2025-09-26,727774.0,59421.0,4691.0,2175.0,90950.36,2423740.0,3.0,14.0,7997.0,45
YT00254,Walkthrough creator video 254: trending ideas,Gaming,Walkthrough,India,Individual,2025-07-19,2025-07-22,818460.0,94162.0,12645.0,6120.0,171195.41,1929792.0,3.0,14.0,12836.0,45
YT00255,Science creator video 255: trending ideas,Education,Science,Canada,Media Company,2025-08-07,2025-08-09,545809.0,55240.0,1901.0,4376.0,137679.66,283236.0,2.0,10.0,17130.0,41
YT00256,Comedy creator video 256: trending ideas,Entertainment,Comedy,India,Educational,2025-02-04,2025-02-17,540895.0,64586.0,8147.0,4893.0,81380.49,2464376.0,13.0,13.0,10497.0,40
YT00257,Esports creator video 257: trending ideas,Gaming,Esports,Canada,Individual,2025-08-19,2025-08-29,562610.0,67176.0,6336.0,2131.0,86126.93,3929921.0,10.0,15.0,12526.0,41
YT00258,Pop creator video 258: trending ideas,Music,Pop,Canada,Brand,2025-01-14,2025-01-21,516653.0,45120.0,5354.0,2153.0,85563.33,1999536.0,7.0,7.0,12923.0,37
YT00259,Technology creator video 259: trending ideas,Education,Technology,United Kingdom,Brand,2025-02-16,2025-02-28,437354.0,48287.0,5993.0,3278.0,115371.81,1935446.0,12.0,14.0,10425.0,44
YT00260,Walkthrough creator video 260: trending ideas,Gaming,Walkthrough,United States,Individual,2025-08-03,2025-08-14,367737.0,19224.0,1249.0,891.0,95298.33,723406.0,11.0,4.0,7705.0,45
YT00261,Esports creator video 261: trending ideas,Gaming,Esports,United States,Brand,2025-01-08,2025-01-10,393236.0,26618.0,3942.0,1165.0,61768.69,1764452.0,2.0,14.0,3423.0,41
YT00262,Pop creator video 262: trending ideas,Music,Pop,United Kingdom,Brand,2025-05-09,2025-05-16,345849.0,40679.0,2625.0,1607.0,34834.24,460110.0,7.0,5.0,9129.0,37
YT00263,Pop creator video 263: trending ideas,Music,Pop,United Kingdom,Brand,2025-02-15,2025-02-25,385358.0,15014.0,2472.0,827.0,91172.34,65528.0,10.0,12.0,5104.0,37
YT00264,Film & Animation creator video 264: trending ideas,Entertainment,Film & Animation,United Kingdom,Educational,2025-06-01,2025-06-09,334096.0,12934.0,623.0,1158.0,42375.91,1102313.0,8.0,4.0,9166.0,50
YT00265,Film & Animation creator video 265: trending ideas,Entertainment,Film & Animation,India,Educational,2025-08-21,2025-08-25,473555.0,21329.0,3209.0,670.0,131108.31,553149.0,4.0,14.0,5479.0,50
YT00266,Walkthrough creator video 266: trending ideas,Gaming,Walkthrough,Australia,Brand,2025-01-16,2025-01-29,267796.0,10793.0,1038.0,696.0,71230.2,596044.0,13.0,6.0,6469.0,45
YT00267,Pop creator video 267: trending ideas,Music,Pop,Canada,Media Company,2025-08-29,2025-09-04,885875.0,78705.0,11753.0,4454.0,140786.47,2502490.0,6.0,12.0,8945.0,37
YT00268,Walkthrough creator video 268: trending ideas,Gaming,Walkthrough,Canada,Individual,2025-06-10,2025-06-19,296672.0,15579.0,875.0,347.0,62238.95,3116822.0,9.0,10.0,5864.0,45
YT00269,Film & Animation creator video 269: trending ideas,Entertainment,Film & Animation,India,Brand,2025-01-04,2025-01-10,616724.0,16824.0,1717.0,517.0,41800.19,3504829.0,6.0,9.0,11547.0,50
YT00270,Hip Hop creator video 270: trending ideas,Music,Hip Hop,Canada,Media Company,2025-10-26,2025-10-31,1243048.0,41461.0,4569.0,3515.0,224528.69,2453686.0,5.0,13.0,17334.0,41
YT00271,Esports creator video 271: trending ideas,Gaming,Esports,India,Media Company,2025-04-04,2025-04-17,199472.0,5676.0,608.0,241.0,15672.44,3895214.0,13.0,7.0,1884.0,41
YT00272,Pop creator video 272: trending ideas,Music,Pop,United Kingdom,Media Company,2025-05-16,2025-05-20,762394.0,31430.0,2555.0,1781.0,190565.07,3963031.0,4.0,6.0,9653.0,37
YT00273,Pop creator video 273: trending ideas,Music,Pop,United Kingdom,Media Company,2025-01-05,2025-01-11,615276.0,40684.0,5318.0,1465.0,56955.48,2662982.0,6.0,3.0,5745.0,37
YT00274,Science creator video 274: trending ideas,Education,Science,United States,Brand,2025-07-30,2025-08-09,179923.0,10870.0,772.0,224.0,37000.85,457326.0,10.0,16.0,459.0,41
YT00275,Comedy creator video 275: trending ideas,Entertainment,Comedy,United States,Individual,2025-02-01,2025-02-09,371842.0,17174.0,604.0,931.0,68329.05,781941.0,8.0,13.0,4073.0,40
YT00276,Film & Animation creator video 276: trending ideas,Entertainment,Film & Animation,Canada,Individual,2025-10-13,2025-10-17,361690.0,11509.0,1300.0,894.0,95060.37,1679604.0,4.0,4.0,6113.0,50
YT00277,Comedy creator video 277: trending ideas,Entertainment,Comedy,Australia,Brand,2025-02-04,2025-02-15,656085.0,73128.0,9619.0,3668.0,144487.2,252436.0,11.0,13.0,17733.0,40
YT00278,Technology creator video 278: trending ideas,Education,Technology,India,Brand,2025-03-20,2025-03-30,434882.0,18117.0,1621.0,743.0,64153.08,2848087.0,10.0,16.0,8789.0,44
YT00279,Film & Animation creator video 279: trending ideas,Entertainment,Film & Animation,India,Educational,2025-01-20,2025-02-02,352703.0,11180.0,746.0,951.0,58032.78,2292437.0,13.0,5.0,8992.0,50
YT00280,Science creator video 280: trending ideas,Education,Science,Australia,Brand,2025-04-05,2025-04-18,165013.0,18737.0,1510.0,1413.0,16894.59,1337325.0,13.0,16.0,4621.0,41
YT00281,Walkthrough creator video 281: trending ideas,Gaming,Walkthrough,Canada,Educational,2025-04-08,2025-04-22,776775.0,82416.0,4461.0,6125.0,171021.4,1926887.0,14.0,7.0,14986.0,45
YT00282,Technology creator video 282: trending ideas,Education,Technology,Canada,Media Company,2025-09-19,2025-09-24,439063.0,28820.0,3447.0,2441.0,62292.4,1618980.0,5.0,13.0,8736.0,44
YT00283,Pop creator video 283: trending ideas,Music,Pop,Canada,Educational,2025-10-24,2025-11-06,489073.0,48074.0,7365.0,1942.0,40994.47,3504989.0,13.0,16.0,5906.0,37
YT00284,Hip Hop creator video 284: trending ideas,Music,Hip Hop,United States,Individual,2025-09-27,2025-09-29,1176357.0,104034.0,3509.0,4716.0,256490.97,2487163.0,2.0,16.0,12218.0,41
YT00285,Esports creator video 285: trending ideas,Gaming,Esports,Australia,Individual,2025-02-23,2025-03-07,490267.0,31814.0,5145.0,1908.0,93397.5,3490433.0,12.0,14.0,9039.0,41
YT00286,Film & Animation creator video 286: trending ideas,Entertainment,Film & Animation,United States,Educational,2025-04-12,2025-04-17,515912.0,34920.0,4558.0,980.0,122471.2,862337.0,5.0,18.0,7785.0,50
YT00287,Esports creator video 287: trending ideas,Gaming,Esports,Australia,Educational,2025-10-02,2025-10-14,590282.0,42172.0,3876.0,2365.0,27582.14,3231521.0,12.0,9.0,35.0,41
YT00288,Pop creator video 288: trending ideas,Music,Pop,India,Media Company,2025-08-31,2025-09-14,545703.0,53612.0,6362.0,2605.0,135338.4,3649208.0,14.0,3.0,3351.0,37
YT00289,Comedy creator video 289: trending ideas,Entertainment,Comedy,India,Educational,2025-03-31,2025-04-07,404923.0,32962.0,3945.0,646.0,57101.43,1343618.0,7.0,8.0,10356.0,40
YT00290,Comedy creator video 290: trending ideas,Entertainment,Comedy,United States,Brand,2025-03-27,2025-03-28,777720.0,80368.0,10269.0,6469.0,123295.36,2786085.0,1.0,2.0,8767.0,40
YT00291,Walkthrough creator video 291: trending ideas,Gaming,Walkthrough,Canada,Individual,2025-05-20,2025-06-03,655430.0,18413.0,1970.0,1095.0,45364.4,1016030.0,14.0,18.0,16606.0,45
YT00292,Comedy creator video 292: trending ideas,Entertainment,Comedy,India,Individual,2025-01-21,2025-01-26,445050.0,38357.0,6700.0,2884.0,96400.45,804037.0,5.0,17.0,2396.0,40
YT00293,Comedy creator video 293: trending ideas,Entertainment,Comedy,India,Educational,2025-03-02,2025-03-04,943072.0,89144.0,7990.0,3761.0,139469.81,1751248.0,2.0,13.0,13650.0,40
YT00294,Walkthrough creator video 294: trending ideas,Gaming,Walkthrough,Australia,Brand,2025-05-16,2025-05-26,698385.0,30864.0,5407.0,1725.0,134939.73,1878375.0,10.0,3.0,14828.0,45
YT00295,Science creator video 295: trending ideas,Education,Science,United States,Educational,2025-10-14,2025-10-15,295317.0,27808.0,2079.0,2500.0,65436.14,733380.0,1.0,14.0,421.0,41
YT00296,Film & Animation creator video 296: trending ideas,Entertainment,Film & Animation,Australia,Educational,2025-05-19,2025-05-25,483119.0,52968.0,6188.0,1396.0,45385.99,3000183.0,6.0,4.0,4219.0,50
YT00297,Comedy creator video 297: trending ideas,Entertainment,Comedy,United States,Individual,2025-04-22,2025-05-01,578307.0,22737.0,2061.0,1198.0,27080.92,3385465.0,9.0,16.0,4792.0,40
YT00298,Technology creator video 298: trending ideas,Education,Technology,United States,Media Company,2025-02-10,2025-02-12,511148.0,32974.0,4164.0,1019.0,138000.81,939475.0,2.0,13.0,12975.0,44
YT00299,Technology creator video 299: trending ideas,Education,Technology,Australia,Individual,2025-09-03,2025-09-04,590990.0,35703.0,1630.0,1036.0,68859.8,3797566.0,1.0,12.0,2551.0,44
YT00300,Esports creator video 300: trending ideas,Gaming,Esports,United States,Brand,2025-09-17,2025-09-19,605210.0,24341.0,1073.0,531.0,146611.98,461530.0,2.0,11.0,10735.0,41
YT00301,Pop creator video 301: trending ideas,Music,Pop,United Kingdom,Individual,2025-02-23,2025-03-01,488901.0,39972.0,4610.0,2908.0,42818.39,2591999.0,6.0,5.0,9300.0,37
YT00302,Hip Hop creator video 302: trending ideas,Music,Hip Hop,United States,Media Company,2025-01-24,2025-01-27,1250158.0,79104.0,6522.0,6902.0,115122.62,2564381.0,3.0,2.0,16394.0,41
YT00303,Hip Hop creator video 303: trending ideas,Music,Hip Hop,Canada,Media Company,2025-10-02,2025-10-14,360573.0,33030.0,3778.0,2586.0,54683.72,2925049.0,12.0,10.0,1892.0,41
YT00304,Science creator video 304: trending ideas,Education,Science,United States,Educational,2025-03-17,2025-03-22,395357.0,13786.0,478.0,1163.0,26471.19,1557281.0,5.0,12.0,7211.0,41
YT00305,Technology creator video 305: trending ideas,Education,Technology,Canada,Educational,2025-08-31,2025-09-06,282271.0,11278.0,1232.0,971.0,69785.01,509064.0,6.0,13.0,15908.0,44
YT00306,Pop creator video 306: trending ideas,Music,Pop,Canada,Individual,2025-08-10,2025-08-12,56227.0,1739.0,296.0,109.0,5052.03,120470.0,2.0,3.0,451.0,37
YT00307,Technology creator video 307: trending ideas,Education,Technology,United States,Individual,2025-09-13,2025-09-22,393685.0,24779.0,2049.0,1732.0,86691.42,1526666.0,9.0,3.0,16233.0,44
YT00308,Comedy creator video 308: trending ideas,Entertainment,Comedy,Canada,Brand,2025-03-19,2025-03-27,417505.0,38722.0,5943.0,2519.0,79624.54,3498688.0,8.0,13.0,5394.0,40
YT00309,Hip Hop creator video 309: trending ideas,Music,Hip Hop,United States,Educational,2025-03-31,2025-04-03,1152514.0,94094.0,12765.0,3638.0,318035.48,3804465.0,3.0,9.0,15660.0,41
YT00310,Hip Hop creator video 310: trending ideas,Music,Hip Hop,India,Educational,2025-05-14,2025-05-25,302369.0,18783.0,3208.0,1635.0,31649.77,1248209.0,11.0,3.0,6075.0,41
YT00311,Comedy creator video 311: trending ideas,Entertainment,Comedy,Australia,Brand,2025-01-17,2025-01-28,666578.0,61366.0,2729.0,1264.0,107519.7,3155015.0,11.0,3.0,10731.0,40
YT00312,Science creator video 312: trending ideas,Education,Science,United States,Educational,2025-08-01,2025-08-09,127616.0,5038.0,162.0,141.0,29725.1,541807.0,8.0,2.0,3306.0,41
YT00313,Hip Hop creator video 313: trending ideas,Music,Hip Hop,Australia,Brand,2025-08-09,2025-08-21,760354.0,81531.0,8932.0,5011.0,171060.27,3753860.0,12.0,17.0,13611.0,41
YT00314,Hip Hop creator video 314: trending ideas,Music,Hip Hop,United States,Educational,2025-01-12,2025-01-18,952516.0,44268.0,7609.0,2329.0,138862.13,3204935.0,6.0,10.0,9480.0,41
YT00315,Walkthrough creator video 315: trending ideas,Gaming,Walkthrough,United Kingdom,Media Company,2025-08-01,2025-08-14,764880.0,83717.0,9850.0,4155.0,135199.26,2596276.0,13.0,17.0,17876.0,45
YT00316,Esports creator video 316: trending ideas,Gaming,Esports,Australia,Media Company,2025-06-29,2025-07-01,65316.0,1907.0,251.0,78.0,15223.79,164186.0,2.0,3.0,284.0,41
YT00317,Science creator video 317: trending ideas,Education,Science,United Kingdom,Individual,2025-10-23,2025-11-01,291764.0,17806.0,1640.0,833.0,42632.42,240134.0,9.0,15.0,10927.0,41
YT00318,Pop creator video 318: trending ideas,Music,Pop,United States,Brand,2025-07-16,2025-07-18,728520.0,49647.0,1960.0,3352.0,118242.85,1347585.0,2.0,13.0,12475.0,37
YT00319,Pop creator video 319: trending ideas,Music,Pop,Canada,Educational,2025-06-12,2025-06-24,468055.0,22189.0,1642.0,1777.0,21054.03,1053091.0,12.0,3.0,11334.0,37
YT00320,Hip Hop creator video 320: trending ideas,Music,Hip Hop,Canada,Media Company,2025-01-24,2025-01-26,488100.0,32650.0,3572.0,2111.0,53023.62,158852.0,2.0,15.0,2338.0,41
YT00321,Hip Hop creator video 321: trending ideas,Music,Hip Hop,Australia,Brand,2025-09-21,2025-10-01,344430.0,33320.0,5514.0,1521.0,25159.42,1177619.0,10.0,16.0,234.0,41
YT00322,Esports creator video 322: trending ideas,Gaming,Esports,India,Educational,2025-07-11,2025-07-13,932634.0,72703.0,12293.0,6458.0,43305.16,1720319.0,2.0,16.0,12486.0,41
YT00323,Pop creator video 323: trending ideas,Music,Pop,India,Educational,2025-04-28,2025-05-01,473499.0,33228.0,5292.0,1846.0,77540.02,2621323.0,3.0,2.0,3544.0,37
YT00324,Esports creator video 324: trending ideas,Gaming,Esports,United Kingdom,Individual,2025-09-17,2025-09-22,797923.0,40377.0,3846.0,1799.0,81362.53,3074350.0,5.0,18.0,16936.0,41
YT00325,Film & Animation creator video 325: trending ideas,Entertainment,Film & Animation,Australia,Educational,2025-09-02,2025-09-16,236917.0,6717.0,226.0,131.0,34149.79,599408.0,14.0,4.0,2521.0,50
YT00326,Technology creator video 326: trending ideas,Education,Technology,Australia,Educational,2025-01-14,2025-01-16,160877.0,17796.0,1811.0,681.0,33132.29,1182180.0,2.0,8.0,840.0,44
YT00327,Technology creator video 327: trending ideas,Education,Technology,United Kingdom,Brand,2025-09-01,2025-09-09,489313.0,17712.0,2497.0,1265.0,56231.2,2203754.0,8.0,15.0,13678.0,44
YT00328,Technology creator video 328: trending ideas,Education,Technology,Canada,Individual,2025-07-02,2025-07-11,395291.0,13309.0,2138.0,990.0,80857.85,2634805.0,9.0,8.0,11867.0,44
YT00329,Technology creator video 329: trending ideas,Education,Technology,Australia,Media Company,2025-04-03,2025-04-16,331311.0,38798.0,3929.0,1401.0,35266.06,2492477.0,13.0,13.0,12752.0,44
YT00330,Technology creator video 330: trending ideas,Education,Technology,Canada,Educational,2025-09-28,2025-10-09,243994.0,9276.0,1546.0,385.0,57497.11,1579392.0,11.0,18.0,10109.0,44
YT00331,Pop creator video 331: trending ideas,Music,Pop,United States,Media Company,2025-01-20,2025-01-30,577740.0,60896.0,5106.0,5220.0,96537.67,623550.0,10.0,4.0,16290.0,37
YT00332,Science creator video 332: trending ideas,Education,Science,United Kingdom,Brand,2025-04-15,2025-04-16,286373.0,24510.0,1264.0,628.0,52463.08,3299899.0,1.0,4.0,1605.0,41
YT00333,Hip Hop creator video 333: trending ideas,Music,Hip Hop,United States,Educational,2025-10-05,2025-10-16,428656.0,37433.0,4573.0,1542.0,67516.62,3971264.0,11.0,12.0,6563.0,41
YT00334,Esports creator video 334: trending ideas,Gaming,Esports,Australia,Educational,2025-05-06,2025-05-09,198730.0,12205.0,620.0,421.0,8420.86,2493222.0,3.0,4.0,1693.0,41
YT00335,Technology creator video 335: trending ideas,Education,Technology,Australia,Brand,2025-07-12,2025-07-14,244351.0,29283.0,1272.0,1068.0,37163.37,1977039.0,2.0,6.0,571.0,44
YT00336,Technology creator video 336: trending ideas,Education,Technology,Australia,Educational,2025-07-03,2025-07-05,620875.0,66138.0,10272.0,1820.0,42425.0,2789328.0,2.0,12.0,9983.0,44
YT00337,Technology creator video 337: trending ideas,Education,Technology,Australia,Media Company,2025-05-10,2025-05-19,284036.0,16987.0,1608.0,640.0,45900.65,2807450.0,9.0,7.0,13140.0,44
YT00338,Comedy creator video 338: trending ideas,Entertainment,Comedy,United Kingdom,Media Company,2025-07-26,2025-08-04,186254.0,8272.0,699.0,195.0,23336.84,1569431.0,9.0,7.0,3481.0,40
YT00339,Technology creator video 339: trending ideas,Education,Technology,Canada,Individual,2025-01-07,2025-01-17,425136.0,29228.0,1290.0,1451.0,24457.41,3369311.0,10.0,17.0,11005.0,44
YT00340,Walkthrough creator video 340: trending ideas,Gaming,Walkthrough,Canada,Educational,2025-04-15,2025-04-19,978192.0,75408.0,3901.0,3038.0,143549.22,3356448.0,4.0,7.0,14498.0,45
YT00341,Comedy creator video 341: trending ideas,Entertainment,Comedy,Australia,Brand,2025-01-02,2025-01-09,267215.0,11263.0,1547.0,237.0,44172.06,83416.0,7.0,9.0,5608.0,40
YT00342,Film & Animation creator video 342: trending ideas,Entertainment,Film & Animation,Canada,Media Company,2025-07-08,2025-07-13,701013.0,47830.0,3314.0,2587.0,99321.59,435587.0,5.0,16.0,16945.0,50
YT00343,Science creator video 343: trending ideas,Education,Science,Australia,Individual,2025-01-25,2025-02-02,74142.0,7727.0,493.0,503.0,12912.0,1599159.0,8.0,3.0,2819.0,41
YT00344,Comedy creator video 344: trending ideas,Entertainment,Comedy,Canada,Educational,2025-02-19,2025-02-23,865490.0,31507.0,5232.0,2427.0,238017.54,3442611.0,4.0,6.0,11526.0,40
YT00345,Pop creator video 345: trending ideas,Music,Pop,India,Media Company,2025-05-15,2025-05-22,210317.0,14490.0,2338.0,630.0,42338.82,1755804.0,7.0,10.0,539.0,37
YT00346,Hip Hop creator video 346: trending ideas,Music,Hip Hop,United States,Brand,2025-01-26,2025-02-04,640892.0,70733.0,12412.0,5404.0,63504.03,922177.0,9.0,9.0,13690.0,41
YT00347,Film & Animation creator video 347: trending ideas,Entertainment,Film & Animation,United Kingdom,Media Company,2025-08-09,2025-08-19,358448.0,40669.0,3542.0,3422.0,73133.97,807947.0,10.0,15.0,3451.0,50
YT00348,Esports creator video 348: trending ideas,Gaming,Esports,Australia,Individual,2025-01-26,2025-02-01,551969.0,33435.0,2164.0,823.0,92756.3,2059555.0,6.0,18.0,9449.0,41
YT00349,Film & Animation creator video 349: trending ideas,Entertainment,Film & Animation,Australia,Individual,2025-10-06,2025-10-13,329501.0,32396.0,5604.0,729.0,22082.5,1502789.0,7.0,9.0,2543.0,50
YT00350,Film & Animation creator video 350: trending ideas,Entertainment,Film & Animation,Canada,Individual,2025-10-09,2025-10-10,768771.0,70130.0,5023.0,1352.0,158383.17,897219.0,1.0,16.0,16699.0,50
YT00351,Science creator video 351: trending ideas,Education,Science,United Kingdom,Media Company,2025-04-18,2025-04-20,711764.0,63008.0,2837.0,2674.0,143213.91,3719684.0,2.0,2.0,680.0,41
YT00352,Technology creator video 352: trending ideas,Education,Technology,Australia,Educational,2025-02-15,2025-02-26,141085.0,15609.0,1370.0,1109.0,37278.16,499403.0,11.0,8.0,2561.0,44
YT00353,Film & Animation creator video 353: trending ideas,Entertainment,Film & Animation,India,Media Company,2025-03-12,2025-03-14,187458.0,21505.0,2269.0,1525.0,19791.76,161635.0,2.0,9.0,1516.0,50
YT00354,Pop creator video 354: trending ideas,Music,Pop,Canada,Brand,2025-04-10,2025-04-16,510261.0,29999.0,4173.0,603.0,78095.52,3814475.0,6.0,3.0,15387.0,37
YT00355,Walkthrough creator video 355: trending ideas,Gaming,Walkthrough,United States,Brand,2025-01-05,2025-01-11,687372.0,69234.0,12057.0,3853.0,86785.58,3957310.0,6.0,7.0,14588.0,45
YT00356,Comedy creator video 356: trending ideas,Entertainment,Comedy,Canada,Individual,2025-10-16,2025-10-29,432632.0,17699.0,897.0,1463.0,60751.13,1166049.0,13.0,13.0,5441.0,40
YT00357,Science creator video 357: trending ideas,Education,Science,Canada,Media Company,2025-07-20,2025-07-29,403504.0,46970.0,2736.0,3623.0,27373.48,3391954.0,9.0,10.0,3604.0,41
YT00358,Technology creator video 358: trending ideas,Education,Technology,Canada,Media Company,2025-09-29,2025-10-07,223760.0,22189.0,1279.0,642.0,32827.37,342559.0,8.0,9.0,6836.0,44
YT00359,Hip Hop creator video 359: trending ideas,Music,Hip Hop,United Kingdom,Brand,2025-09-19,2025-10-03,425584.0,13047.0,1408.0,916.0,92676.91,897397.0,14.0,11.0,3529.0,41
YT00360,Science creator video 360: trending ideas,Education,Science,United States,Brand,2025-09-28,2025-10-12,292976.0,33454.0,5460.0,2844.0,58135.22,1569580.0,14.0,8.0,9845.0,41
YT00361,Technology creator video 361: trending ideas,Education,Technology,Australia,Brand,2025-06-28,2025-07-11,434939.0,12554.0,1629.0,628.0,103245.61,2906237.0,13.0,9.0,6133.0,44
YT00362,Comedy creator video 362: trending ideas,Entertainment,Comedy,India,Individual,2025-07-30,2025-08-13,402227.0,32987.0,5898.0,1549.0,16689.22,1993003.0,14.0,14.0,3608.0,40
YT00363,Comedy creator video 363: trending ideas,Entertainment,Comedy,United States,Media Company,2025-06-20,2025-06-29,575159.0,15547.0,690.0,595.0,48092.44,1669912.0,9.0,4.0,15680.0,40
YT00364,Walkthrough creator video 364: trending ideas,Gaming,Walkthrough,Canada,Brand,2025-07-29,2025-08-10,303985.0,21424.0,1296.0,1870.0,40411.36,621920.0,12.0,17.0,4299.0,45
YT00365,Pop creator video 365: trending ideas,Music,Pop,United Kingdom,Brand,2025-10-09,2025-10-10,1274708.0,143981.0,10885.0,4015.0,58459.03,1881440.0,1.0,16.0,12995.0,37
YT00366,Walkthrough creator video 366: trending ideas,Gaming,Walkthrough,Australia,Individual,2025-02-26,2025-03-08,378179.0,43407.0,5823.0,3877.0,88431.68,1844334.0,10.0,11.0,10117.0,45
YT00367,Film & Animation creator video 367: trending ideas,Entertainment,Film & Animation,India,Individual,2025-06-16,2025-06-22,426506.0,22561.0,1503.0,1272.0,103954.73,1968440.0,6.0,9.0,15748.0,50
YT00368,Esports creator video 368: trending ideas,Gaming,Esports,Australia,Media Company,2025-01-26,2025-01-28,639600.0,67953.0,6679.0,1526.0,48717.18,3461155.0,2.0,2.0,2430.0,41
YT00369,Pop creator video 369: trending ideas,Music,Pop,United States,Brand,2025-01-28,2025-01-30,1092123.0,27869.0,4459.0,2295.0,273529.93,3258762.0,2.0,7.0,6171.0,37
YT00370,Walkthrough creator video 370: trending ideas,Gaming,Walkthrough,Canada,Brand,2025-02-12,2025-02-21,369190.0,41468.0,3382.0,651.0,67725.39,2964291.0,9.0,18.0,4924.0,45
YT00371,Film & Animation creator video 371: trending ideas,Entertainment,Film & Animation,Canada,Individual,2025-03-24,2025-03-30,275337.0,23923.0,4066.0,1677.0,26445.97,165047.0,6.0,4.0,11560.0,50
YT00372,Science creator video 372: trending ideas,Education,Science,Canada,Educational,2025-09-14,2025-09-24,294823.0,33207.0,997.0,784.0,39344.76,455459.0,10.0,13.0,7213.0,41
YT00373,Film & Animation creator video 373: trending ideas,Entertainment,Film & Animation,Australia,Educational,2025-07-28,2025-07-30,370768.0,20795.0,2083.0,978.0,56176.07,2930888.0,2.0,6.0,11740.0,50
YT00374,Esports creator video 374: trending ideas,Gaming,Esports,United States,Educational,2025-08-27,2025-09-10,276330.0,28897.0,1675.0,2300.0,22230.02,1363728.0,14.0,15.0,3611.0,41
YT00375,Film & Animation creator video 375: trending ideas,Entertainment,Film & Animation,United Kingdom,Educational,2025-06-21,2025-06-22,621367.0,21964.0,2243.0,809.0,109551.88,3383106.0,1.0,6.0,1963.0,50
YT00376,Pop creator video 376: trending ideas,Music,Pop,Canada,Brand,2025-10-27,2025-11-07,770315.0,25118.0,2873.0,1511.0,178936.23,2971097.0,11.0,12.0,10920.0,37
YT00377,Walkthrough creator video 377: trending ideas,Gaming,Walkthrough,India,Brand,2025-02-09,2025-02-18,245069.0,22290.0,3885.0,1320.0,66561.79,476877.0,9.0,17.0,7336.0,45
YT00378,Walkthrough creator video 378: trending ideas,Gaming,Walkthrough,Australia,Individual,2025-07-09,2025-07-12,817640.0,77476.0,10037.0,4974.0,165845.19,3258433.0,3.0,11.0,2787.0,45
YT00379,Science creator video 379: trending ideas,Education,Science,United Kingdom,Brand,2025-09-12,2025-09-21,230487.0,26053.0,1902.0,1878.0,63064.57,2626717.0,9.0,8.0,1566.0,41
YT00380,Pop creator video 380: trending ideas,Music,Pop,United Kingdom,Individual,2025-10-26,2025-11-04,625397.0,16953.0,648.0,293.0,134669.45,874591.0,9.0,2.0,17761.0,37
YT00381,Hip Hop creator video 381: trending ideas,Music,Hip Hop,Canada,Brand,2025-02-07,2025-02-19,875920.0,75677.0,5361.0,6104.0,152138.39,2062469.0,12.0,11.0,15235.0,41
YT00382,Science creator video 382: trending ideas,Education,Science,United States,Educational,2025-10-27,2025-11-02,97963.0,5887.0,211.0,102.0,15242.45,3125531.0,6.0,3.0,1372.0,41
YT00383,Film & Animation creator video 383: trending ideas,Entertainment,Film & Animation,India,Media Company,2025-06-29,2025-07-07,183577.0,16200.0,1263.0,1173.0,27349.47,2889501.0,8.0,3.0,3184.0,50
YT00384,Science creator video 384: trending ideas,Education,Science,United States,Brand,2025-06-01,2025-06-02,663834.0,19476.0,2708.0,649.0,143012.04,1593231.0,1.0,3.0,15489.0,41
YT00385,Technology creator video 385: trending ideas,Education,Technology,United States,Brand,2025-09-06,2025-09-19,413802.0,46774.0,2783.0,1712.0,66204.16,2439942.0,13.0,16.0,12857.0,44
YT00386,Esports creator video 386: trending ideas,Gaming,Esports,Canada,Educational,2025-10-16,2025-10-18,768185.0,85299.0,12289.0,7153.0,182604.77,2658928.0,2.0,5.0,10689.0,41
YT00387,Pop creator video 387: trending ideas,Music,Pop,Australia,Brand,2025-05-25,2025-06-02,557855.0,47446.0,4049.0,2264.0,141576.86,1018725.0,8.0,4.0,10290.0,37
YT00388,Hip Hop creator video 388: trending ideas,Music,Hip Hop,India,Individual,2025-03-07,2025-03-17,636060.0,56788.0,9175.0,1319.0,144130.47,582585.0,10.0,12.0,16945.0,41
YT00389,Comedy creator video 389: trending ideas,Entertainment,Comedy,United States,Educational,2025-07-22,2025-07-31,321552.0,14552.0,1443.0,291.0,69070.31,3134317.0,9.0,12.0,4069.0,40
YT00390,Technology creator video 390: trending ideas,Education,Technology,India,Brand,2025-06-29,2025-07-02,600165.0,28394.0,3608.0,2125.0,117953.35,1537857.0,3.0,13.0,15819.0,44
YT00391,Pop creator video 391: trending ideas,Music,Pop,Canada,Brand,2025-06-11,2025-06-18,465262.0,19740.0,978.0,1562.0,54225.25,1500434.0,7.0,14.0,3368.0,37
YT00392,Film & Animation creator video 392: trending ideas,Entertainment,Film & Animation,Australia,Brand,2025-06-13,2025-06-17,485802.0,22309.0,2638.0,1070.0,128662.98,2276655.0,4.0,6.0,11651.0,50
YT00393,Science creator video 393: trending ideas,Education,Science,Canada,Individual,2025-07-15,2025-07-24,466656.0,25157.0,850.0,1563.0,94486.98,2924084.0,9.0,7.0,7858.0,41
YT00394,Comedy creator video 394: trending ideas,Entertainment,Comedy,United States,Individual,2025-03-29,2025-04-12,395842.0,24853.0,2176.0,1446.0,81325.68,2434106.0,14.0,9.0,8233.0,40
YT00395,Comedy creator video 395: trending ideas,Entertainment,Comedy,Australia,Brand,2025-08-26,2025-09-05,745731.0,25732.0,4215.0,1169.0,205613.21,3567075.0,10.0,17.0,6785.0,40
YT00396,Esports creator video 396: trending ideas,Gaming,Esports,United Kingdom,Brand,2025-08-11,2025-08-15,267935.0,12994.0,1685.0,317.0,38452.01,107384.0,4.0,6.0,8347.0,41
YT00397,Science creator video 397: trending ideas,Education,Science,United States,Media Company,2025-03-05,2025-03-10,314084.0,22757.0,1183.0,949.0,74805.8,206564.0,5.0,12.0,10127.0,41
YT00398,Film & Animation creator video 398: trending ideas,Entertainment,Film & Animation,United Kingdom,Educational,2025-07-10,2025-07-16,234978.0,26003.0,3607.0,638.0,10088.43,306967.0,6.0,12.0,2710.0,50
YT00399,Walkthrough creator video 399: trending ideas,Gaming,Walkthrough,Australia,Educational,2025-07-03,2025-07-06,188394.0,13517.0,1228.0,349.0,20075.46,25754.0,3.0,7.0,2064.0,45
YT00400,Science creator video 400: trending ideas,Education,Science,United States,Individual,2025-02-06,2025-02-07,814639.0,36930.0,3413.0,3301.0,165213.93,3251932.0,1.0,16.0,9227.0,41
YT00401,Walkthrough creator video 401: trending ideas,Gaming,Walkthrough,Canada,Media Company,2025-07-24,2025-08-05,675619.0,64667.0,5930.0,1508.0,148076.17,1912632.0,12.0,6.0,14355.0,45
YT00402,Science creator video 402: trending ideas,Education,Science,United States,Individual,2025-03-07,2025-03-18,411616.0,31366.0,4706.0,1755.0,17404.53,2101565.0,11.0,2.0,16592.0,41
YT00403,Walkthrough creator video 403: trending ideas,Gaming,Walkthrough,Australia,Brand,2025-07-21,2025-07-23,276099.0,11293.0,742.0,533.0,24366.99,411226.0,2.0,14.0,1082.0,45
YT00404,Hip Hop creator video 404: trending ideas,Music,Hip Hop,Australia,Media Company,2025-05-20,2025-05-30,544486.0,41683.0,3225.0,3152.0,26237.39,588511.0,10.0,16.0,4088.0,41
YT00405,Walkthrough creator video 405: trending ideas,Gaming,Walkthrough,United States,Educational,2025-05-05,2025-05-17,853007.0,86763.0,3197.0,4857.0,102622.95,2441917.0,12.0,9.0,17835.0,45
YT00406,Hip Hop creator video 406: trending ideas,Music,Hip Hop,United States,Educational,2025-09-21,2025-09-28,689728.0,52910.0,4891.0,2565.0,54597.93,3976097.0,7.0,2.0,17840.0,41
YT00407,Technology creator video 407: trending ideas,Education,Technology,United Kingdom,Educational,2025-04-28,2025-05-09,321172.0,28699.0,4410.0,2483.0,73325.59,1967359.0,11.0,5.0,14416.0,44
YT00408,Science creator video 408: trending ideas,Education,Science,India,Educational,2025-01-29,2025-02-09,212371.0,20224.0,1987.0,792.0,39935.24,2609413.0,11.0,6.0,5028.0,41
YT00409,Pop creator video 409: trending ideas,Music,Pop,Australia,Educational,2025-04-04,2025-04-06,1378539.0,131596.0,23270.0,7662.0,232144.08,2566365.0,2.0,13.0,5304.0,37
YT00410,Walkthrough creator video 410: trending ideas,Gaming,Walkthrough,Canada,Educational,2025-04-03,2025-04-08,414565.0,27659.0,3930.0,2008.0,65535.8,1385802.0,5.0,9.0,9498.0,45
YT00411,Technology creator video 411: trending ideas,Education,Technology,India,Educational,2025-03-31,2025-04-11,673267.0,48758.0,2013.0,2674.0,113813.01,3650687.0,11.0,13.0,17753.0,44
YT00412,Hip Hop creator video 412: trending ideas,Music,Hip Hop,Australia,Media Company,2025-01-15,2025-01-17,764856.0,19957.0,971.0,1166.0,36707.11,1591833.0,2.0,13.0,7741.0,41
YT00413,Hip Hop creator video 413: trending ideas,Music,Hip Hop,United States,Educational,2025-07-24,2025-08-05,869077.0,34186.0,4538.0,2813.0,164472.63,2665597.0,12.0,7.0,9048.0,41
YT00414,Technology creator video 414: trending ideas,Education,Technology,United States,Educational,2025-02-06,2025-02-15,651468.0,58810.0,9829.0,2661.0,178091.29,2809956.0,9.0,16.0,15528.0,44
YT00415,Comedy creator video 415: trending ideas,Entertainment,Comedy,Australia,Media Company,2025-04-10,2025-04-14,864390.0,40377.0,1885.0,1341.0,106317.15,1326924.0,4.0,7.0,16607.0,40
YT00416,Science creator video 416: trending ideas,Education,Science,Canada,Media Company,2025-09-03,2025-09-04,247341.0,6740.0,516.0,535.0,11247.77,336112.0,1.0,10.0,4683.0,41
YT00417,Pop creator video 417: trending ideas,Music,Pop,Australia,Media Company,2025-09-09,2025-09-22,309971.0,15194.0,1560.0,668.0,24001.5,178712.0,13.0,13.0,6025.0,37
YT00418,Comedy creator video 418: trending ideas,Entertainment,Comedy,Canada,Brand,2025-03-25,2025-04-08,546929.0,35302.0,4071.0,1945.0,108874.07,2093999.0,14.0,10.0,4796.0,40
YT00419,Esports creator video 419: trending ideas,Gaming,Esports,United Kingdom,Media Company,2025-01-29,2025-02-06,681887.0,57765.0,5350.0,4681.0,87270.45,78222.0,8.0,15.0,14182.0,41
YT00420,Science creator video 420: trending ideas,Education,Science,Canada,Educational,2025-04-05,2025-04-14,180333.0,12090.0,1403.0,1033.0,48891.7,3045882.0,9.0,6.0,9866.0,41
YT00421,Esports creator video 421: trending ideas,Gaming,Esports,India,Educational,2025-10-22,2025-10-24,472720.0,16738.0,834.0,517.0,124283.54,2738912.0,2.0,2.0,8718.0,41
YT00422,Technology creator video 422: trending ideas,Education,Technology,United States,Media Company,2025-02-24,2025-03-07,298814.0,22213.0,2342.0,676.0,77170.4,1554127.0,11.0,4.0,17306.0,44
YT00423,Hip Hop creator video 423: trending ideas,Music,Hip Hop,Australia,Media Company,2025-01-14,2025-01-26,498321.0,29104.0,1408.0,1834.0,57515.93,3689979.0,12.0,11.0,6953.0,41
YT00424,Esports creator video 424: trending ideas,Gaming,Esports,Canada,Individual,2025-03-30,2025-04-06,687456.0,53650.0,4775.0,3477.0,107651.92,1247531.0,7.0,13.0,17495.0,41
YT00425,Technology creator video 425: trending ideas,Education,Technology,United States,Individual,2025-08-16,2025-08-20,284394.0,11502.0,1244.0,221.0,57481.24,1417541.0,4.0,7.0,11544.0,44
YT00426,Technology creator video 426: trending ideas,Education,Technology,United Kingdom,Individual,2025-10-15,2025-10-29,525901.0,29872.0,4011.0,2509.0,34439.64,1568692.0,14.0,2.0,16431.0,44
YT00427,Walkthrough creator video 427: trending ideas,Gaming,Walkthrough,United Kingdom,Educational,2025-10-09,2025-10-13,652296.0,67648.0,4613.0,1205.0,142571.82,3795731.0,4.0,16.0,13215.0,45
YT00428,Hip Hop creator video 428: trending ideas,Music,Hip Hop,Canada,Brand,2025-09-12,2025-09-15,965146.0,32620.0,4811.0,1762.0,164262.39,3175730.0,3.0,16.0,13173.0,41
YT00429,Technology creator video 429: trending ideas,Education,Technology,India,Individual,2025-07-12,2025-07-15,790524.0,73449.0,12892.0,2663.0,143958.21,3280133.0,3.0,18.0,9354.0,44
YT00430,Hip Hop creator video 430: trending ideas,Music,Hip Hop,Australia,Individual,2025-05-16,2025-05-17,985573.0,85989.0,12253.0,7702.0,178941.51,1333266.0,1.0,18.0,11418.0,41
YT00431,Technology creator video 431: trending ideas,Education,Technology,United States,Brand,2025-02-21,2025-03-04,182731.0,19250.0,2953.0,1687.0,47356.52,1110443.0,11.0,5.0,5624.0,44
YT00432,Comedy creator video 432: trending ideas,Entertainment,Comedy,India,Brand,2025-05-29,2025-06-02,966941.0,109302.0,8093.0,5182.0,95615.01,3245677.0,4.0,14.0,17345.0,40
YT00433,Film & Animation creator video 433: trending ideas,Entertainment,Film & Animation,United Kingdom,Educational,2025-06-25,2025-06-28,810906.0,92268.0,5046.0,7902.0,147834.33,568683.0,3.0,8.0,17206.0,50
YT00434,Technology creator video 434: trending ideas,Education,Technology,India,Educational,2025-06-22,2025-06-27,443823.0,30541.0,4096.0,1197.0,120113.05,2384628.0,5.0,18.0,960.0,44
YT00435,Comedy creator video 435: trending ideas,Entertainment,Comedy,United States,Educational,2025-02-03,2025-02-10,382119.0,31507.0,1078.0,2663.0,98811.04,515569.0,7.0,15.0,5944.0,40
YT00436,Esports creator video 436: trending ideas,Gaming,Esports,United States,Educational,2025-10-09,2025-10-12,277777.0,13556.0,747.0,642.0,68623.9,400420.0,3.0,5.0,3762.0,41
YT00437,Hip Hop creator video 437: trending ideas,Music,Hip Hop,United States,Educational,2025-05-04,2025-05-15,190470.0,17268.0,724.0,1265.0,44437.17,1118463.0,11.0,5.0,1023.0,41
YT00438,Hip Hop creator video 438: trending ideas,Music,Hip Hop,United States,Brand,2025-03-23,2025-03-27,638803.0,68981.0,6043.0,1438.0,82304.17,1568687.0,4.0,2.0,10031.0,41
YT00439,Science creator video 439: trending ideas,Education,Science,Australia,Brand,2025-04-28,2025-05-06,321914.0,37604.0,1301.0,3088.0,74955.95,819430.0,8.0,3.0,17839.0,41
YT00440,Esports creator video 440: trending ideas,Gaming,Esports,United Kingdom,Individual,2025-04-07,2025-04-10,878398.0,100618.0,6145.0,8578.0,175962.14,3611725.0,3.0,2.0,12583.0,41
YT00441,Esports creator video 441: trending ideas,Gaming,Esports,United Kingdom,Individual,2025-06-29,2025-07-11,266792.0,22816.0,2272.0,1878.0,73380.86,279110.0,12.0,11.0,6756.0,41
YT00442,Hip Hop creator video 442: trending ideas,Music,Hip Hop,Canada,Individual,2025-02-07,2025-02-11,452844.0,33197.0,1934.0,1982.0,55681.19,1467983.0,4.0,15.0,5463.0,41
YT00443,Esports creator video 443: trending ideas,Gaming,Esports,Australia,Individual,2025-09-29,2025-10-08,323570.0,24366.0,2943.0,523.0,69246.45,955864.0,9.0,11.0,6463.0,41
YT00444,Hip Hop creator video 444: trending ideas,Music,Hip Hop,Australia,Media Company,2025-02-20,2025-02-24,859551.0,92568.0,10541.0,4145.0,131640.94,992545.0,4.0,16.0,17355.0,41
YT00445,Esports creator video 445: trending ideas,Gaming,Esports,United Kingdom,Individual,2025-03-04,2025-03-14,570942.0,52558.0,7689.0,1456.0,145038.81,2094032.0,10.0,18.0,9261.0,41
YT00446,Comedy creator video 446: trending ideas,Entertainment,Comedy,United States,Media Company,2025-02-08,2025-02-16,870455.0,45387.0,3724.0,710.0,196395.08,3372631.0,8.0,17.0,564.0,40
YT00447,Technology creator video 447: trending ideas,Education,Technology,India,Individual,2025-10-04,2025-10-13,228924.0,12618.0,1468.0,275.0,38904.84,3085995.0,9.0,6.0,7691.0,44
YT00448,Hip Hop creator video 448: trending ideas,Music,Hip Hop,Canada,Media Company,2025-09-28,2025-10-12,640143.0,70305.0,3356.0,3813.0,132027.45,3741873.0,14.0,3.0,5447.0,41
YT00449,Comedy creator video 449: trending ideas,Entertainment,Comedy,Canada,Educational,2025-09-20,2025-09-29,523439.0,38493.0,6702.0,2304.0,53799.36,1775917.0,9.0,6.0,5199.0,40
YT00450,Pop creator video 450: trending ideas,Music,Pop,United States,Educational,2025-02-08,2025-02-18,640416.0,69703.0,6020.0,3911.0,96432.4,3026348.0,10.0,10.0,2573.0,37
YT00451,Hip Hop creator video 451: trending ideas,Music,Hip Hop,Australia,Media Company,2025-08-31,2025-09-12,201242.0,17444.0,654.0,327.0,53512.5,1396872.0,12.0,10.0,70.0,41
YT00452,Walkthrough creator video 452: trending ideas,Gaming,Walkthrough,Australia,Brand,2025-04-13,2025-04-27,473092.0,53462.0,3728.0,1409.0,33785.04,3480270.0,14.0,14.0,7057.0,45
YT00453,Comedy creator video 453: trending ideas,Entertainment,Comedy,United Kingdom,Media Company,2025-06-23,2025-07-02,665357.0,42708.0,3253.0,3303.0,70568.09,2265379.0,9.0,15.0,8200.0,40
YT00454,Walkthrough creator video 454: trending ideas,Gaming,Walkthrough,Canada,Brand,2025-04-02,2025-04-08,521553.0,19961.0,3289.0,683.0,54565.76,2113340.0,6.0,5.0,8569.0,45
YT00455,Esports creator video 455: trending ideas,Gaming,Esports,United Kingdom,Educational,2025-06-11,2025-06-15,569816.0,65691.0,7649.0,1635.0,26283.86,3454155.0,4.0,18.0,3249.0,41
YT00456,Comedy creator video 456: trending ideas,Entertainment,Comedy,United States,Brand,2025-09-17,2025-09-23,395411.0,10149.0,1407.0,336.0,76631.25,1545580.0,6.0,12.0,5843.0,40
YT00457,Walkthrough creator video 457: trending ideas,Gaming,Walkthrough,United Kingdom,Media Company,2025-09-17,2025-09-18,588563.0,60261.0,6183.0,1865.0,143036.77,1922680.0,1.0,12.0,7640.0,45
YT00458,Hip Hop creator video 458: trending ideas,Music,Hip Hop,United Kingdom,Brand,2025-06-14,2025-06-28,685722.0,24269.0,4281.0,1194.0,157644.78,3912702.0,14.0,9.0,3671.0,41
YT00459,Hip Hop creator video 459: trending ideas,Music,Hip Hop,Australia,Media Company,2025-08-21,2025-08-22,1334465.0,61343.0,6860.0,3761.0,270359.67,3210320.0,1.0,10.0,215.0,41
YT00460,Esports creator video 460: trending ideas,Gaming,Esports,United States,Media Company,2025-09-07,2025-09-13,214156.0,7838.0,445.0,204.0,17236.91,179686.0,6.0,14.0,2823.0,41
YT00461,Hip Hop creator video 461: trending ideas,Music,Hip Hop,India,Media Company,2025-06-26,2025-06-28,442867.0,16521.0,2894.0,610.0,37014.55,101688.0,2.0,7.0,8483.0,41
YT00462,Science creator video 462: trending ideas,Education,Science,India,Individual,2025-09-08,2025-09-11,716291.0,40114.0,3828.0,1112.0,65242.27,990350.0,3.0,15.0,17899.0,41
YT00463,Hip Hop creator video 463: trending ideas,Music,Hip Hop,Australia,Media Company,2025-07-18,2025-08-01,484705.0,45305.0,1493.0,3042.0,83005.26,3759964.0,14.0,10.0,7818.0,41
YT00464,Pop creator video 464: trending ideas,Music,Pop,United States,Media Company,2025-10-04,2025-10-11,544178.0,56934.0,7107.0,1307.0,97367.37,3703230.0,7.0,7.0,14084.0,37
YT00465,Walkthrough creator video 465: trending ideas,Gaming,Walkthrough,Australia,Brand,2025-10-17,2025-10-19,759570.0,62105.0,10003.0,1253.0,119985.34,3993966.0,2.0,9.0,9120.0,45
YT00466,Esports creator video 466: trending ideas,Gaming,Esports,United States,Educational,2025-02-14,2025-02-23,208056.0,9170.0,280.0,162.0,18331.64,232874.0,9.0,13.0,2653.0,41
YT00467,Science creator video 467: trending ideas,Education,Science,Canada,Brand,2025-07-27,2025-08-09,214906.0,12635.0,707.0,747.0,58785.97,71937.0,13.0,6.0,7880.0,41
YT00468,Pop creator video 468: trending ideas,Music,Pop,United Kingdom,Media Company,2025-04-30,2025-05-11,527713.0,24395.0,3702.0,1731.0,115976.55,2294712.0,11.0,9.0,3614.0,37
YT00469,Esports creator video 469: trending ideas,Gaming,Esports,Canada,Brand,2025-06-09,2025-06-13,912832.0,56762.0,5247.0,2097.0,63043.32,3618385.0,4.0,18.0,15849.0,41
YT00470,Esports creator video 470: trending ideas,Gaming,Esports,Australia,Brand,2025-10-09,2025-10-15,730127.0,51786.0,4794.0,4155.0,200170.65,2913747.0,6.0,13.0,2852.0,41
YT00471,Esports creator video 471: trending ideas,Gaming,Esports,Canada,Educational,2025-07-17,2025-07-29,375643.0,12938.0,1408.0,1006.0,80118.21,2855669.0,12.0,13.0,3201.0,41
YT00472,Film & Animation creator video 472: trending ideas,Entertainment,Film & Animation,United Kingdom,Brand,2025-09-23,2025-09-27,208450.0,19340.0,2897.0,1735.0,49619.09,1367339.0,4.0,4.0,871.0,50
YT00473,Hip Hop creator video 473: trending ideas,Music,Hip Hop,Australia,Media Company,2025-08-27,2025-09-02,351233.0,27096.0,3422.0,1328.0,31003.46,1030524.0,6.0,14.0,4925.0,41
YT00474,Science creator video 474: trending ideas,Education,Science,Australia,Brand,2025-07-28,2025-08-11,474523.0,40998.0,2445.0,2977.0,69577.95,1828570.0,14.0,11.0,17709.0,41
YT00475,Comedy creator video 475: trending ideas,Entertainment,Comedy,United States,Brand,2025-05-21,2025-05-27,544328.0,30845.0,2844.0,2547.0,86918.32,2152244.0,6.0,9.0,11536.0,40
YT00476,Walkthrough creator video 476: trending ideas,Gaming,Walkthrough,United States,Brand,2025-04-13,2025-04-21,622170.0,61980.0,5622.0,4559.0,33395.91,2272490.0,8.0,13.0,10337.0,45
YT00477,Comedy creator video 477: trending ideas,Entertainment,Comedy,India,Individual,2025-09-24,2025-10-06,576002.0,28604.0,3130.0,2281.0,144678.24,3444801.0,12.0,17.0,12461.0,40
YT00478,Hip Hop creator video 478: trending ideas,Music,Hip Hop,Canada,Brand,2025-04-25,2025-05-05,810270.0,47180.0,4843.0,1015.0,69872.41,1028989.0,10.0,4.0,17784.0,41
YT00479,Esports creator video 479: trending ideas,Gaming,Esports,Canada,Individual,2025-02-18,2025-02-24,437244.0,19701.0,1804.0,868.0,76796.85,1235706.0,6.0,3.0,10333.0,41
YT00480,Pop creator video 480: trending ideas,Music,Pop,India,Educational,2025-04-08,2025-04-17,556104.0,36979.0,5136.0,977.0,36024.48,3542188.0,9.0,5.0,10873.0,37
YT00481,Hip Hop creator video 481: trending ideas,Music,Hip Hop,United States,Media Company,2025-05-24,2025-05-29,220870.0,19919.0,2244.0,1791.0,43734.71,509809.0,5.0,7.0,1175.0,41
YT00482,Comedy creator video 482: trending ideas,Entertainment,Comedy,Canada,Media Company,2025-04-08,2025-04-17,290468.0,8255.0,813.0,422.0,70287.14,1632934.0,9.0,17.0,1123.0,40
YT00483,Science creator video 483: trending ideas,Education,Science,Canada,Individual,2025-09-29,2025-10-05,633528.0,63824.0,3431.0,2106.0,51639.28,2863795.0,6.0,3.0,15990.0,41
YT00484,Film & Animation creator video 484: trending ideas,Entertainment,Film & Animation,Australia,Media Company,2025-10-07,2025-10-11,1134172.0,94272.0,4787.0,7557.0,316578.83,3317967.0,4.0,13.0,17837.0,50
YT00485,Comedy creator video 485: trending ideas,Entertainment,Comedy,United States,Educational,2025-01-31,2025-02-06,159975.0,14830.0,2151.0,1204.0,43765.0,544891.0,6.0,10.0,1399.0,40
YT00486,Comedy creator video 486: trending ideas,Entertainment,Comedy,Canada,Individual,2025-03-30,2025-04-02,484138.0,28440.0,4312.0,2298.0,40790.03,76943.0,3.0,17.0,5502.0,40
YT00487,Technology creator video 487: trending ideas,Education,Technology,India,Individual,2025-03-20,2025-03-31,116734.0,5924.0,492.0,489.0,21919.22,917469.0,11.0,12.0,1780.0,44
YT00488,Hip Hop creator video 488: trending ideas,Music,Hip Hop,United States,Media Company,2025-07-25,2025-07-29,313990.0,16604.0,2531.0,873.0,40470.25,2306797.0,4.0,5.0,1753.0,41
YT00489,Walkthrough creator video 489: trending ideas,Gaming,Walkthrough,Canada,Media Company,2025-04-20,2025-04-25,498889.0,13036.0,1309.0,527.0,63385.88,552100.0,5.0,4.0,10724.0,45
YT00490,Pop creator video 490: trending ideas,Music,Pop,United States,Brand,2025-06-13,2025-06-27,611345.0,63528.0,5543.0,5028.0,122942.86,2116450.0,14.0,18.0,3073.0,37
YT00491,Pop creator video 491: trending ideas,Music,Pop,United States,Brand,2025-03-08,2025-03-22,292509.0,29342.0,3536.0,573.0,53990.68,1616513.0,14.0,15.0,2058.0,37
YT00492,Science creator video 492: trending ideas,Education,Science,India,Individual,2025-01-22,2025-02-01,445771.0,40956.0,2791.0,2337.0,49440.38,198140.0,10.0,13.0,17487.0,41
YT00493,Film & Animation creator video 493: trending ideas,Entertainment,Film & Animation,Canada,Individual,2025-04-12,2025-04-15,994942.0,74160.0,8582.0,1506.0,271094.97,2873838.0,3.0,15.0,6976.0,50
YT00494,Walkthrough creator video 494: trending ideas,Gaming,Walkthrough,United Kingdom,Educational,2025-07-08,2025-07-19,322611.0,13813.0,2156.0,1229.0,25964.46,1642387.0,11.0,7.0,8601.0,45
YT00495,Hip Hop creator video 495: trending ideas,Music,Hip Hop,Australia,Educational,2025-05-31,2025-06-14,608486.0,54944.0,7364.0,3093.0,92367.72,3866034.0,14.0,4.0,289.0,41
YT00496,Science creator video 496: trending ideas,Education,Science,India,Individual,2025-03-21,2025-03-30,451330.0,23271.0,2524.0,1192.0,35300.36,2879445.0,9.0,3.0,13067.0,41
YT00497,Film & Animation creator video 497: trending ideas,Entertainment,Film & Animation,United Kingdom,Media Company,2025-04-30,2025-05-10,1195355.0,37050.0,2642.0,2192.0,301953.59,3752074.0,10.0,18.0,16894.0,50
YT00498,Film & Animation creator video 498: trending ideas,Entertainment,Film & Animation,Australia,Brand,2025-05-24,2025-06-06,688904.0,57858.0,3201.0,3984.0,33429.91,1345313.0,13.0,5.0,16378.0,50
YT00499,Film & Animation creator video 499: trending ideas,Entertainment,Film & Animation,United States,Brand,2025-08-25,2025-09-08,397744.0,32212.0,3973.0,2781.0,44867.76,3456885.0,14.0,5.0,990.0,50
YT00500,Esports creator video 500: trending ideas,Gaming,Esports,India,Brand,2025-06-22,2025-06-26,667556.0,36663.0,3175.0,2594.0,104809.73,1302809.0,4.0,16.0,15790.0,41
YT00501,Technology creator video 501: trending ideas,Education,Technology,United Kingdom,Brand,2025-02-10,2025-02-20,311099.0,27236.0,2085.0,793.0,40898.02,294139.0,10.0,9.0,13696.0,44
YT00502,Walkthrough creator video 502: trending ideas,Gaming,Walkthrough,India,Brand,2025-02-12,2025-02-14,613893.0,64155.0,2767.0,4070.0,166763.61,195224.0,2.0,15.0,12104.0,45
YT00503,Comedy creator video 503: trending ideas,Entertainment,Comedy,United States,Individual,2025-03-16,2025-03-21,807442.0,71687.0,6910.0,3589.0,49571.4,3695041.0,5.0,6.0,15930.0,40
YT00504,Walkthrough creator video 504: trending ideas,Gaming,Walkthrough,Canada,Educational,2025-09-27,2025-10-01,594677.0,24082.0,2027.0,770.0,128202.27,489794.0,4.0,13.0,11609.0,45
YT00505,Film & Animation creator video 505: trending ideas,Entertainment,Film & Animation,Australia,Educational,2025-09-12,2025-09-17,747111.0,66019.0,9151.0,5252.0,126398.03,3623651.0,5.0,2.0,13707.0,50
YT00506,Technology creator video 506: trending ideas,Education,Technology,United Kingdom,Individual,2025-08-21,2025-08-30,401326.0,20802.0,3019.0,606.0,34532.95,1240940.0,9.0,8.0,15245.0,44
YT00507,Hip Hop creator video 507: trending ideas,Music,Hip Hop,United States,Media Company,2025-10-21,2025-11-01,1302621.0,139163.0,19802.0,5717.0,185611.47,1892756.0,11.0,16.0,17986.0,41
YT00508,Hip Hop creator video 508: trending ideas,Music,Hip Hop,India,Individual,2025-03-24,2025-04-06,542643.0,51250.0,5806.0,2948.0,91010.82,2371188.0,13.0,16.0,4810.0,41
YT00509,Pop creator video 509: trending ideas,Music,Pop,United States,Media Company,2025-03-07,2025-03-19,706475.0,41997.0,1278.0,1229.0,126632.52,1658886.0,12.0,15.0,14013.0,37
YT00510,Hip Hop creator video 510: trending ideas,Music,Hip Hop,United Kingdom,Educational,2025-02-28,2025-03-03,109880.0,11611.0,761.0,768.0,25294.11,59081.0,3.0,6.0,893.0,41
YT00511,Comedy creator video 511: trending ideas,Entertainment,Comedy,India,Brand,2025-09-04,2025-09-18,223512.0,12163.0,474.0,922.0,57062.65,1438671.0,14.0,12.0,6658.0,40
YT00512,Technology creator video 512: trending ideas,Education,Technology,United Kingdom,Brand,2025-07-13,2025-07-16,476958.0,28557.0,1468.0,2435.0,105304.16,429072.0,3.0,14.0,14458.0,44
YT00513,Walkthrough creator video 513: trending ideas,Gaming,Walkthrough,Australia,Media Company,2025-04-27,2025-05-02,733335.0,48902.0,2298.0,3194.0,73398.1,983391.0,5.0,9.0,17178.0,45
YT00514,Hip Hop creator video 514: trending ideas,Music,Hip Hop,Australia,Media Company,2025-01-29,2025-02-07,344713.0,22730.0,1885.0,1841.0,76106.7,3591898.0,9.0,13.0,3509.0,41
YT00515,Science creator video 515: trending ideas,Education,Science,United States,Educational,2025-07-07,2025-07-19,504683.0,21459.0,2891.0,1663.0,30030.1,2164513.0,12.0,3.0,14738.0,41
YT00516,Technology creator video 516: trending ideas,Education,Technology,United Kingdom,Media Company,2025-03-18,2025-03-21,652129.0,53188.0,5422.0,1934.0,95280.47,3339505.0,3.0,7.0,14971.0,44
YT00517,Film & Animation creator video 517: trending ideas,Entertainment,Film & Animation,Australia,Educational,2025-04-05,2025-04-09,511762.0,17543.0,1194.0,1572.0,124045.65,2778402.0,4.0,10.0,11375.0,50
YT00518,Pop creator video 518: trending ideas,Music,Pop,United Kingdom,Media Company,2025-01-09,2025-01-16,484593.0,20545.0,2740.0,1285.0,112641.95,41081.0,7.0,15.0,13088.0,37
YT00519,Science creator video 519: trending ideas,Education,Science,United Kingdom,Individual,2025-08-24,2025-09-04,251308.0,8009.0,1261.0,434.0,65941.53,2659558.0,11.0,12.0,10098.0,41
YT00520,Science creator video 520: trending ideas,Education,Science,United States,Brand,2025-02-12,2025-02-13,760974.0,45132.0,1532.0,1300.0,90349.48,1825549.0,1.0,18.0,10067.0,41
YT00521,Hip Hop creator video 521: trending ideas,Music,Hip Hop,Canada,Individual,2025-08-14,2025-08-15,641414.0,23067.0,2084.0,653.0,174716.35,1529728.0,1.0,9.0,5077.0,41
YT00522,Esports creator video 522: trending ideas,Gaming,Esports,Canada,Educational,2025-04-18,2025-05-01,155426.0,17406.0,1183.0,473.0,42911.56,234211.0,13.0,9.0,1998.0,41
YT00523,Comedy creator video 523: trending ideas,Entertainment,Comedy,United Kingdom,Media Company,2025-09-09,2025-09-19,860702.0,22482.0,943.0,1093.0,209445.8,3689852.0,10.0,6.0,2069.0,40
YT00524,Pop creator video 524: trending ideas,Music,Pop,United States,Brand,2025-07-24,2025-08-04,491572.0,50615.0,4808.0,3481.0,58845.05,1968226.0,11.0,12.0,1665.0,37
YT00525,Science creator video 525: trending ideas,Education,Science,India,Media Company,2025-09-02,2025-09-07,236209.0,16817.0,1078.0,837.0,20261.02,3511628.0,5.0,15.0,6600.0,41
YT00526,Pop creator video 526: trending ideas,Music,Pop,United States,Media Company,2025-02-17,2025-02-25,651139.0,32332.0,1549.0,1367.0,63547.33,3382814.0,8.0,16.0,116.0,37
YT00527,Film & Animation creator video 527: trending ideas,Entertainment,Film & Animation,United Kingdom,Individual,2025-07-02,2025-07-03,540272.0,41176.0,7355.0,1550.0,75347.0,1861941.0,1.0,18.0,1743.0,50
YT00528,Pop creator video 528: trending ideas,Music,Pop,United States,Individual,2025-08-29,2025-09-06,487314.0,13683.0,1050.0,469.0,44676.93,1001771.0,8.0,16.0,5297.0,37
YT00529,Esports creator video 529: trending ideas,Gaming,Esports,India,Media Company,2025-10-02,2025-10-15,601181.0,20438.0,3212.0,1710.0,112512.0,1306400.0,13.0,9.0,16763.0,41
YT00530,Technology creator video 530: trending ideas,Education,Technology,United States,Educational,2025-08-28,2025-09-04,305419.0,20162.0,1361.0,781.0,68167.68,1669946.0,7.0,9.0,14081.0,44
YT00531,Technology creator video 531: trending ideas,Education,Technology,Canada,Media Company,2025-06-12,2025-06-13,392307.0,38047.0,4575.0,1898.0,73921.02,2728495.0,1.0,14.0,1850.0,44
YT00532,Esports creator video 532: trending ideas,Gaming,Esports,Canada,Educational,2025-05-22,2025-06-04,179969.0,17416.0,2600.0,1508.0,12631.92,96291.0,13.0,9.0,3063.0,41
YT00533,Pop creator video 533: trending ideas,Music,Pop,United Kingdom,Brand,2025-08-01,2025-08-07,964062.0,35474.0,3607.0,1925.0,161344.37,2306580.0,6.0,4.0,14053.0,37
YT00534,Technology creator video 534: trending ideas,Education,Technology,United Kingdom,Media Company,2025-01-25,2025-02-04,444637.0,34938.0,5721.0,1236.0,61723.68,2709301.0,10.0,18.0,11588.0,44
YT00535,Technology creator video 535: trending ideas,Education,Technology,United Kingdom,Media Company,2025-06-21,2025-07-02,270249.0,14329.0,701.0,281.0,11452.28,2537556.0,11.0,4.0,5141.0,44
YT00536,Technology creator video 536: trending ideas,Education,Technology,United States,Brand,2025-03-02,2025-03-09,152070.0,4892.0,504.0,171.0,33170.07,2572059.0,7.0,9.0,1294.0,44
YT00537,Walkthrough creator video 537: trending ideas,Gaming,Walkthrough,India,Brand,2025-07-14,2025-07-23,807039.0,76557.0,2862.0,3164.0,219302.01,3483652.0,9.0,12.0,10264.0,45
YT00538,Esports creator video 538: trending ideas,Gaming,Esports,Canada,Media Company,2025-08-15,2025-08-22,611158.0,16234.0,2785.0,1253.0,73142.02,3614509.0,7.0,5.0,9300.0,41
YT00539,Science creator video 539: trending ideas,Education,Science,United States,Educational,2025-07-06,2025-07-11,572914.0,22291.0,3612.0,1115.0,105583.4,2497392.0,5.0,6.0,9771.0,41
YT00540,Technology creator video 540: trending ideas,Education,Technology,United Kingdom,Media Company,2025-05-15,2025-05-21,432625.0,21209.0,3538.0,641.0,62658.23,3214125.0,6.0,17.0,5389.0,44
YT00541,Technology creator video 541: trending ideas,Education,Technology,India,Brand,2025-10-09,2025-10-10,738135.0,67348.0,4952.0,4241.0,167056.99,3489709.0,1.0,7.0,9506.0,44
YT00542,Pop creator video 542: trending ideas,Music,Pop,United States,Educational,2025-01-18,2025-01-25,715092.0,75021.0,9476.0,2715.0,146463.48,3790691.0,7.0,12.0,2703.0,37
YT00543,Esports creator video 543: trending ideas,Gaming,Esports,United Kingdom,Educational,2025-07-29,2025-08-05,727948.0,36452.0,4684.0,1540.0,188507.41,3096295.0,7.0,14.0,12881.0,41
YT00544,Walkthrough creator video 544: trending ideas,Gaming,Walkthrough,India,Media Company,2025-08-30,2025-09-02,883613.0,98455.0,7760.0,5198.0,90699.17,3952535.0,3.0,9.0,9637.0,45
YT00545,Science creator video 545: trending ideas,Education,Science,United Kingdom,Educational,2025-02-05,2025-02-06,474648.0,24401.0,2360.0,711.0,41255.61,3238002.0,1.0,7.0,12243.0,41
YT00546,Film & Animation creator video 546: trending ideas,Entertainment,Film & Animation,Australia,Brand,2025-04-14,2025-04-22,494729.0,25790.0,2247.0,1341.0,82854.19,152755.0,8.0,15.0,12125.0,50
YT00547,Esports creator video 547: trending ideas,Gaming,Esports,Canada,Educational,2025-03-03,2025-03-06,394207.0,19938.0,1721.0,696.0,97980.38,1576955.0,3.0,10.0,19.0,41
YT00548,Walkthrough creator video 548: trending ideas,Gaming,Walkthrough,Australia,Educational,2025-08-07,2025-08-10,327288.0,15574.0,524.0,1098.0,78714.72,546813.0,3.0,3.0,7500.0,45
YT00549,Pop creator video 549: trending ideas,Music,Pop,United Kingdom,Educational,2025-01-19,2025-02-01,559455.0,22404.0,1556.0,1511.0,74498.45,2974431.0,13.0,2.0,11175.0,37
YT00550,Hip Hop creator video 550: trending ideas,Music,Hip Hop,United States,Brand,2025-10-23,2025-11-03,507267.0,34036.0,1732.0,1439.0,52396.45,1699236.0,11.0,3.0,7440.0,41
YT00551,Esports creator video 551: trending ideas,Gaming,Esports,Canada,Educational,2025-03-26,2025-03-31,834307.0,60491.0,2175.0,4807.0,189126.39,3175231.0,5.0,3.0,9811.0,41
YT00552,Esports creator video 552: trending ideas,Gaming,Esports,Canada,Individual,2025-07-05,2025-07-18,437852.0,39477.0,7085.0,1972.0,115363.9,3838693.0,13.0,7.0,5364.0,41
YT00553,Walkthrough creator video 553: trending ideas,Gaming,Walkthrough,United States,Media Company,2025-02-21,2025-02-25,483719.0,19203.0,957.0,798.0,107842.2,1051783.0,4.0,11.0,10698.0,45
YT00554,Science creator video 554: trending ideas,Education,Science,United Kingdom,Brand,2025-03-28,2025-04-07,392337.0,28268.0,4092.0,2465.0,100437.01,655794.0,10.0,11.0,15649.0,41
YT00555,Walkthrough creator video 555: trending ideas,Gaming,Walkthrough,Australia,Brand,2025-04-29,2025-05-02,486625.0,25106.0,3722.0,1964.0,99476.13,3202543.0,3.0,4.0,170.0,45
YT00556,Esports creator video 556: trending ideas,Gaming,Esports,United States,Individual,2025-09-09,2025-09-14,1029514.0,31506.0,2129.0,1047.0,72155.99,2511391.0,5.0,16.0,14622.0,41
YT00557,Walkthrough creator video 557: trending ideas,Gaming,Walkthrough,Australia,Media Company,2025-04-08,2025-04-22,497788.0,34309.0,2635.0,2658.0,82065.22,3017975.0,14.0,3.0,6257.0,45
YT00558,Film & Animation creator video 558: trending ideas,Entertainment,Film & Animation,India,Individual,2025-01-18,2025-01-19,757993.0,57496.0,5035.0,1034.0,76129.22,3640421.0,1.0,9.0,9311.0,50
YT00559,Esports creator video 559: trending ideas,Gaming,Esports,Australia,Educational,2025-03-14,2025-03-25,530390.0,17311.0,546.0,567.0,32419.88,2521527.0,11.0,10.0,15964.0,41
YT00560,Comedy creator video 560: trending ideas,Entertainment,Comedy,Canada,Individual,2025-06-20,2025-06-26,453867.0,34783.0,1874.0,678.0,80787.87,2215930.0,6.0,17.0,4509.0,40
YT00561,Walkthrough creator video 561: trending ideas,Gaming,Walkthrough,United Kingdom,Educational,2025-05-30,2025-06-01,216712.0,19311.0,1079.0,1350.0,30070.15,2487536.0,2.0,4.0,1298.0,45
YT00562,Technology creator video 562: trending ideas,Education,Technology,United Kingdom,Brand,2025-06-05,2025-06-14,408219.0,29890.0,3443.0,1664.0,99660.63,1341605.0,9.0,16.0,15201.0,44
YT00563,Pop creator video 563: trending ideas,Music,Pop,Australia,Brand,2025-05-31,2025-06-10,309453.0,17328.0,823.0,1432.0,46818.45,660339.0,10.0,7.0,8338.0,37
YT00564,Walkthrough creator video 564: trending ideas,Gaming,Walkthrough,Canada,Brand,2025-06-21,2025-06-22,365525.0,41091.0,3788.0,3343.0,48771.2,169133.0,1.0,15.0,4039.0,45
YT00565,Film & Animation creator video 565: trending ideas,Entertainment,Film & Animation,United Kingdom,Individual,2025-04-14,2025-04-18,774281.0,55400.0,1883.0,3075.0,177694.51,1734376.0,4.0,18.0,10241.0,50
YT00566,Science creator video 566: trending ideas,Education,Science,United States,Brand,2025-07-25,2025-07-28,639143.0,65686.0,8592.0,2395.0,114756.75,2046856.0,3.0,10.0,13496.0,41
YT00567,Pop creator video 567: trending ideas,Music,Pop,United Kingdom,Individual,2025-07-18,2025-07-29,335825.0,10573.0,1297.0,313.0,20031.01,896566.0,11.0,5.0,9212.0,37
YT00568,Science creator video 568: trending ideas,Education,Science,Canada,Individual,2025-05-24,2025-06-02,473375.0,28971.0,3743.0,1031.0,25693.59,1560142.0,9.0,14.0,15198.0,41
YT00569,Science creator video 569: trending ideas,Education,Science,Canada,Educational,2025-05-07,2025-05-17,303572.0,24881.0,1659.0,2128.0,14527.06,1102655.0,10.0,11.0,13575.0,41
YT00570,Science creator video 570: trending ideas,Education,Science,United States,Brand,2025-03-14,2025-03-22,443688.0,32754.0,1137.0,2838.0,68226.67,2290827.0,8.0,6.0,9849.0,41
YT00571,Science creator video 571: trending ideas,Education,Science,Canada,Brand,2025-06-20,2025-06-25,446501.0,39715.0,2700.0,2558.0,111547.53,103718.0,5.0,11.0,16428.0,41
YT00572,Hip Hop creator video 572: trending ideas,Music,Hip Hop,India,Media Company,2025-07-21,2025-08-03,622659.0,59945.0,5153.0,1811.0,126474.99,293792.0,13.0,18.0,10611.0,41
YT00573,Comedy creator video 573: trending ideas,Entertainment,Comedy,Canada,Media Company,2025-07-10,2025-07-19,877073.0,63824.0,11467.0,4403.0,84145.3,3211849.0,9.0,17.0,8799.0,40
YT00574,Film & Animation creator video 574: trending ideas,Entertainment,Film & Animation,Canada,Media Company,2025-05-01,2025-05-08,937047.0,70432.0,5547.0,5447.0,137162.88,3598115.0,7.0,3.0,11986.0,50
YT00575,Science creator video 575: trending ideas,Education,Science,United States,Educational,2025-03-13,2025-03-27,208143.0,7995.0,328.0,549.0,39259.19,2134647.0,14.0,14.0,1435.0,41
YT00576,Comedy creator video 576: trending ideas,Entertainment,Comedy,Canada,Individual,2025-10-25,2025-11-07,497339.0,41356.0,4370.0,978.0,32668.21,2773111.0,13.0,6.0,3212.0,40
YT00577,Technology creator video 577: trending ideas,Education,Technology,United States,Individual,2025-10-07,2025-10-18,389957.0,23487.0,2827.0,1539.0,84850.02,2960289.0,11.0,12.0,4699.0,44
YT00578,Comedy creator video 578: trending ideas,Entertainment,Comedy,United States,Educational,2025-03-11,2025-03-13,818232.0,63218.0,5208.0,2415.0,162469.21,2565359.0,2.0,14.0,13306.0,40
YT00579,Film & Animation creator video 579: trending ideas,Entertainment,Film & Animation,United States,Individual,2025-07-06,2025-07-08,461376.0,12717.0,790.0,611.0,124553.48,3163955.0,2.0,17.0,8105.0,50
YT00580,Science creator video 580: trending ideas,Education,Science,Australia,Educational,2025-07-02,2025-07-13,182656.0,5575.0,835.0,136.0,45582.46,13415.0,11.0,14.0,7864.0,41
YT00581,Walkthrough creator video 581: trending ideas,Gaming,Walkthrough,United States,Brand,2025-04-20,2025-04-30,460663.0,28758.0,3185.0,1164.0,32423.65,757943.0,10.0,4.0,12060.0,45
YT00582,Film & Animation creator video 582: trending ideas,Entertainment,Film & Animation,Australia,Individual,2025-10-27,2025-10-30,564185.0,25573.0,3288.0,1030.0,111943.45,3077991.0,3.0,6.0,12819.0,50
YT00583,Technology creator video 583: trending ideas,Education,Technology,United Kingdom,Educational,2025-10-04,2025-10-11,481777.0,42073.0,6994.0,2196.0,57847.84,166571.0,7.0,18.0,16575.0,44
YT00584,Pop creator video 584: trending ideas,Music,Pop,India,Educational,2025-01-03,2025-01-07,451198.0,17755.0,2774.0,414.0,108672.6,3733792.0,4.0,10.0,6210.0,37
YT00585,Walkthrough creator video 585: trending ideas,Gaming,Walkthrough,United States,Brand,2025-04-30,2025-05-12,760484.0,47892.0,6190.0,1881.0,179647.01,1801959.0,12.0,11.0,8219.0,45
YT00586,Comedy creator video 586: trending ideas,Entertainment,Comedy,United Kingdom,Individual,2025-08-27,2025-09-07,291293.0,21885.0,915.0,1176.0,26447.75,2213459.0,11.0,14.0,12845.0,40
YT00587,Walkthrough creator video 587: trending ideas,Gaming,Walkthrough,United Kingdom,Brand,2025-08-08,2025-08-17,495379.0,25734.0,2835.0,1942.0,70832.97,1111155.0,9.0,12.0,6886.0,45
YT00588,Pop creator video 588: trending ideas,Music,Pop,United States,Educational,2025-08-25,2025-08-28,1001355.0,44270.0,2846.0,3983.0,45448.16,2270180.0,3.0,5.0,12265.0,37
YT00589,Pop creator video 589: trending ideas,Music,Pop,Australia,Educational,2025-01-21,2025-01-24,389769.0,46670.0,6046.0,3774.0,64963.58,625516.0,3.0,4.0,7801.0,37
YT00590,Technology creator video 590: trending ideas,Education,Technology,Australia,Educational,2025-07-16,2025-07-27,226704.0,22454.0,4006.0,1251.0,14967.19,1689801.0,11.0,12.0,2858.0,44
YT00591,Pop creator video 591: trending ideas,Music,Pop,United Kingdom,Individual,2025-01-23,2025-01-27,683828.0,21363.0,2613.0,1045.0,172292.14,1835509.0,4.0,2.0,10179.0,37
YT00592,Science creator video 592: trending ideas,Education,Science,United Kingdom,Brand,2025-01-20,2025-01-31,635858.0,21331.0,3207.0,1488.0,57630.91,2682747.0,11.0,10.0,16883.0,41
YT00593,Science creator video 593: trending ideas,Education,Science,Canada,Individual,2025-07-30,2025-08-06,372882.0,36815.0,6536.0,2212.0,100611.96,3838096.0,7.0,9.0,6264.0,41
YT00594,Film & Animation creator video 594: trending ideas,Entertainment,Film & Animation,United States,Individual,2025-08-17,2025-08-22,793228.0,54004.0,2990.0,1501.0,209686.81,1355710.0,5.0,17.0,11543.0,50
YT00595,Technology creator video 595: trending ideas,Education,Technology,Australia,Individual,2025-01-07,2025-01-15,346164.0,20213.0,932.0,440.0,63253.39,3476832.0,8.0,12.0,4986.0,44
YT00596,Technology creator video 596: trending ideas,Education,Technology,Canada,Media Company,2025-01-07,2025-01-18,538367.0,32244.0,5617.0,2387.0,98468.57,2786723.0,11.0,17.0,9644.0,44
YT00597,Esports creator video 597: trending ideas,Gaming,Esports,Canada,Individual,2025-02-01,2025-02-13,308636.0,25431.0,4052.0,745.0,71976.32,457580.0,12.0,12.0,7178.0,41
YT00598,Science creator video 598: trending ideas,Education,Science,India,Educational,2025-05-06,2025-05-20,169099.0,13881.0,2043.0,434.0,27562.73,978132.0,14.0,5.0,2929.0,41
YT00599,Science creator video 599: trending ideas,Education,Science,Canada,Individual,2025-08-07,2025-08-08,742460.0,33750.0,2518.0,3004.0,185261.9,2578626.0,1.0,10.0,15015.0,41
YT00600,Film & Animation creator video 600: trending ideas,Entertainment,Film & Animation,United States,Individual,2025-03-03,2025-03-16,524890.0,31761.0,4432.0,2757.0,107555.0,2384410.0,13.0,3.0,13869.0,50
YT00601,Comedy creator video 601: trending ideas,Entertainment,Comedy,United States,Educational,2025-03-02,2025-03-10,413040.0,19875.0,2934.0,335.0,32506.38,3430581.0,8.0,12.0,4596.0,40
YT00602,Technology creator video 602: trending ideas,Education,Technology,United Kingdom,Brand,2025-02-26,2025-02-28,504670.0,56459.0,2810.0,3319.0,53190.87,1234992.0,2.0,9.0,15977.0,44
YT00603,Walkthrough creator video 603: trending ideas,Gaming,Walkthrough,United States,Educational,2025-01-06,2025-01-14,622097.0,46998.0,7436.0,757.0,160094.73,1188463.0,8.0,13.0,10416.0,45
YT00604,Esports creator video 604: trending ideas,Gaming,Esports,United States,Individual,2025-05-03,2025-05-11,411360.0,31817.0,5332.0,2827.0,54530.39,402831.0,8.0,5.0,12257.0,41
YT00605,Hip Hop creator video 605: trending ideas,Music,Hip Hop,United Kingdom,Individual,2025-01-12,2025-01-17,248125.0,27586.0,2248.0,2447.0,68087.9,559708.0,5.0,3.0,6298.0,41
YT00606,Technology creator video 606: trending ideas,Education,Technology,India,Individual,2025-06-07,2025-06-16,205468.0,11402.0,1055.0,785.0,40835.0,2707913.0,9.0,10.0,10747.0,44
YT00607,Science creator video 607: trending ideas,Education,Science,India,Media Company,2025-03-10,2025-03-22,202942.0,23621.0,2684.0,1165.0,54322.12,738963.0,12.0,7.0,6638.0,41
YT00608,Film & Animation creator video 608: trending ideas,Entertainment,Film & Animation,United States,Brand,2025-07-06,2025-07-19,336008.0,29582.0,2785.0,968.0,46179.69,3975167.0,13.0,18.0,440.0,50
YT00609,Film & Animation creator video 609: trending ideas,Entertainment,Film & Animation,United States,Educational,2025-04-13,2025-04-14,531811.0,13660.0,1099.0,1176.0,53286.26,2614546.0,1.0,6.0,4745.0,50
YT00610,Comedy creator video 610: trending ideas,Entertainment,Comedy,India,Educational,2025-07-15,2025-07-16,353278.0,28250.0,4360.0,1225.0,57386.76,1990476.0,1.0,4.0,8082.0,40
YT00611,Esports creator video 611: trending ideas,Gaming,Esports,United States,Media Company,2025-08-02,2025-08-08,786019.0,44272.0,6561.0,2259.0,175642.48,3647478.0,6.0,12.0,11025.0,41
YT00612,Pop creator video 612: trending ideas,Music,Pop,United Kingdom,Individual,2025-07-02,2025-07-12,175914.0,9391.0,763.0,235.0,48169.65,2627373.0,10.0,10.0,2908.0,37
YT00613,Hip Hop creator video 613: trending ideas,Music,Hip Hop,India,Media Company,2025-01-05,2025-01-07,676414.0,63179.0,7054.0,3688.0,70139.21,1784840.0,2.0,5.0,11576.0,41
YT00614,Pop creator video 614: trending ideas,Music,Pop,United States,Educational,2025-04-04,2025-04-06,1119172.0,29042.0,3497.0,2102.0,291294.1,2398008.0,2.0,7.0,17566.0,37
YT00615,Film & Animation creator video 615: trending ideas,Entertainment,Film & Animation,Australia,Media Company,2025-08-11,2025-08-19,508475.0,55117.0,4228.0,1053.0,81264.84,606208.0,8.0,11.0,7798.0,50
YT00616,Comedy creator video 616: trending ideas,Entertainment,Comedy,Canada,Brand,2025-10-11,2025-10-18,267128.0,19667.0,732.0,480.0,42538.76,850837.0,7.0,16.0,1251.0,40
YT00617,Film & Animation creator video 617: trending ideas,Entertainment,Film & Animation,Canada,Brand,2025-07-07,2025-07-10,522353.0,35437.0,4218.0,941.0,22543.13,24563.0,3.0,14.0,10781.0,50
YT00618,Esports creator video 618: trending ideas,Gaming,Esports,United States,Brand,2025-08-16,2025-08-28,484748.0,47537.0,2747.0,4198.0,132821.76,2816617.0,12.0,11.0,3705.0,41
YT00619,Comedy creator video 619: trending ideas,Entertainment,Comedy,United Kingdom,Media Company,2025-09-20,2025-09-29,357989.0,38452.0,2609.0,1994.0,55406.17,155060.0,9.0,2.0,11702.0,40
YT00620,Esports creator video 620: trending ideas,Gaming,Esports,United Kingdom,Brand,2025-05-01,2025-05-02,563079.0,66253.0,4347.0,5768.0,73914.41,205806.0,1.0,5.0,14899.0,41
YT00621,Hip Hop creator video 621: trending ideas,Music,Hip Hop,Australia,Educational,2025-06-12,2025-06-23,470477.0,13877.0,2180.0,409.0,63042.68,1385883.0,11.0,18.0,3993.0,41
YT00622,Comedy creator video 622: trending ideas,Entertainment,Comedy,Australia,Media Company,2025-03-16,2025-03-23,334472.0,27152.0,4414.0,973.0,18589.28,707740.0,7.0,7.0,6234.0,40
YT00623,Science creator video 623: trending ideas,Education,Science,Australia,Media Company,2025-07-30,2025-08-09,741357.0,37854.0,6703.0,1502.0,44334.11,3466786.0,10.0,18.0,14320.0,41
YT00624,Esports creator video 624: trending ideas,Gaming,Esports,United States,Educational,2025-04-24,2025-04-28,458243.0,47388.0,4038.0,3495.0,102122.3,517804.0,4.0,5.0,14629.0,41
YT00625,Esports creator video 625: trending ideas,Gaming,Esports,India,Brand,2025-10-13,2025-10-22,520284.0,49662.0,7108.0,1559.0,94418.65,3194195.0,9.0,4.0,1942.0,41
YT00626,Esports creator video 626: trending ideas,Gaming,Esports,Canada,Media Company,2025-09-17,2025-09-21,489202.0,39737.0,3113.0,3286.0,46950.4,1383424.0,4.0,9.0,12751.0,41
YT00627,Pop creator video 627: trending ideas,Music,Pop,Australia,Educational,2025-10-24,2025-10-31,417508.0,13636.0,1310.0,257.0,107286.77,1809587.0,7.0,13.0,6100.0,37
YT00628,Technology creator video 628: trending ideas,Education,Technology,Australia,Media Company,2025-01-30,2025-02-06,259515.0,8488.0,580.0,630.0,38736.4,1839732.0,7.0,6.0,462.0,44
YT00629,Walkthrough creator video 629: trending ideas,Gaming,Walkthrough,Australia,Educational,2025-04-12,2025-04-26,348677.0,15030.0,625.0,708.0,49112.75,1540574.0,14.0,15.0,8273.0,45
YT00630,Science creator video 630: trending ideas,Education,Science,United Kingdom,Brand,2025-07-02,2025-07-10,192844.0,14443.0,2096.0,384.0,46657.86,429886.0,8.0,10.0,2825.0,41
YT00631,Film & Animation creator video 631: trending ideas,Entertainment,Film & Animation,United States,Media Company,2025-01-11,2025-01-23,494337.0,43104.0,6819.0,2848.0,21901.83,2203080.0,12.0,13.0,3621.0,50
YT00632,Walkthrough creator video 632: trending ideas,Gaming,Walkthrough,Australia,Brand,2025-04-01,2025-04-12,364449.0,13668.0,900.0,649.0,89937.3,1250642.0,11.0,6.0,10558.0,45
YT00633,Hip Hop creator video 633: trending ideas,Music,Hip Hop,Australia,Brand,2025-05-17,2025-05-29,416962.0,17888.0,1071.0,1422.0,63472.51,2678454.0,12.0,3.0,7025.0,41
YT00634,Hip Hop creator video 634: trending ideas,Music,Hip Hop,Canada,Individual,2025-07-09,2025-07-20,511767.0,58717.0,3675.0,2810.0,95849.48,2047277.0,11.0,15.0,7179.0,41
YT00635,Film & Animation creator video 635: trending ideas,Entertainment,Film & Animation,Canada,Individual,2025-06-24,2025-06-27,585891.0,19879.0,3437.0,664.0,57450.18,3700083.0,3.0,17.0,2875.0,50
YT00636,Walkthrough creator video 636: trending ideas,Gaming,Walkthrough,United Kingdom,Educational,2025-05-22,2025-05-31,466204.0,24309.0,4078.0,1409.0,34417.66,2638265.0,9.0,15.0,7372.0,45
YT00637,Esports creator video 637: trending ideas,Gaming,Esports,United Kingdom,Brand,2025-10-03,2025-10-12,697326.0,72910.0,6787.0,2994.0,114470.1,3844062.0,9.0,14.0,2655.0,41
YT00638,Science creator video 638: trending ideas,Education,Science,United Kingdom,Brand,2025-09-04,2025-09-13,140788.0,11283.0,1281.0,798.0,21315.58,177497.0,9.0,11.0,1872.0,41
YT00639,Hip Hop creator video 639: trending ideas,Music,Hip Hop,United Kingdom,Brand,2025-04-19,2025-05-01,449388.0,23466.0,1113.0,759.0,28902.42,781235.0,12.0,8.0,14294.0,41
YT00640,Esports creator video 640: trending ideas,Gaming,Esports,United Kingdom,Media Company,2025-06-26,2025-07-07,496696.0,56751.0,2433.0,4890.0,93742.11,1805259.0,11.0,14.0,1277.0,41
YT00641,Film & Animation creator video 641: trending ideas,Entertainment,Film & Animation,Canada,Brand,2025-02-01,2025-02-08,251169.0,26796.0,2238.0,1519.0,58472.24,395820.0,7.0,13.0,6160.0,50
YT00642,Walkthrough creator video 642: trending ideas,Gaming,Walkthrough,United Kingdom,Educational,2025-05-25,2025-06-05,182701.0,13265.0,841.0,670.0,17458.54,3155057.0,11.0,9.0,283.0,45
YT00643,Comedy creator video 643: trending ideas,Entertainment,Comedy,India,Educational,2025-09-03,2025-09-13,603045.0,22896.0,1808.0,1266.0,29869.13,2086120.0,10.0,10.0,9754.0,40
YT00644,Esports creator video 644: trending ideas,Gaming,Esports,United States,Brand,2025-03-29,2025-04-04,258437.0,17184.0,1318.0,1487.0,32955.42,2939613.0,6.0,6.0,1438.0,41
YT00645,Pop creator video 645: trending ideas,Music,Pop,Australia,Individual,2025-10-02,2025-10-11,479121.0,52774.0,6299.0,2188.0,52300.98,605307.0,9.0,14.0,7097.0,37
YT00646,Science creator video 646: trending ideas,Education,Science,India,Media Company,2025-04-25,2025-05-08,496441.0,45540.0,7016.0,2321.0,74153.66,3774590.0,13.0,13.0,16612.0,41
YT00647,Hip Hop creator video 647: trending ideas,Music,Hip Hop,United Kingdom,Educational,2025-05-08,2025-05-14,473158.0,51086.0,1852.0,889.0,82442.68,3173361.0,6.0,10.0,4761.0,41
YT00648,Pop creator video 648: trending ideas,Music,Pop,Canada,Brand,2025-03-12,2025-03-22,1027340.0,90443.0,13247.0,4801.0,159363.25,3883493.0,10.0,10.0,17673.0,37
YT00649,Comedy creator video 649: trending ideas,Entertainment,Comedy,United Kingdom,Individual,2025-03-07,2025-03-20,249791.0,11841.0,1925.0,654.0,22848.69,2594234.0,13.0,10.0,754.0,40
YT00650,Technology creator video 650: trending ideas,Education,Technology,India,Media Company,2025-06-24,2025-06-29,602941.0,19688.0,2313.0,1419.0,38791.79,3917459.0,5.0,16.0,14840.0,44
YT00651,Film & Animation creator video 651: trending ideas,Entertainment,Film & Animation,India,Educational,2025-06-04,2025-06-18,971399.0,28198.0,856.0,1034.0,216931.86,3870634.0,14.0,6.0,15289.0,50
YT00652,Hip Hop creator video 652: trending ideas,Music,Hip Hop,Australia,Media Company,2025-10-21,2025-11-01,371343.0,18784.0,1387.0,910.0,71269.86,569588.0,11.0,13.0,12115.0,41
YT00653,Walkthrough creator video 653: trending ideas,Gaming,Walkthrough,United States,Individual,2025-03-29,2025-04-10,581345.0,17669.0,2081.0,987.0,62968.76,1375987.0,12.0,17.0,9873.0,45
YT00654,Pop creator video 654: trending ideas,Music,Pop,India,Media Company,2025-05-03,2025-05-11,788950.0,77038.0,8085.0,3231.0,196269.89,1186924.0,8.0,6.0,11927.0,37
YT00655,Technology creator video 655: trending ideas,Education,Technology,United States,Media Company,2025-10-10,2025-10-22,123700.0,14490.0,2282.0,706.0,33376.83,1248063.0,12.0,8.0,11752.0,44
YT00656,Hip Hop creator video 656: trending ideas,Music,Hip Hop,India,Brand,2025-06-10,2025-06-19,697670.0,58194.0,4204.0,5159.0,98019.1,2463800.0,9.0,13.0,10130.0,41
YT00657,Esports creator video 657: trending ideas,Gaming,Esports,Australia,Media Company,2025-04-27,2025-05-07,327764.0,25454.0,2978.0,1793.0,82550.33,1433422.0,10.0,2.0,6947.0,41
YT00658,Film & Animation creator video 658: trending ideas,Entertainment,Film & Animation,Australia,Educational,2025-10-04,2025-10-14,419755.0,49775.0,8040.0,3778.0,42346.2,1474298.0,10.0,13.0,5223.0,50
YT00659,Technology creator video 659: trending ideas,Education,Technology,Canada,Individual,2025-08-13,2025-08-19,697488.0,75572.0,12245.0,6552.0,30101.88,3983568.0,6.0,14.0,14868.0,44
YT00660,Esports creator video 660: trending ideas,Gaming,Esports,United Kingdom,Educational,2025-05-11,2025-05-16,460061.0,29637.0,4806.0,2232.0,28373.06,603257.0,5.0,14.0,8602.0,41
YT00661,Pop creator video 661: trending ideas,Music,Pop,United Kingdom,Educational,2025-02-03,2025-02-13,750636.0,68478.0,3670.0,3199.0,188940.49,1445407.0,10.0,11.0,11077.0,37
YT00662,Esports creator video 662: trending ideas,Gaming,Esports,Canada,Individual,2025-08-10,2025-08-11,452590.0,45095.0,2704.0,2480.0,93977.05,1795617.0,1.0,11.0,6229.0,41
YT00663,Esports creator video 663: trending ideas,Gaming,Esports,Australia,Educational,2025-09-29,2025-10-10,608000.0,43863.0,2608.0,771.0,169335.61,2728393.0,11.0,13.0,7743.0,41
YT00664,Walkthrough creator video 664: trending ideas,Gaming,Walkthrough,India,Individual,2025-01-23,2025-02-01,309080.0,18998.0,3250.0,1437.0,67357.17,3298711.0,9.0,16.0,4024.0,45
YT00665,Film & Animation creator video 665: trending ideas,Entertainment,Film & Animation,United Kingdom,Educational,2025-08-24,2025-09-01,325711.0,24141.0,1366.0,1352.0,13275.47,3589033.0,8.0,14.0,998.0,50
YT00666,Technology creator video 666: trending ideas,Education,Technology,United Kingdom,Brand,2025-02-14,2025-02-25,194855.0,19427.0,2222.0,650.0,27410.39,2793052.0,11.0,12.0,5732.0,44
YT00667,Comedy creator video 667: trending ideas,Entertainment,Comedy,India,Media Company,2025-05-14,2025-05-17,444083.0,12026.0,544.0,1044.0,106011.08,1728738.0,3.0,12.0,8935.0,40
YT00668,Esports creator video 668: trending ideas,Gaming,Esports,Canada,Media Company,2025-07-01,2025-07-04,450616.0,42750.0,6720.0,3761.0,70952.36,444337.0,3.0,16.0,10347.0,41
YT00669,Film & Animation creator video 669: trending ideas,Entertainment,Film & Animation,Canada,Brand,2025-07-16,2025-07-24,262934.0,14699.0,981.0,262.0,53316.23,3926864.0,8.0,3.0,4469.0,50
YT00670,Film & Animation creator video 670: trending ideas,Entertainment,Film & Animation,Australia,Individual,2025-03-06,2025-03-09,256828.0,7320.0,669.0,393.0,64850.7,2014255.0,3.0,9.0,80.0,50
YT00671,Technology creator video 671: trending ideas,Education,Technology,Canada,Educational,2025-03-03,2025-03-10,350151.0,15741.0,2111.0,1364.0,52589.48,3220371.0,7.0,12.0,11231.0,44
YT00672,Science creator video 672: trending ideas,Education,Science,United States,Brand,2025-10-26,2025-11-05,149600.0,15637.0,2158.0,535.0,29917.03,1436390.0,10.0,3.0,63.0,41
YT00673,Film & Animation creator video 673: trending ideas,Entertainment,Film & Animation,Australia,Individual,2025-07-14,2025-07-28,713780.0,29715.0,5276.0,2044.0,81063.97,3890426.0,14.0,18.0,8661.0,50
YT00674,Film & Animation creator video 674: trending ideas,Entertainment,Film & Animation,United States,Educational,2025-03-10,2025-03-12,884442.0,50016.0,6515.0,2870.0,39198.06,2801401.0,2.0,18.0,17480.0,50
YT00675,Science creator video 675: trending ideas,Education,Science,Canada,Media Company,2025-07-13,2025-07-21,286549.0,21301.0,3284.0,700.0,38477.55,1729706.0,8.0,18.0,6322.0,41
YT00676,Hip Hop creator video 676: trending ideas,Music,Hip Hop,United Kingdom,Individual,2025-01-02,2025-01-03,295356.0,18264.0,692.0,309.0,77538.53,353183.0,1.0,3.0,9817.0,41
YT00677,Esports creator video 677: trending ideas,Gaming,Esports,United States,Brand,2025-08-15,2025-08-18,455286.0,13473.0,574.0,1180.0,110272.33,513679.0,3.0,15.0,7165.0,41
YT00678,Technology creator video 678: trending ideas,Education,Technology,India,Media Company,2025-04-18,2025-04-21,281061.0,21877.0,1287.0,1953.0,40438.2,2817452.0,3.0,5.0,3504.0,44
YT00679,Film & Animation creator video 679: trending ideas,Entertainment,Film & Animation,Australia,Educational,2025-03-06,2025-03-14,390884.0,33389.0,1717.0,1148.0,20973.06,633173.0,8.0,3.0,12245.0,50
YT00680,Technology creator video 680: trending ideas,Education,Technology,Canada,Educational,2025-08-24,2025-08-28,195980.0,18528.0,1395.0,1234.0,35458.29,135256.0,4.0,2.0,11998.0,44
YT00681,Science creator video 681: trending ideas,Education,Science,India,Brand,2025-04-09,2025-04-11,244621.0,28114.0,943.0,1165.0,18656.21,977116.0,2.0,13.0,2958.0,41
YT00682,Film & Animation creator video 682: trending ideas,Entertainment,Film & Animation,Australia,Educational,2025-06-17,2025-06-23,872353.0,76039.0,4305.0,3336.0,101257.22,2569935.0,6.0,4.0,15850.0,50
YT00683,Walkthrough creator video 683: trending ideas,Gaming,Walkthrough,Australia,Brand,2025-07-14,2025-07-28,413187.0,16657.0,2069.0,261.0,90146.92,1307211.0,14.0,12.0,8827.0,45
YT00684,Hip Hop creator video 684: trending ideas,Music,Hip Hop,United Kingdom,Media Company,2025-06-30,2025-07-08,584596.0,49609.0,5024.0,2549.0,111665.25,3551047.0,8.0,11.0,3816.0,41
YT00685,Pop creator video 685: trending ideas,Music,Pop,Canada,Brand,2025-08-10,2025-08-12,109888.0,13119.0,1539.0,249.0,12357.56,45824.0,2.0,6.0,336.0,37
YT00686,Technology creator video 686: trending ideas,Education,Technology,United States,Media Company,2025-01-10,2025-01-11,163610.0,13565.0,1340.0,308.0,20099.24,681153.0,1.0,3.0,1242.0,44
YT00687,Science creator video 687: trending ideas,Education,Science,Australia,Individual,2025-02-13,2025-02-22,321097.0,32926.0,1974.0,1054.0,14667.49,2561406.0,9.0,5.0,109.0,41
YT00688,Film & Animation creator video 688: trending ideas,Entertainment,Film & Animation,Canada,Media Company,2025-07-04,2025-07-18,722202.0,31691.0,1479.0,1083.0,136671.31,2358022.0,14.0,17.0,17030.0,50
YT00689,Walkthrough creator video 689: trending ideas,Gaming,Walkthrough,India,Individual,2025-05-23,2025-06-01,205415.0,12367.0,633.0,576.0,15510.68,1791004.0,9.0,11.0,4820.0,45
YT00690,Science creator video 690: trending ideas,Education,Science,United Kingdom,Media Company,2025-10-12,2025-10-26,252653.0,9605.0,1400.0,729.0,46217.99,3815795.0,14.0,8.0,16547.0,41
YT00691,Science creator video 691: trending ideas,Education,Science,United Kingdom,Educational,2025-02-04,2025-02-14,460353.0,53776.0,1706.0,4336.0,57225.23,1548552.0,10.0,6.0,14437.0,41
YT00692,Science creator video 692: trending ideas,Education,Science,India,Individual,2025-04-04,2025-04-07,312769.0,8566.0,457.0,638.0,42071.55,44024.0,3.0,8.0,16959.0,41
YT00693,Comedy creator video 693: trending ideas,Entertainment,Comedy,Australia,Educational,2025-06-22,2025-07-04,841080.0,61376.0,3981.0,4011.0,109701.63,3134226.0,12.0,13.0,15495.0,40
YT00694,Pop creator video 694: trending ideas,Music,Pop,Australia,Media Company,2025-04-10,2025-04-19,477219.0,42386.0,3553.0,1602.0,55785.74,2309512.0,9.0,9.0,10205.0,37
YT00695,Walkthrough creator video 695: trending ideas,Gaming,Walkthrough,United Kingdom,Brand,2025-10-13,2025-10-21,408897.0,33416.0,5951.0,2603.0,60132.13,851554.0,8.0,4.0,13161.0,45
YT00696,Hip Hop creator video 696: trending ideas,Music,Hip Hop,Australia,Media Company,2025-01-07,2025-01-16,518629.0,60079.0,10342.0,3931.0,112387.12,1295855.0,9.0,15.0,15838.0,41
YT00697,Comedy creator video 697: trending ideas,Entertainment,Comedy,United Kingdom,Individual,2025-06-26,2025-07-09,580890.0,23484.0,4168.0,1502.0,51623.3,1970148.0,13.0,13.0,6013.0,40
YT00698,Walkthrough creator video 698: trending ideas,Gaming,Walkthrough,United States,Brand,2025-05-08,2025-05-15,148349.0,6457.0,541.0,142.0,29040.57,2655622.0,7.0,7.0,2404.0,45
YT00699,Film & Animation creator video 699: trending ideas,Entertainment,Film & Animation,United Kingdom,Educational,2025-09-17,2025-09-21,422066.0,42171.0,1466.0,2400.0,101243.96,201573.0,4.0,3.0,16032.0,50
YT00700,Film & Animation creator video 700: trending ideas,Entertainment,Film & Animation,United Kingdom,Educational,2025-09-11,2025-09-19,341465.0,11156.0,1116.0,875.0,61171.78,376915.0,8.0,4.0,13153.0,50
YT00701,Technology creator video 701: trending ideas,Education,Technology,United Kingdom,Educational,2025-04-06,2025-04-08,729239.0,83992.0,9943.0,1629.0,114902.31,1035130.0,2.0,13.0,17138.0,44
YT00702,Comedy creator video 702: trending ideas,Entertainment,Comedy,Australia,Brand,2025-01-25,2025-02-06,390541.0,27120.0,2197.0,1127.0,34401.47,1587665.0,12.0,13.0,2647.0,40
YT00703,Science creator video 703: trending ideas,Education,Science,United Kingdom,Educational,2025-09-11,2025-09-22,319986.0,24404.0,2992.0,1556.0,61159.42,2827759.0,11.0,16.0,15454.0,41
YT00704,Comedy creator video 704: trending ideas,Entertainment,Comedy,Australia,Individual,2025-03-25,2025-04-08,342067.0,32441.0,2321.0,1514.0,39284.96,2590865.0,14.0,8.0,10363.0,40
YT00705,Pop creator video 705: trending ideas,Music,Pop,United States,Brand,2025-01-17,2025-01-20,348182.0,28542.0,4844.0,1525.0,54949.74,1583236.0,3.0,16.0,1248.0,37
YT00706,Pop creator video 706: trending ideas,Music,Pop,Canada,Brand,2025-09-24,2025-09-26,402721.0,35474.0,5291.0,1099.0,42840.53,743392.0,2.0,9.0,6714.0,37
YT00707,Esports creator video 707: trending ideas,Gaming,Esports,United Kingdom,Brand,2025-04-12,2025-04-17,833420.0,98805.0,15156.0,2056.0,231144.89,3386552.0,5.0,13.0,7277.0,41
YT00708,Technology creator video 708: trending ideas,Education,Technology,Australia,Educational,2025-08-18,2025-08-27,311159.0,11725.0,1671.0,332.0,40847.36,3037988.0,9.0,17.0,2975.0,44
YT00709,Hip Hop creator video 709: trending ideas,Music,Hip Hop,Canada,Educational,2025-08-11,2025-08-22,663875.0,58279.0,6397.0,1760.0,167068.89,3991621.0,11.0,12.0,14908.0,41
YT00710,Film & Animation creator video 710: trending ideas,Entertainment,Film & Animation,Australia,Brand,2025-10-18,2025-10-28,505679.0,25426.0,4356.0,1280.0,43084.77,2123318.0,10.0,6.0,11187.0,50
YT00711,Walkthrough creator video 711: trending ideas,Gaming,Walkthrough,Canada,Educational,2025-01-17,2025-01-31,455165.0,24839.0,2375.0,942.0,105715.15,302750.0,14.0,13.0,14311.0,45
YT00712,Comedy creator video 712: trending ideas,Entertainment,Comedy,Australia,Media Company,2025-03-19,2025-03-29,628322.0,55773.0,2105.0,3057.0,46046.5,148198.0,10.0,16.0,17390.0,40
YT00713,Hip Hop creator video 713: trending ideas,Music,Hip Hop,Canada,Educational,2025-04-11,2025-04-16,599655.0,37946.0,5216.0,908.0,98677.34,1074227.0,5.0,13.0,11178.0,41
YT00714,Comedy creator video 714: trending ideas,Entertainment,Comedy,India,Media Company,2025-07-23,2025-08-05,437373.0,12980.0,949.0,908.0,94918.56,2289897.0,13.0,10.0,6922.0,40
YT00715,Hip Hop creator video 715: trending ideas,Music,Hip Hop,India,Brand,2025-08-06,2025-08-12,982035.0,72716.0,5917.0,2323.0,157817.36,3032221.0,6.0,13.0,12279.0,41
YT00716,Walkthrough creator video 716: trending ideas,Gaming,Walkthrough,Canada,Educational,2025-04-18,2025-04-25,415891.0,12642.0,1737.0,587.0,61395.75,1363127.0,7.0,14.0,13161.0,45
YT00717,Pop creator video 717: trending ideas,Music,Pop,Australia,Educational,2025-08-30,2025-09-02,307308.0,19957.0,3098.0,1711.0,52251.23,876648.0,3.0,8.0,5354.0,37
YT00718,Science creator video 718: trending ideas,Education,Science,India,Educational,2025-04-23,2025-04-29,270978.0,27613.0,4053.0,1344.0,48529.63,2567621.0,6.0,13.0,10944.0,41
YT00719,Comedy creator video 719: trending ideas,Entertainment,Comedy,Australia,Educational,2025-04-12,2025-04-15,443822.0,42438.0,4798.0,2984.0,69777.56,3450729.0,3.0,8.0,4485.0,40
YT00720,Walkthrough creator video 720: trending ideas,Gaming,Walkthrough,United Kingdom,Educational,2025-08-04,2025-08-13,335124.0,14872.0,875.0,820.0,62584.21,3600978.0,9.0,9.0,3514.0,45
YT00721,Film & Animation creator video 721: trending ideas,Entertainment,Film & Animation,Canada,Brand,2025-01-31,2025-02-10,600839.0,38964.0,3304.0,2056.0,36312.22,2756253.0,10.0,8.0,1991.0,50
YT00722,Technology creator video 722: trending ideas,Education,Technology,India,Educational,2025-05-27,2025-06-08,307472.0,9622.0,846.0,351.0,36284.6,2352096.0,12.0,9.0,9754.0,44
YT00723,Comedy creator video 723: trending ideas,Entertainment,Comedy,India,Media Company,2025-01-29,2025-02-02,403982.0,44468.0,4747.0,3602.0,41321.49,3963511.0,4.0,13.0,2349.0,40
YT00724,Walkthrough creator video 724: trending ideas,Gaming,Walkthrough,United Kingdom,Media Company,2025-06-30,2025-07-08,356307.0,36558.0,3284.0,2931.0,93244.27,478685.0,8.0,8.0,9041.0,45
YT00725,Comedy creator video 725: trending ideas,Entertainment,Comedy,Canada,Media Company,2025-05-03,2025-05-12,725932.0,77232.0,6240.0,2922.0,102523.4,2926742.0,9.0,8.0,12982.0,40
YT00726,Walkthrough creator video 726: trending ideas,Gaming,Walkthrough,United Kingdom,Brand,2025-08-27,2025-08-29,497812.0,22034.0,3310.0,1593.0,33287.65,1739628.0,2.0,8.0,11556.0,45
YT00727,Comedy creator video 727: trending ideas,Entertainment,Comedy,India,Individual,2025-04-15,2025-04-26,263007.0,10703.0,712.0,417.0,42767.99,1670527.0,11.0,5.0,940.0,40
YT00728,Science creator video 728: trending ideas,Education,Science,United States,Media Company,2025-03-03,2025-03-05,328718.0,37181.0,1619.0,671.0,91302.75,3593543.0,2.0,8.0,2410.0,41
YT00729,Pop creator video 729: trending ideas,Music,Pop,United Kingdom,Media Company,2025-07-11,2025-07-22,552384.0,43004.0,5158.0,3622.0,64589.16,1891911.0,11.0,11.0,14117.0,37
YT00730,Science creator video 730: trending ideas,Education,Science,India,Brand,2025-03-10,2025-03-23,384890.0,15189.0,1280.0,1094.0,52414.06,2648169.0,13.0,16.0,8241.0,41
YT00731,Hip Hop creator video 731: trending ideas,Music,Hip Hop,United States,Media Company,2025-03-30,2025-04-06,1127402.0,45085.0,7410.0,1188.0,263434.35,3080424.0,7.0,18.0,12176.0,41
YT00732,Esports creator video 732: trending ideas,Gaming,Esports,India,Educational,2025-05-01,2025-05-05,364089.0,38862.0,6411.0,2519.0,81038.55,3233841.0,4.0,3.0,9744.0,41
YT00733,Science creator video 733: trending ideas,Education,Science,United Kingdom,Media Company,2025-01-09,2025-01-19,292784.0,24598.0,2085.0,1279.0,69382.8,3638186.0,10.0,11.0,17270.0,41
YT00734,Pop creator video 734: trending ideas,Music,Pop,United Kingdom,Brand,2025-10-26,2025-11-01,561327.0,14470.0,1035.0,535.0,82599.33,1736991.0,6.0,13.0,7706.0,37
YT00735,Film & Animation creator video 735: trending ideas,Entertainment,Film & Animation,Australia,Media Company,2025-01-21,2025-02-03,461058.0,54726.0,6135.0,1827.0,67221.2,1981258.0,13.0,2.0,14505.0,50
YT00736,Hip Hop creator video 736: trending ideas,Music,Hip Hop,United States,Brand,2025-06-14,2025-06-18,496387.0,54204.0,7569.0,3898.0,132381.09,3720922.0,4.0,4.0,2411.0,41
YT00737,Technology creator video 737: trending ideas,Education,Technology,Australia,Brand,2025-04-26,2025-05-07,207014.0,24411.0,3113.0,2044.0,19537.81,3797079.0,11.0,5.0,5355.0,44
YT00738,Hip Hop creator video 738: trending ideas,Music,Hip Hop,United Kingdom,Media Company,2025-09-30,2025-10-03,400653.0,26762.0,1521.0,524.0,83097.2,3635921.0,3.0,2.0,9026.0,41
YT00739,Walkthrough creator video 739: trending ideas,Gaming,Walkthrough,United States,Media Company,2025-10-20,2025-10-23,213779.0,20358.0,1015.0,486.0,59810.79,147495.0,3.0,3.0,3925.0,45
YT00740,Hip Hop creator video 740: trending ideas,Music,Hip Hop,India,Media Company,2025-04-20,2025-05-04,599471.0,37434.0,2015.0,3034.0,129074.32,1077755.0,14.0,9.0,15541.0,41
YT00741,Film & Animation creator video 741: trending ideas,Entertainment,Film & Animation,India,Educational,2025-04-17,2025-04-25,424310.0,50272.0,8884.0,1010.0,108122.33,1933923.0,8.0,9.0,6801.0,50
YT00742,Science creator video 742: trending ideas,Education,Science,United Kingdom,Media Company,2025-06-09,2025-06-10,608816.0,66083.0,6535.0,5912.0,117537.9,1564133.0,1.0,7.0,17124.0,41
YT00743,Technology creator video 743: trending ideas,Education,Technology,United Kingdom,Media Company,2025-01-01,2025-01-11,468205.0,40076.0,2623.0,2715.0,129114.34,3851289.0,10.0,18.0,17468.0,44
YT00744,Walkthrough creator video 744: trending ideas,Gaming,Walkthrough,Australia,Educational,2025-04-26,2025-04-30,428498.0,41538.0,1574.0,3004.0,60542.39,1851336.0,4.0,5.0,297.0,45
YT00745,Technology creator video 745: trending ideas,Education,Technology,India,Brand,2025-04-22,2025-04-28,686942.0,21145.0,2177.0,1251.0,180763.78,3769263.0,6.0,18.0,11509.0,44
YT00746,Pop creator video 746: trending ideas,Music,Pop,Australia,Educational,2025-08-15,2025-08-21,560664.0,14757.0,2347.0,1237.0,98543.97,238987.0,6.0,15.0,16059.0,37
YT00747,Film & Animation creator video 747: trending ideas,Entertainment,Film & Animation,United Kingdom,Individual,2025-03-11,2025-03-17,234795.0,15893.0,1489.0,824.0,13158.83,599374.0,6.0,7.0,2187.0,50
YT00748,Film & Animation creator video 748: trending ideas,Entertainment,Film & Animation,United States,Educational,2025-01-31,2025-02-01,489423.0,29286.0,4049.0,2487.0,64860.24,1452339.0,1.0,18.0,1382.0,50
YT00749,Film & Animation creator video 749: trending ideas,Entertainment,Film & Animation,Australia,Individual,2025-07-24,2025-07-29,994282.0,35828.0,1079.0,1233.0,242092.0,1530255.0,5.0,9.0,12829.0,50
YT00750,Technology creator video 750: trending ideas,Education,Technology,Canada,Media Company,2025-07-27,2025-08-05,576398.0,38298.0,5929.0,2530.0,80603.08,2549713.0,9.0,14.0,9583.0,44
YT00751,Esports creator video 751: trending ideas,Gaming,Esports,United States,Brand,2025-09-17,2025-09-21,310183.0,17755.0,1405.0,979.0,73626.16,480577.0,4.0,5.0,10298.0,41
YT00752,Science creator video 752: trending ideas,Education,Science,United States,Media Company,2025-06-06,2025-06-11,402896.0,13456.0,1290.0,355.0,27557.6,3631230.0,5.0,17.0,9241.0,41
YT00753,Walkthrough creator video 753: trending ideas,Gaming,Walkthrough,United Kingdom,Media Company,2025-04-08,2025-04-22,261295.0,27618.0,2317.0,659.0,34935.09,465171.0,14.0,3.0,9428.0,45
YT00754,Esports creator video 754: trending ideas,Gaming,Esports,Canada,Media Company,2025-08-05,2025-08-09,789464.0,37094.0,6547.0,2967.0,201799.37,3748734.0,4.0,15.0,8520.0,41
YT00755,Walkthrough creator video 755: trending ideas,Gaming,Walkthrough,Australia,Educational,2025-05-28,2025-06-03,1013034.0,117938.0,8337.0,10354.0,198298.96,3843735.0,6.0,9.0,9409.0,45
YT00756,Technology creator video 756: trending ideas,Education,Technology,India,Individual,2025-05-15,2025-05-18,209897.0,7133.0,1236.0,603.0,43228.39,3758429.0,3.0,6.0,4296.0,44
YT00757,Film & Animation creator video 757: trending ideas,Entertainment,Film & Animation,Canada,Individual,2025-06-06,2025-06-10,852674.0,69959.0,10639.0,2256.0,127578.49,3609800.0,4.0,15.0,3328.0,50
YT00758,Hip Hop creator video 758: trending ideas,Music,Hip Hop,Australia,Media Company,2025-10-23,2025-11-02,390457.0,40170.0,5268.0,2323.0,95643.66,1285922.0,10.0,12.0,2240.0,41
YT00759,Science creator video 759: trending ideas,Education,Science,Australia,Individual,2025-08-09,2025-08-23,395744.0,36291.0,5617.0,1998.0,73052.6,167735.0,14.0,16.0,17906.0,41
YT00760,Pop creator video 760: trending ideas,Music,Pop,Canada,Brand,2025-02-14,2025-02-26,1007358.0,120834.0,7823.0,3195.0,50638.38,2481466.0,12.0,5.0,17817.0,37
YT00761,Walkthrough creator video 761: trending ideas,Gaming,Walkthrough,United States,Brand,2025-02-07,2025-02-20,803243.0,83245.0,2693.0,2900.0,53482.33,2008738.0,13.0,11.0,9398.0,45
YT00762,Science creator video 762: trending ideas,Education,Science,Canada,Educational,2025-07-24,2025-08-06,386401.0,15040.0,2520.0,1329.0,85066.93,3623800.0,13.0,9.0,10319.0,41
YT00763,Technology creator video 763: trending ideas,Education,Technology,Australia,Educational,2025-08-02,2025-08-13,429756.0,45820.0,6879.0,1268.0,48655.57,2621725.0,11.0,3.0,14923.0,44
YT00764,Esports creator video 764: trending ideas,Gaming,Esports,United States,Educational,2025-10-19,2025-10-28,631477.0,73614.0,3873.0,4384.0,58642.28,2695592.0,9.0,10.0,8718.0,41
YT00765,Film & Animation creator video 765: trending ideas,Entertainment,Film & Animation,Australia,Educational,2025-09-15,2025-09-29,492769.0,21744.0,890.0,1073.0,60370.77,2910702.0,14.0,11.0,17043.0,50
YT00766,Esports creator video 766: trending ideas,Gaming,Esports,Canada,Individual,2025-10-11,2025-10-19,633223.0,48538.0,5768.0,2799.0,171227.62,3123983.0,8.0,8.0,14662.0,41
YT00767,Pop creator video 767: trending ideas,Music,Pop,United Kingdom,Educational,2025-05-15,2025-05-28,269286.0,28459.0,4422.0,1757.0,35012.15,814818.0,13.0,18.0,3022.0,37
YT00768,Hip Hop creator video 768: trending ideas,Music,Hip Hop,India,Media Company,2025-07-27,2025-08-07,491526.0,23799.0,3064.0,1418.0,32543.67,767315.0,11.0,5.0,16278.0,41
YT00769,Walkthrough creator video 769: trending ideas,Gaming,Walkthrough,United States,Educational,2025-03-22,2025-04-05,382791.0,34388.0,3788.0,996.0,34170.6,3413438.0,14.0,17.0,5362.0,45
YT00770,Science creator video 770: trending ideas,Education,Science,United States,Brand,2025-05-30,2025-06-07,222352.0,21804.0,1479.0,1607.0,24468.34,462642.0,8.0,10.0,7454.0,41
YT00771,Walkthrough creator video 771: trending ideas,Gaming,Walkthrough,United States,Media Company,2025-02-07,2025-02-08,724908.0,48199.0,7415.0,3284.0,82625.55,2962978.0,1.0,9.0,2230.0,45
YT00772,Hip Hop creator video 772: trending ideas,Music,Hip Hop,Canada,Media Company,2025-07-03,2025-07-17,318711.0,16485.0,2551.0,550.0,25370.85,774034.0,14.0,10.0,13089.0,41
YT00773,Walkthrough creator video 773: trending ideas,Gaming,Walkthrough,United Kingdom,Brand,2025-03-17,2025-03-29,255732.0,23276.0,1252.0,622.0,30360.28,3807229.0,12.0,9.0,2545.0,45
YT00774,Walkthrough creator video 774: trending ideas,Gaming,Walkthrough,United Kingdom,Brand,2025-02-27,2025-03-09,420628.0,36480.0,5755.0,1242.0,74020.41,1522472.0,10.0,10.0,9778.0,45
YT00775,Hip Hop creator video 775: trending ideas,Music,Hip Hop,Canada,Brand,2025-03-07,2025-03-09,935212.0,90192.0,15638.0,1876.0,93940.0,2410982.0,2.0,4.0,15115.0,41
YT00776,Pop creator video 776: trending ideas,Music,Pop,India,Brand,2025-01-24,2025-02-06,825346.0,71064.0,5701.0,2179.0,148501.49,3081381.0,13.0,3.0,12722.0,37
YT00777,Science creator video 777: trending ideas,Education,Science,United Kingdom,Educational,2025-04-07,2025-04-10,312515.0,13610.0,1876.0,1042.0,27216.95,787784.0,3.0,15.0,2110.0,41
YT00778,Walkthrough creator video 778: trending ideas,Gaming,Walkthrough,United Kingdom,Individual,2025-03-19,2025-03-25,384429.0,30011.0,4198.0,2192.0,64560.12,881125.0,6.0,11.0,7359.0,45
YT00779,Esports creator video 779: trending ideas,Gaming,Esports,India,Individual,2025-07-07,2025-07-17,411593.0,44665.0,2061.0,2485.0,76256.94,2259021.0,10.0,4.0,5452.0,41
YT00780,Esports creator video 780: trending ideas,Gaming,Esports,Canada,Brand,2025-05-13,2025-05-26,418741.0,32947.0,5399.0,1008.0,53743.35,2236189.0,13.0,18.0,6378.0,41
YT00781,Technology creator video 781: trending ideas,Education,Technology,India,Individual,2025-08-11,2025-08-20,194933.0,14994.0,1890.0,291.0,40483.41,3240399.0,9.0,3.0,5123.0,44
YT00782,Walkthrough creator video 782: trending ideas,Gaming,Walkthrough,United States,Individual,2025-02-08,2025-02-09,820621.0,26167.0,3844.0,1207.0,146826.38,123446.0,1.0,4.0,17477.0,45
YT00783,Comedy creator video 783: trending ideas,Entertainment,Comedy,Australia,Media Company,2025-10-13,2025-10-18,308922.0,28995.0,1531.0,1796.0,47110.14,1405077.0,5.0,3.0,11232.0,40
YT00784,Technology creator video 784: trending ideas,Education,Technology,India,Media Company,2025-06-04,2025-06-11,424398.0,11713.0,1293.0,745.0,49492.59,1545367.0,7.0,15.0,9079.0,44
YT00785,Science creator video 785: trending ideas,Education,Science,United States,Brand,2025-02-14,2025-02-15,279436.0,33208.0,5104.0,1149.0,43598.14,1098766.0,1.0,12.0,1088.0,41
YT00786,Comedy creator video 786: trending ideas,Entertainment,Comedy,Australia,Media Company,2025-02-15,2025-02-22,179761.0,16960.0,954.0,697.0,47398.21,2651297.0,7.0,7.0,1264.0,40
YT00787,Film & Animation creator video 787: trending ideas,Entertainment,Film & Animation,United States,Educational,2025-03-12,2025-03-20,550299.0,56614.0,9850.0,2258.0,125449.41,1836863.0,8.0,10.0,6406.0,50
YT00788,Esports creator video 788: trending ideas,Gaming,Esports,Australia,Media Company,2025-10-20,2025-10-30,421040.0,15083.0,2308.0,401.0,51836.78,1065516.0,10.0,10.0,9841.0,41
YT00789,Technology creator video 789: trending ideas,Education,Technology,United Kingdom,Individual,2025-08-03,2025-08-09,295938.0,31555.0,5360.0,2689.0,14522.48,3085586.0,6.0,17.0,286.0,44
YT00790,Technology creator video 790: trending ideas,Education,Technology,United Kingdom,Brand,2025-02-17,2025-02-21,255169.0,15165.0,1301.0,838.0,27158.64,2808685.0,4.0,2.0,600.0,44
YT00791,Pop creator video 791: trending ideas,Music,Pop,India,Media Company,2025-01-12,2025-01-24,218380.0,12216.0,491.0,403.0,9833.15,2263790.0,12.0,5.0,213.0,37
YT00792,Technology creator video 792: trending ideas,Education,Technology,Australia,Media Company,2025-01-14,2025-01-18,441532.0,14589.0,1765.0,880.0,30877.67,1037542.0,4.0,5.0,12372.0,44
YT00793,Technology creator video 793: trending ideas,Education,Technology,Australia,Educational,2025-06-19,2025-06-26,194983.0,9349.0,1602.0,512.0,27130.74,1766196.0,7.0,10.0,4208.0,44
YT00794,Science creator video 794: trending ideas,Education,Science,Canada,Individual,2025-06-07,2025-06-17,209400.0,13681.0,2429.0,777.0,44964.74,1512021.0,10.0,9.0,2324.0,41
YT00795,Comedy creator video 795: trending ideas,Entertainment,Comedy,United Kingdom,Educational,2025-08-05,2025-08-16,490534.0,58724.0,8574.0,1156.0,54192.83,1160729.0,11.0,3.0,14991.0,40
YT00796,Science creator video 796: trending ideas,Education,Science,Canada,Educational,2025-03-08,2025-03-22,215593.0,10742.0,1317.0,959.0,8783.59,3168785.0,14.0,15.0,6519.0,41
YT00797,Pop creator video 797: trending ideas,Music,Pop,India,Brand,2025-01-07,2025-01-14,139844.0,5502.0,323.0,475.0,21966.47,1772344.0,7.0,6.0,639.0,37
YT00798,Pop creator video 798: trending ideas,Music,Pop,United Kingdom,Individual,2025-07-18,2025-07-23,1229461.0,67168.0,10729.0,3612.0,226110.52,3878550.0,5.0,8.0,3237.0,37
YT00799,Hip Hop creator video 799: trending ideas,Music,Hip Hop,Australia,Media Company,2025-10-15,2025-10-23,1019761.0,42851.0,3846.0,3700.0,268986.43,2250775.0,8.0,7.0,11965.0,41
YT00800,Technology creator video 800: trending ideas,Education,Technology,India,Brand,2025-08-26,2025-09-03,217583.0,24605.0,1904.0,1820.0,15193.47,440535.0,8.0,14.0,4026.0,44
YT00801,Comedy creator video 801: trending ideas,Entertainment,Comedy,United Kingdom,Brand,2025-06-30,2025-07-08,432578.0,14629.0,901.0,1212.0,103005.71,511583.0,8.0,10.0,12157.0,40
YT00802,Esports creator video 802: trending ideas,Gaming,Esports,India,Educational,2025-03-20,2025-04-02,709254.0,80768.0,4384.0,2634.0,170988.67,1497743.0,13.0,7.0,16935.0,41
YT00803,Film & Animation creator video 803: trending ideas,Entertainment,Film & Animation,United Kingdom,Brand,2025-09-10,2025-09-11,1040271.0,77096.0,5708.0,6263.0,282605.42,1845489.0,1.0,13.0,16810.0,50
YT00804,Film & Animation creator video 804: trending ideas,Entertainment,Film & Animation,United Kingdom,Brand,2025-02-21,2025-03-05,759512.0,73573.0,6548.0,5850.0,206558.25,1503152.0,12.0,14.0,13592.0,50
YT00805,Science creator video 805: trending ideas,Education,Science,United States,Brand,2025-10-11,2025-10-15,255013.0,6438.0,764.0,113.0,18912.09,240274.0,4.0,14.0,3585.0,41
YT00806,Esports creator video 806: trending ideas,Gaming,Esports,Australia,Brand,2025-06-11,2025-06-22,434327.0,11651.0,462.0,927.0,105390.77,3654679.0,11.0,17.0,1389.0,41
YT00807,Pop creator video 807: trending ideas,Music,Pop,Canada,Brand,2025-05-26,2025-06-08,148681.0,13793.0,600.0,910.0,16273.88,1117790.0,13.0,2.0,2325.0,37
YT00808,Technology creator video 808: trending ideas,Education,Technology,Australia,Brand,2025-08-05,2025-08-12,431288.0,38039.0,1971.0,2234.0,55122.14,3468693.0,7.0,13.0,12173.0,44
YT00809,Science creator video 809: trending ideas,Education,Science,Australia,Individual,2025-02-15,2025-02-20,613502.0,46760.0,5613.0,3193.0,147181.1,3511924.0,5.0,10.0,11272.0,41
YT00810,Film & Animation creator video 810: trending ideas,Entertainment,Film & Animation,India,Media Company,2025-08-02,2025-08-12,441763.0,33954.0,2905.0,1610.0,88415.13,2556815.0,10.0,4.0,12256.0,50
YT00811,Esports creator video 811: trending ideas,Gaming,Esports,India,Brand,2025-09-29,2025-10-11,396394.0,43838.0,4589.0,3101.0,61652.26,741955.0,12.0,18.0,8121.0,41
YT00812,Comedy creator video 812: trending ideas,Entertainment,Comedy,United States,Brand,2025-01-06,2025-01-14,433891.0,40836.0,2612.0,2785.0,102644.52,2387648.0,8.0,2.0,9265.0,40
YT00813,Hip Hop creator video 813: trending ideas,Music,Hip Hop,Canada,Educational,2025-03-27,2025-03-30,1266729.0,67697.0,11459.0,1364.0,337055.45,2172441.0,3.0,11.0,17905.0,41
YT00814,Hip Hop creator video 814: trending ideas,Music,Hip Hop,Canada,Media Company,2025-09-23,2025-10-06,677117.0,78153.0,10432.0,2867.0,96336.58,1285951.0,13.0,8.0,13942.0,41
YT00815,Comedy creator video 815: trending ideas,Entertainment,Comedy,Australia,Media Company,2025-07-21,2025-08-03,502406.0,37640.0,2029.0,2642.0,111332.14,1862459.0,13.0,11.0,15434.0,40
YT00816,Film & Animation creator video 816: trending ideas,Entertainment,Film & Animation,United States,Educational,2025-07-18,2025-07-19,516515.0,43445.0,5430.0,1999.0,112419.84,3702373.0,1.0,8.0,3392.0,50
YT00817,Science creator video 817: trending ideas,Education,Science,Canada,Individual,2025-01-19,2025-01-27,356711.0,34400.0,2114.0,3085.0,16565.04,2532686.0,8.0,9.0,7343.0,41
YT00818,Esports creator video 818: trending ideas,Gaming,Esports,Canada,Brand,2025-06-09,2025-06-13,534252.0,30067.0,1769.0,1387.0,128709.99,552589.0,4.0,17.0,6927.0,41
YT00819,Science creator video 819: trending ideas,Education,Science,United States,Brand,2025-05-01,2025-05-07,327732.0,23576.0,2178.0,1468.0,86264.01,1733976.0,6.0,6.0,8218.0,41
YT00820,Walkthrough creator video 820: trending ideas,Gaming,Walkthrough,Australia,Educational,2025-02-19,2025-02-22,724875.0,72839.0,8306.0,2929.0,73967.01,3880094.0,3.0,6.0,698.0,45
YT00821,Comedy creator video 821: trending ideas,Entertainment,Comedy,India,Brand,2025-04-12,2025-04-20,758207.0,63331.0,3915.0,3009.0,116810.23,1095262.0,8.0,10.0,15007.0,40
YT00822,Comedy creator video 822: trending ideas,Entertainment,Comedy,United Kingdom,Educational,2025-10-20,2025-10-24,733188.0,55116.0,2410.0,3433.0,147528.21,3369824.0,4.0,4.0,10459.0,40
YT00823,Esports creator video 823: trending ideas,Gaming,Esports,United States,Individual,2025-05-27,2025-05-29,300652.0,19707.0,3197.0,1511.0,51611.58,754771.0,2.0,16.0,6549.0,41
YT00824,Pop creator video 824: trending ideas,Music,Pop,Canada,Media Company,2025-08-17,2025-08-20,782360.0,44494.0,1800.0,1898.0,117349.73,27102.0,3.0,18.0,17838.0,37
YT00825,Esports creator video 825: trending ideas,Gaming,Esports,United Kingdom,Educational,2025-08-13,2025-08-27,356667.0,42200.0,2277.0,1122.0,72415.75,1098206.0,14.0,18.0,684.0,41
YT00826,Film & Animation creator video 826: trending ideas,Entertainment,Film & Animation,Australia,Media Company,2025-07-01,2025-07-15,456306.0,41349.0,2772.0,1072.0,84120.86,274287.0,14.0,7.0,16810.0,50
YT00827,Hip Hop creator video 827: trending ideas,Music,Hip Hop,India,Media Company,2025-04-24,2025-04-30,615177.0,40992.0,5280.0,3595.0,153204.53,3513385.0,6.0,10.0,11816.0,41
YT00828,Science creator video 828: trending ideas,Education,Science,India,Educational,2025-03-03,2025-03-16,294272.0,19893.0,3350.0,834.0,37967.12,813780.0,13.0,3.0,17561.0,41
YT00829,Film & Animation creator video 829: trending ideas,Entertainment,Film & Animation,United States,Educational,2025-05-04,2025-05-07,264432.0,28153.0,4605.0,957.0,70746.59,153168.0,3.0,18.0,392.0,50
YT00830,Science creator video 830: trending ideas,Education,Science,United States,Media Company,2025-01-09,2025-01-22,85756.0,6579.0,734.0,182.0,11223.4,207340.0,13.0,7.0,2129.0,41
YT00831,Film & Animation creator video 831: trending ideas,Entertainment,Film & Animation,Australia,Educational,2025-03-18,2025-03-24,531159.0,27985.0,4142.0,1401.0,21683.02,3064897.0,6.0,11.0,1837.0,50
YT00832,Comedy creator video 832: trending ideas,Entertainment,Comedy,Canada,Individual,2025-08-22,2025-08-25,1164672.0,110812.0,18332.0,7164.0,222115.53,2692019.0,3.0,15.0,17891.0,40
YT00833,Film & Animation creator video 833: trending ideas,Entertainment,Film & Animation,United Kingdom,Individual,2025-03-19,2025-03-26,546752.0,51719.0,6410.0,3555.0,127724.65,1465802.0,7.0,14.0,9216.0,50
YT00834,Technology creator video 834: trending ideas,Education,Technology,United Kingdom,Educational,2025-03-09,2025-03-14,437817.0,32591.0,1300.0,2930.0,103600.59,1584761.0,5.0,11.0,15032.0,44
YT00835,Hip Hop creator video 835: trending ideas,Music,Hip Hop,United Kingdom,Brand,2025-02-18,2025-02-27,525810.0,40415.0,6345.0,2173.0,48280.0,741133.0,9.0,13.0,14872.0,41
YT00836,Technology creator video 836: trending ideas,Education,Technology,Australia,Media Company,2025-05-07,2025-05-11,580158.0,67814.0,9084.0,5256.0,94199.2,3694259.0,4.0,16.0,12830.0,44
YT00837,Film & Animation creator video 837: trending ideas,Entertainment,Film & Animation,Australia,Educational,2025-04-30,2025-05-10,585966.0,33080.0,2349.0,1596.0,76194.83,1452579.0,10.0,16.0,9311.0,50
YT00838,Esports creator video 838: trending ideas,Gaming,Esports,United States,Media Company,2025-06-17,2025-06-28,583977.0,55061.0,7958.0,4149.0,99667.85,2774063.0,11.0,8.0,14543.0,41
YT00839,Walkthrough creator video 839: trending ideas,Gaming,Walkthrough,Australia,Brand,2025-07-08,2025-07-10,738279.0,67039.0,8454.0,4751.0,194080.03,1034287.0,2.0,6.0,11669.0,45
YT00840,Comedy creator video 840: trending ideas,Entertainment,Comedy,India,Brand,2025-09-07,2025-09-14,796851.0,68644.0,5628.0,5584.0,58433.0,3544742.0,7.0,14.0,1396.0,40
YT00841,Hip Hop creator video 841: trending ideas,Music,Hip Hop,United States,Media Company,2025-07-31,2025-08-05,908519.0,69386.0,5243.0,1119.0,58804.11,3900960.0,5.0,18.0,12972.0,41
YT00842,Technology creator video 842: trending ideas,Education,Technology,Canada,Brand,2025-01-28,2025-02-08,269676.0,12106.0,1198.0,327.0,59519.54,1636476.0,11.0,5.0,10078.0,44
YT00843,Esports creator video 843: trending ideas,Gaming,Esports,Canada,Educational,2025-05-04,2025-05-08,357418.0,20776.0,2763.0,936.0,33870.16,2801239.0,4.0,10.0,3922.0,41
YT00844,Science creator video 844: trending ideas,Education,Science,Australia,Media Company,2025-05-27,2025-05-29,151721.0,6590.0,621.0,160.0,7744.39,2434977.0,2.0,12.0,1855.0,41
YT00845,Comedy creator video 845: trending ideas,Entertainment,Comedy,India,Brand,2025-04-02,2025-04-15,719939.0,30429.0,1960.0,1406.0,172175.57,2699249.0,13.0,7.0,10445.0,40
YT00846,Technology creator video 846: trending ideas,Education,Technology,Australia,Individual,2025-04-07,2025-04-16,574694.0,15538.0,734.0,1198.0,96641.47,2378082.0,9.0,17.0,16953.0,44
YT00847,Pop creator video 847: trending ideas,Music,Pop,India,Brand,2025-04-03,2025-04-10,903343.0,29141.0,5022.0,2043.0,183745.31,1159140.0,7.0,17.0,17209.0,37
YT00848,Walkthrough creator video 848: trending ideas,Gaming,Walkthrough,United Kingdom,Individual,2025-10-15,2025-10-21,591133.0,40803.0,2031.0,2175.0,160402.21,1621680.0,6.0,11.0,6763.0,45
YT00849,Hip Hop creator video 849: trending ideas,Music,Hip Hop,United Kingdom,Individual,2025-01-27,2025-02-10,463772.0,13568.0,1811.0,1150.0,115881.56,3655307.0,14.0,3.0,3604.0,41
YT00850,Esports creator video 850: trending ideas,Gaming,Esports,United Kingdom,Media Company,2025-02-13,2025-02-27,166345.0,16850.0,1679.0,1406.0,10560.91,46114.0,14.0,9.0,4169.0,41
YT00851,Science creator video 851: trending ideas,Education,Science,Canada,Educational,2025-05-08,2025-05-21,292811.0,12182.0,2161.0,810.0,33040.96,987066.0,13.0,15.0,13714.0,41
YT00852,Science creator video 852: trending ideas,Education,Science,United States,Individual,2025-10-11,2025-10-18,489154.0,44122.0,6547.0,2793.0,34663.6,3481196.0,7.0,9.0,9271.0,41
YT00853,Comedy creator video 853: trending ideas,Entertainment,Comedy,United Kingdom,Individual,2025-01-13,2025-01-22,371884.0,19491.0,724.0,406.0,40753.04,3778175.0,9.0,5.0,2954.0,40
YT00854,Esports creator video 854: trending ideas,Gaming,Esports,United States,Brand,2025-01-28,2025-01-30,1167120.0,128297.0,10379.0,3847.0,168357.24,3397990.0,2.0,15.0,12269.0,41
YT00855,Science creator video 855: trending ideas,Education,Science,United Kingdom,Media Company,2025-07-01,2025-07-04,483160.0,52633.0,3242.0,3567.0,19354.28,49929.0,3.0,10.0,17251.0,41
YT00856,Hip Hop creator video 856: trending ideas,Music,Hip Hop,Australia,Media Company,2025-04-10,2025-04-22,490565.0,46930.0,3319.0,1579.0,78598.77,3179520.0,12.0,17.0,14372.0,41
YT00857,Esports creator video 857: trending ideas,Gaming,Esports,United States,Individual,2025-03-02,2025-03-07,271762.0,9966.0,467.0,409.0,48606.12,2770985.0,5.0,5.0,6240.0,41
YT00858,Technology creator video 858: trending ideas,Education,Technology,United Kingdom,Media Company,2025-06-30,2025-07-02,399900.0,25324.0,2158.0,1146.0,52168.37,1949468.0,2.0,13.0,5800.0,44
YT00859,Film & Animation creator video 859: trending ideas,Entertainment,Film & Animation,United Kingdom,Media Company,2025-03-31,2025-04-13,352940.0,18137.0,2303.0,1233.0,22887.57,890002.0,13.0,8.0,8551.0,50
YT00860,Hip Hop creator video 860: trending ideas,Music,Hip Hop,India,Media Company,2025-10-21,2025-10-28,382265.0,18094.0,1439.0,319.0,62011.61,721008.0,7.0,14.0,6434.0,41
YT00861,Technology creator video 861: trending ideas,Education,Technology,United Kingdom,Media Company,2025-07-18,2025-08-01,328713.0,34591.0,1941.0,2067.0,24381.26,1602625.0,14.0,5.0,8563.0,44
YT00862,Film & Animation creator video 862: trending ideas,Entertainment,Film & Animation,United Kingdom,Individual,2025-10-18,2025-10-28,1202855.0,94966.0,4659.0,7060.0,169053.13,3079187.0,10.0,7.0,16795.0,50
YT00863,Esports creator video 863: trending ideas,Gaming,Esports,Australia,Brand,2025-10-23,2025-11-03,222372.0,18792.0,2718.0,1105.0,31597.51,43567.0,11.0,9.0,4963.0,41
YT00864,Technology creator video 864: trending ideas,Education,Technology,United States,Educational,2025-07-31,2025-08-08,428718.0,13227.0,1103.0,601.0,49087.04,1517844.0,8.0,10.0,14413.0,44
YT00865,Pop creator video 865: trending ideas,Music,Pop,Canada,Media Company,2025-08-18,2025-08-20,556806.0,29258.0,2976.0,1039.0,121643.8,1612101.0,2.0,15.0,2245.0,37
YT00866,Technology creator video 866: trending ideas,Education,Technology,United States,Individual,2025-04-26,2025-04-27,387419.0,10697.0,1267.0,294.0,73883.2,1752919.0,1.0,5.0,14977.0,44
YT00867,Comedy creator video 867: trending ideas,Entertainment,Comedy,United Kingdom,Media Company,2025-04-09,2025-04-19,303246.0,25124.0,3502.0,1138.0,58230.48,17396.0,10.0,17.0,1132.0,40
YT00868,Esports creator video 868: trending ideas,Gaming,Esports,India,Educational,2025-09-14,2025-09-24,691991.0,51776.0,4456.0,3268.0,192076.15,1303675.0,10.0,13.0,12642.0,41
YT00869,Pop creator video 869: trending ideas,Music,Pop,Canada,Brand,2025-06-24,2025-06-30,427240.0,46095.0,7453.0,3008.0,41973.42,3269207.0,6.0,13.0,5359.0,37
YT00870,Pop creator video 870: trending ideas,Music,Pop,India,Educational,2025-06-26,2025-07-03,861767.0,28387.0,1427.0,1705.0,59072.68,2653773.0,7.0,3.0,10300.0,37
YT00871,Technology creator video 871: trending ideas,Education,Technology,United Kingdom,Individual,2025-09-02,2025-09-07,321537.0,29727.0,2471.0,2099.0,49959.65,186348.0,5.0,8.0,15538.0,44
YT00872,Esports creator video 872: trending ideas,Gaming,Esports,United Kingdom,Brand,2025-08-22,2025-08-31,431023.0,16214.0,2095.0,641.0,17979.14,2054353.0,9.0,12.0,4861.0,41
YT00873,Esports creator video 873: trending ideas,Gaming,Esports,India,Media Company,2025-04-13,2025-04-14,630436.0,47085.0,8079.0,3115.0,100160.89,2098240.0,1.0,14.0,14387.0,41
YT00874,Science creator video 874: trending ideas,Education,Science,Australia,Brand,2025-06-29,2025-07-01,230330.0,13978.0,1638.0,1176.0,30938.05,977199.0,2.0,15.0,2123.0,41
YT00875,Esports creator video 875: trending ideas,Gaming,Esports,India,Media Company,2025-02-14,2025-02-23,484920.0,38559.0,1340.0,843.0,71553.18,1871241.0,9.0,12.0,2956.0,41
YT00876,Walkthrough creator video 876: trending ideas,Gaming,Walkthrough,India,Brand,2025-10-01,2025-10-11,411802.0,19593.0,1548.0,616.0,40400.7,2124470.0,10.0,13.0,16666.0,45
YT00877,Pop creator video 877: trending ideas,Music,Pop,Canada,Media Company,2025-02-18,2025-02-23,841755.0,91233.0,16170.0,4879.0,205908.02,3165854.0,5.0,14.0,5321.0,37
YT00878,Technology creator video 878: trending ideas,Education,Technology,United Kingdom,Educational,2025-03-08,2025-03-13,331306.0,31781.0,4969.0,503.0,58001.12,2380855.0,5.0,5.0,8846.0,44
YT00879,Comedy creator video 879: trending ideas,Entertainment,Comedy,United Kingdom,Media Company,2025-07-28,2025-08-10,335271.0,10140.0,1349.0,830.0,88941.54,276537.0,13.0,12.0,10759.0,40
YT00880,Technology creator video 880: trending ideas,Education,Technology,India,Individual,2025-07-10,2025-07-15,407696.0,23920.0,2473.0,800.0,78992.87,3938827.0,5.0,10.0,2354.0,44
YT00881,Science creator video 881: trending ideas,Education,Science,United Kingdom,Media Company,2025-10-26,2025-11-06,237463.0,19869.0,3427.0,1111.0,38848.76,643548.0,11.0,8.0,7336.0,41
YT00882,Esports creator video 882: trending ideas,Gaming,Esports,United Kingdom,Individual,2025-06-21,2025-06-25,661430.0,68258.0,12242.0,1052.0,162973.6,1517448.0,4.0,9.0,10973.0,41
YT00883,Film & Animation creator video 883: trending ideas,Entertainment,Film & Animation,United States,Individual,2025-07-29,2025-08-05,401814.0,16417.0,2677.0,992.0,96867.41,736721.0,7.0,5.0,12726.0,50
YT00884,Technology creator video 884: trending ideas,Education,Technology,India,Brand,2025-01-05,2025-01-11,324181.0,11704.0,510.0,675.0,53019.76,2181822.0,6.0,2.0,17554.0,44
YT00885,Walkthrough creator video 885: trending ideas,Gaming,Walkthrough,Australia,Educational,2025-01-11,2025-01-20,338583.0,34108.0,5991.0,567.0,65723.3,1321520.0,9.0,17.0,3697.0,45
YT00886,Esports creator video 886: trending ideas,Gaming,Esports,India,Educational,2025-04-16,2025-04-21,807461.0,68934.0,9782.0,5508.0,187443.4,3557938.0,5.0,7.0,4708.0,41
YT00887,Walkthrough creator video 887: trending ideas,Gaming,Walkthrough,United Kingdom,Educational,2025-06-18,2025-07-01,302843.0,19632.0,2484.0,344.0,80175.61,84180.0,13.0,13.0,8658.0,45
YT00888,Hip Hop creator video 888: trending ideas,Music,Hip Hop,Australia,Media Company,2025-08-16,2025-08-18,527903.0,53031.0,9230.0,1722.0,111976.7,2138743.0,2.0,13.0,1439.0,41
YT00889,Pop creator video 889: trending ideas,Music,Pop,India,Individual,2025-06-14,2025-06-15,328336.0,17757.0,2951.0,471.0,90286.37,124059.0,1.0,7.0,4306.0,37
YT00890,Science creator video 890: trending ideas,Education,Science,Canada,Brand,2025-09-01,2025-09-02,613475.0,30109.0,1269.0,2302.0,77660.9,241256.0,1.0,10.0,16448.0,41
YT00891,Comedy creator video 891: trending ideas,Entertainment,Comedy,Canada,Brand,2025-08-27,2025-09-03,346876.0,9651.0,1516.0,849.0,76491.79,718334.0,7.0,2.0,14169.0,40
YT00892,Comedy creator video 892: trending ideas,Entertainment,Comedy,Australia,Individual,2025-09-28,2025-10-07,483117.0,42928.0,1442.0,3094.0,30222.1,1498439.0,9.0,7.0,10563.0,40
YT00893,Technology creator video 893: trending ideas,Education,Technology,India,Individual,2025-03-02,2025-03-12,407624.0,15773.0,2339.0,550.0,110705.71,2983851.0,10.0,15.0,9567.0,44
YT00894,Hip Hop creator video 894: trending ideas,Music,Hip Hop,United Kingdom,Educational,2025-08-01,2025-08-13,229843.0,22463.0,3062.0,1092.0,16399.66,2022446.0,12.0,5.0,3359.0,41
YT00895,Pop creator video 895: trending ideas,Music,Pop,Australia,Brand,2025-06-15,2025-06-19,690360.0,25895.0,1150.0,526.0,150867.23,2837080.0,4.0,15.0,1403.0,37
YT00896,Esports creator video 896: trending ideas,Gaming,Esports,Canada,Brand,2025-03-16,2025-03-27,286912.0,33199.0,2302.0,701.0,29020.75,1519609.0,11.0,12.0,7613.0,41
YT00897,Hip Hop creator video 897: trending ideas,Music,Hip Hop,Canada,Educational,2025-02-01,2025-02-08,550522.0,32269.0,4060.0,1650.0,82077.73,3875818.0,7.0,14.0,3092.0,41
YT00898,Comedy creator video 898: trending ideas,Entertainment,Comedy,United Kingdom,Educational,2025-08-03,2025-08-15,346066.0,10152.0,1775.0,803.0,31110.02,3772782.0,12.0,9.0,655.0,40
YT00899,Film & Animation creator video 899: trending ideas,Entertainment,Film & Animation,United Kingdom,Individual,2025-08-27,2025-08-28,828972.0,56248.0,1850.0,1934.0,83076.2,3011816.0,1.0,11.0,5219.0,50
YT00900,Pop creator video 900: trending ideas,Music,Pop,India,Individual,2025-03-17,2025-03-25,595649.0,30164.0,5213.0,1000.0,64266.79,1203218.0,8.0,16.0,12986.0,37
YT00901,Esports creator video 901: trending ideas,Gaming,Esports,Australia,Media Company,2025-02-16,2025-02-18,1047803.0,45814.0,4148.0,1570.0,225942.23,2428518.0,2.0,11.0,16943.0,41
YT00902,Science creator video 902: trending ideas,Education,Science,India,Brand,2025-03-30,2025-04-13,294981.0,12835.0,637.0,1081.0,79808.0,558545.0,14.0,13.0,16412.0,41
YT00903,Science creator video 903: trending ideas,Education,Science,Canada,Media Company,2025-05-18,2025-05-26,313651.0,18810.0,2947.0,671.0,38709.55,2194825.0,8.0,11.0,3704.0,41
YT00904,Comedy creator video 904: trending ideas,Entertainment,Comedy,Canada,Educational,2025-08-17,2025-08-26,468614.0,30790.0,4308.0,717.0,24078.75,3992801.0,9.0,11.0,11236.0,40
YT00905,Film & Animation creator video 905: trending ideas,Entertainment,Film & Animation,Canada,Media Company,2025-09-12,2025-09-24,232047.0,9520.0,1245.0,626.0,45212.02,2668942.0,12.0,8.0,840.0,50
YT00906,Pop creator video 906: trending ideas,Music,Pop,United States,Media Company,2025-08-19,2025-08-30,804244.0,49275.0,7916.0,1068.0,153755.49,1959888.0,11.0,16.0,10895.0,37
YT00907,Walkthrough creator video 907: trending ideas,Gaming,Walkthrough,United States,Educational,2025-09-16,2025-09-19,585912.0,67046.0,6768.0,5361.0,72459.53,1360329.0,3.0,18.0,6053.0,45
YT00908,Science creator video 908: trending ideas,Education,Science,United States,Individual,2025-01-09,2025-01-20,386662.0,44425.0,5798.0,1791.0,80091.67,2556178.0,11.0,14.0,9577.0,41
YT00909,Science creator video 909: trending ideas,Education,Science,Canada,Brand,2025-02-01,2025-02-12,122243.0,5596.0,541.0,123.0,5008.12,3249333.0,11.0,2.0,3203.0,41
YT00910,Esports creator video 910: trending ideas,Gaming,Esports,India,Individual,2025-02-06,2025-02-08,405782.0,44465.0,7964.0,2512.0,20185.55,2429080.0,2.0,7.0,6626.0,41
YT00911,Walkthrough creator video 911: trending ideas,Gaming,Walkthrough,Australia,Brand,2025-04-03,2025-04-10,577902.0,17541.0,1173.0,1244.0,136548.55,969609.0,7.0,7.0,13866.0,45
YT00912,Walkthrough creator video 912: trending ideas,Gaming,Walkthrough,India,Educational,2025-09-20,2025-09-28,671787.0,33245.0,5143.0,2114.0,140561.2,1089230.0,8.0,14.0,14274.0,45
YT00913,Hip Hop creator video 913: trending ideas,Music,Hip Hop,Australia,Educational,2025-03-27,2025-04-04,1425184.0,36721.0,2633.0,2222.0,129498.45,2893274.0,8.0,4.0,17254.0,41
YT00914,Pop creator video 914: trending ideas,Music,Pop,United Kingdom,Educational,2025-06-01,2025-06-03,1367628.0,161030.0,6105.0,10922.0,71081.77,2672122.0,2.0,18.0,12250.0,37
YT00915,Film & Animation creator video 915: trending ideas,Entertainment,Film & Animation,Canada,Media Company,2025-08-24,2025-09-07,214937.0,21240.0,3132.0,773.0,10204.57,894888.0,14.0,3.0,3710.0,50
YT00916,Walkthrough creator video 916: trending ideas,Gaming,Walkthrough,United States,Brand,2025-08-13,2025-08-14,542246.0,23066.0,3167.0,1845.0,127800.65,905403.0,1.0,12.0,9170.0,45
YT00917,Esports creator video 917: trending ideas,Gaming,Esports,India,Brand,2025-06-11,2025-06-17,244388.0,17770.0,2068.0,504.0,16038.59,2360230.0,6.0,5.0,1329.0,41
YT00918,Comedy creator video 918: trending ideas,Entertainment,Comedy,Australia,Media Company,2025-09-08,2025-09-19,448845.0,11849.0,1044.0,452.0,97745.08,2811211.0,11.0,10.0,5056.0,40
YT00919,Walkthrough creator video 919: trending ideas,Gaming,Walkthrough,India,Individual,2025-02-02,2025-02-09,857146.0,97518.0,11086.0,6760.0,99976.88,2239684.0,7.0,10.0,15896.0,45
YT00920,Comedy creator video 920: trending ideas,Entertainment,Comedy,United Kingdom,Individual,2025-01-31,2025-02-13,833885.0,52291.0,5008.0,4068.0,55804.99,3673351.0,13.0,7.0,16698.0,40
YT00921,Hip Hop creator video 921: trending ideas,Music,Hip Hop,United Kingdom,Media Company,2025-09-04,2025-09-16,166773.0,18466.0,1190.0,806.0,11692.11,1423206.0,12.0,10.0,48.0,41
YT00922,Technology creator video 922: trending ideas,Education,Technology,India,Media Company,2025-09-05,2025-09-12,406970.0,15124.0,730.0,810.0,105571.09,3674674.0,7.0,2.0,4910.0,44
YT00923,Comedy creator video 923: trending ideas,Entertainment,Comedy,Canada,Individual,2025-09-18,2025-09-20,549341.0,59156.0,5324.0,4425.0,126421.85,377023.0,2.0,14.0,8710.0,40
YT00924,Hip Hop creator video 924: trending ideas,Music,Hip Hop,United Kingdom,Media Company,2025-01-18,2025-01-29,412504.0,13152.0,2029.0,655.0,112081.92,1320747.0,11.0,6.0,5429.0,41
YT00925,Pop creator video 925: trending ideas,Music,Pop,United States,Individual,2025-07-03,2025-07-10,451169.0,41294.0,2995.0,3412.0,32761.04,1682076.0,7.0,17.0,9362.0,37
YT00926,Esports creator video 926: trending ideas,Gaming,Esports,Australia,Brand,2025-05-17,2025-05-28,246349.0,9823.0,703.0,226.0,28390.45,810186.0,11.0,8.0,6980.0,41
YT00927,Film & Animation creator video 927: trending ideas,Entertainment,Film & Animation,United States,Individual,2025-06-02,2025-06-04,1044210.0,65709.0,6526.0,2924.0,133207.61,2309326.0,2.0,10.0,17150.0,50
YT00928,Technology creator video 928: trending ideas,Education,Technology,United States,Educational,2025-07-23,2025-08-06,543306.0,49516.0,2020.0,1972.0,139711.83,2998787.0,14.0,7.0,17556.0,44
YT00929,Esports creator video 929: trending ideas,Gaming,Esports,India,Individual,2025-06-19,2025-06-25,503937.0,34175.0,3475.0,1282.0,70814.23,2834313.0,6.0,16.0,14373.0,41
YT00930,Hip Hop creator video 930: trending ideas,Music,Hip Hop,India,Individual,2025-10-11,2025-10-21,1044108.0,47543.0,7128.0,2764.0,63740.99,3592792.0,10.0,13.0,12560.0,41
YT00931,Film & Animation creator video 931: trending ideas,Entertainment,Film & Animation,United States,Individual,2025-09-12,2025-09-17,419959.0,36260.0,2196.0,558.0,79515.88,2824538.0,5.0,17.0,6233.0,50
YT00932,Film & Animation creator video 932: trending ideas,Entertainment,Film & Animation,United States,Media Company,2025-08-24,2025-08-25,533520.0,18371.0,1397.0,863.0,136278.32,1010243.0,1.0,12.0,2309.0,50
YT00933,Science creator video 933: trending ideas,Education,Science,India,Educational,2025-05-04,2025-05-11,139720.0,13108.0,1552.0,462.0,38939.15,1975461.0,7.0,2.0,2034.0,41
YT00934,Science creator video 934: trending ideas,Education,Science,United States,Educational,2025-05-05,2025-05-16,278930.0,23485.0,1427.0,1348.0,71131.22,308937.0,11.0,10.0,10750.0,41
YT00935,Walkthrough creator video 935: trending ideas,Gaming,Walkthrough,India,Media Company,2025-05-15,2025-05-27,765851.0,20593.0,2772.0,925.0,127227.88,2854555.0,12.0,17.0,3264.0,45
YT00936,Technology creator video 936: trending ideas,Education,Technology,Australia,Individual,2025-09-21,2025-09-29,134445.0,8434.0,887.0,663.0,32828.16,641557.0,8.0,12.0,1672.0,44
YT00937,Film & Animation creator video 937: trending ideas,Entertainment,Film & Animation,India,Brand,2025-05-18,2025-05-30,985944.0,108138.0,4073.0,3500.0,89899.09,3651400.0,12.0,13.0,4434.0,50
YT00938,Comedy creator video 938: trending ideas,Entertainment,Comedy,United States,Media Company,2025-01-15,2025-01-27,607638.0,20276.0,977.0,457.0,149776.14,3072198.0,12.0,7.0,7865.0,40
YT00939,Science creator video 939: trending ideas,Education,Science,India,Media Company,2025-02-10,2025-02-20,167652.0,9961.0,1727.0,241.0,16549.74,24352.0,10.0,2.0,10976.0,41
YT00940,Hip Hop creator video 940: trending ideas,Music,Hip Hop,Canada,Individual,2025-01-03,2025-01-05,1859114.0,90425.0,13506.0,3143.0,469544.7,3538483.0,2.0,11.0,13449.0,41
YT00941,Comedy creator video 941: trending ideas,Entertainment,Comedy,Australia,Brand,2025-04-11,2025-04-17,402630.0,26013.0,3710.0,715.0,40847.46,3676102.0,6.0,3.0,14062.0,40
YT00942,Comedy creator video 942: trending ideas,Entertainment,Comedy,United Kingdom,Educational,2025-06-23,2025-07-01,406511.0,39031.0,4413.0,1643.0,69161.73,537696.0,8.0,16.0,8089.0,40
YT00943,Hip Hop creator video 943: trending ideas,Music,Hip Hop,Canada,Individual,2025-03-14,2025-03-16,1184098.0,30801.0,1659.0,2045.0,268739.89,1547131.0,2.0,18.0,15363.0,41
YT00944,Pop creator video 944: trending ideas,Music,Pop,United Kingdom,Media Company,2025-04-25,2025-05-08,521714.0,51396.0,8087.0,1243.0,96335.08,1191222.0,13.0,12.0,12070.0,37
YT00945,Film & Animation creator video 945: trending ideas,Entertainment,Film & Animation,Canada,Educational,2025-04-26,2025-05-04,723715.0,83522.0,11050.0,5390.0,170291.07,1527502.0,8.0,15.0,15221.0,50
YT00946,Walkthrough creator video 946: trending ideas,Gaming,Walkthrough,Australia,Educational,2025-07-13,2025-07-16,356667.0,28486.0,3394.0,1076.0,85675.91,612011.0,3.0,4.0,9614.0,45
YT00947,Film & Animation creator video 947: trending ideas,Entertainment,Film & Animation,United States,Individual,2025-03-29,2025-04-12,829013.0,46476.0,4724.0,777.0,65463.62,2659101.0,14.0,12.0,14827.0,50
YT00948,Film & Animation creator video 948: trending ideas,Entertainment,Film & Animation,Canada,Brand,2025-02-18,2025-02-20,872556.0,51486.0,5794.0,1139.0,160219.03,1112138.0,2.0,7.0,14362.0,50
YT00949,Pop creator video 949: trending ideas,Music,Pop,Australia,Educational,2025-04-08,2025-04-10,759412.0,73949.0,12038.0,6586.0,44933.71,720175.0,2.0,18.0,6273.0,37
YT00950,Esports creator video 950: trending ideas,Gaming,Esports,Australia,Media Company,2025-04-21,2025-05-01,880333.0,41904.0,1402.0,3468.0,112277.25,3487620.0,10.0,7.0,14037.0,41
YT00951,Comedy creator video 951: trending ideas,Entertainment,Comedy,United Kingdom,Educational,2025-07-30,2025-08-12,487212.0,47542.0,2913.0,3832.0,24940.44,300801.0,13.0,9.0,17494.0,40
YT00952,Esports creator video 952: trending ideas,Gaming,Esports,India,Educational,2025-03-14,2025-03-19,512765.0,38400.0,3399.0,2912.0,135797.4,1892951.0,5.0,12.0,7881.0,41
YT00953,Hip Hop creator video 953: trending ideas,Music,Hip Hop,Australia,Brand,2025-08-06,2025-08-13,189688.0,21881.0,1943.0,594.0,44433.61,126412.0,7.0,9.0,1201.0,41
YT00954,Science creator video 954: trending ideas,Education,Science,India,Educational,2025-04-24,2025-04-25,529906.0,49725.0,6519.0,2328.0,119314.94,1976783.0,1.0,13.0,5546.0,41
YT00955,Walkthrough creator video 955: trending ideas,Gaming,Walkthrough,Canada,Educational,2025-01-01,2025-01-05,497295.0,30619.0,4243.0,1852.0,24490.38,1798513.0,4.0,16.0,8168.0,45
YT00956,Pop creator video 956: trending ideas,Music,Pop,India,Media Company,2025-09-13,2025-09-26,273725.0,29381.0,3596.0,972.0,28075.27,3866171.0,13.0,5.0,2532.0,37
YT00957,Science creator video 957: trending ideas,Education,Science,Australia,Educational,2025-05-21,2025-05-26,290449.0,7878.0,1331.0,465.0,47984.49,968452.0,5.0,9.0,10350.0,41
YT00958,Film & Animation creator video 958: trending ideas,Entertainment,Film & Animation,Australia,Educational,2025-03-23,2025-04-03,627508.0,57617.0,2708.0,2587.0,170922.03,3334889.0,11.0,10.0,3895.0,50
YT00959,Technology creator video 959: trending ideas,Education,Technology,United States,Brand,2025-01-07,2025-01-11,498437.0,15669.0,2797.0,527.0,26873.25,2553500.0,4.0,10.0,13978.0,44
YT00960,Esports creator video 960: trending ideas,Gaming,Esports,United Kingdom,Individual,2025-04-19,2025-04-22,352544.0,23555.0,3281.0,1270.0,28534.21,3195517.0,3.0,3.0,7896.0,41
YT00961,Technology creator video 961: trending ideas,Education,Technology,Canada,Brand,2025-01-13,2025-01-17,470138.0,18192.0,2405.0,790.0,36189.85,2752929.0,4.0,6.0,9208.0,44
YT00962,Science creator video 962: trending ideas,Education,Science,India,Brand,2025-04-15,2025-04-26,458485.0,27376.0,1139.0,2449.0,58661.51,1701495.0,11.0,13.0,17025.0,41
YT00963,Film & Animation creator video 963: trending ideas,Entertainment,Film & Animation,Australia,Individual,2025-07-16,2025-07-25,744705.0,45180.0,2916.0,703.0,85781.32,1601728.0,9.0,13.0,17371.0,50
YT00964,Walkthrough creator video 964: trending ideas,Gaming,Walkthrough,United States,Media Company,2025-10-23,2025-10-26,252629.0,28150.0,3841.0,1539.0,22421.17,2974294.0,3.0,3.0,594.0,45
YT00965,Science creator video 965: trending ideas,Education,Science,India,Brand,2025-02-18,2025-02-22,365429.0,15010.0,1595.0,1103.0,23014.12,34291.0,4.0,18.0,17582.0,41
YT00966,Film & Animation creator video 966: trending ideas,Entertainment,Film & Animation,Australia,Media Company,2025-09-24,2025-09-28,427677.0,24356.0,3356.0,555.0,93959.52,730519.0,4.0,15.0,5272.0,50
YT00967,Hip Hop creator video 967: trending ideas,Music,Hip Hop,India,Individual,2025-04-25,2025-05-01,753564.0,75893.0,7594.0,1676.0,148891.15,2417968.0,6.0,2.0,17261.0,41
YT00968,Pop creator video 968: trending ideas,Music,Pop,United States,Educational,2025-01-14,2025-01-15,845803.0,27608.0,2544.0,607.0,49831.52,577778.0,1.0,4.0,16986.0,37
YT00969,Walkthrough creator video 969: trending ideas,Gaming,Walkthrough,Canada,Individual,2025-08-18,2025-08-23,632167.0,19227.0,2545.0,1344.0,91393.57,2650144.0,5.0,18.0,2064.0,45
YT00970,Hip Hop creator video 970: trending ideas,Music,Hip Hop,India,Media Company,2025-05-27,2025-05-30,792536.0,41801.0,2614.0,2412.0,54057.73,796137.0,3.0,7.0,12857.0,41
YT00971,Pop creator video 971: trending ideas,Music,Pop,United States,Educational,2025-10-24,2025-10-30,122836.0,10167.0,976.0,436.0,20641.79,363494.0,6.0,4.0,107.0,37
YT00972,Hip Hop creator video 972: trending ideas,Music,Hip Hop,United Kingdom,Media Company,2025-08-28,2025-09-07,486570.0,14530.0,1759.0,986.0,94883.96,3662885.0,10.0,8.0,17205.0,41
YT00973,Comedy creator video 973: trending ideas,Entertainment,Comedy,United States,Educational,2025-01-10,2025-01-19,366038.0,21023.0,1377.0,869.0,94915.06,913618.0,9.0,10.0,13377.0,40
YT00974,Pop creator video 974: trending ideas,Music,Pop,Australia,Individual,2025-01-18,2025-01-27,852734.0,26683.0,4168.0,1633.0,36628.69,2205006.0,9.0,15.0,12101.0,37
YT00975,Film & Animation creator video 975: trending ideas,Entertainment,Film & Animation,Australia,Brand,2025-06-21,2025-06-28,401414.0,22753.0,1032.0,1528.0,102053.9,1246589.0,7.0,6.0,14395.0,50
YT00976,Film & Animation creator video 976: trending ideas,Entertainment,Film & Animation,India,Educational,2025-02-06,2025-02-07,488496.0,36149.0,4632.0,1538.0,135394.09,3769974.0,1.0,4.0,2544.0,50
YT00977,Comedy creator video 977: trending ideas,Entertainment,Comedy,Australia,Media Company,2025-09-16,2025-09-24,118440.0,9085.0,943.0,555.0,25220.13,236975.0,8.0,5.0,1779.0,40
YT00978,Technology creator video 978: trending ideas,Education,Technology,India,Individual,2025-10-08,2025-10-17,520359.0,52759.0,8674.0,1391.0,63933.81,2452680.0,9.0,17.0,17855.0,44
YT00979,Science creator video 979: trending ideas,Education,Science,Australia,Brand,2025-05-16,2025-05-26,221702.0,10600.0,691.0,578.0,58300.08,318741.0,10.0,12.0,6911.0,41
YT00980,Walkthrough creator video 980: trending ideas,Gaming,Walkthrough,Australia,Brand,2025-03-15,2025-03-19,544324.0,53703.0,4208.0,4248.0,25618.82,3349811.0,4.0,5.0,7944.0,45
YT00981,Walkthrough creator video 981: trending ideas,Gaming,Walkthrough,Canada,Educational,2025-05-12,2025-05-15,577753.0,29762.0,4709.0,1034.0,99556.26,1924432.0,3.0,8.0,165.0,45
YT00982,Comedy creator video 982: trending ideas,Entertainment,Comedy,Australia,Brand,2025-01-29,2025-01-30,1101354.0,43770.0,2089.0,1229.0,261009.81,3795722.0,1.0,13.0,17060.0,40
YT00983,Hip Hop creator video 983: trending ideas,Music,Hip Hop,India,Brand,2025-06-18,2025-06-28,931216.0,35983.0,6415.0,2359.0,178200.82,2110823.0,10.0,17.0,17075.0,41
YT00984,Science creator video 984: trending ideas,Education,Science,India,Media Company,2025-09-21,2025-10-02,335631.0,16625.0,2005.0,1421.0,14247.98,3402824.0,11.0,6.0,6480.0,41
YT00985,Film & Animation creator video 985: trending ideas,Entertainment,Film & Animation,United Kingdom,Educational,2025-03-15,2025-03-21,187256.0,9958.0,671.0,517.0,45378.21,353508.0,6.0,5.0,4132.0,50
YT00986,Comedy creator video 986: trending ideas,Entertainment,Comedy,United States,Brand,2025-10-24,2025-10-30,432771.0,25617.0,3558.0,1908.0,65837.61,776422.0,6.0,6.0,9713.0,40
YT00987,Hip Hop creator video 987: trending ideas,Music,Hip Hop,Canada,Brand,2025-01-28,2025-02-02,621927.0,43181.0,2111.0,1796.0,110945.29,2425343.0,5.0,10.0,2156.0,41
YT00988,Science creator video 988: trending ideas,Education,Science,India,Brand,2025-10-08,2025-10-21,158866.0,4264.0,739.0,197.0,40799.37,2844341.0,13.0,2.0,5621.0,41
YT00989,Walkthrough creator video 989: trending ideas,Gaming,Walkthrough,Australia,Brand,2025-06-05,2025-06-12,457481.0,52085.0,7927.0,1921.0,35549.36,1380257.0,7.0,14.0,4255.0,45
YT00990,Comedy creator video 990: trending ideas,Entertainment,Comedy,United States,Individual,2025-01-23,2025-01-25,348506.0,14209.0,2491.0,372.0,27046.48,1541779.0,2.0,9.0,279.0,40
YT00991,Walkthrough creator video 991: trending ideas,Gaming,Walkthrough,Canada,Educational,2025-03-08,2025-03-17,845745.0,60063.0,6844.0,4543.0,165711.74,3800323.0,9.0,15.0,13340.0,45
YT00992,Esports creator video 992: trending ideas,Gaming,Esports,India,Brand,2025-06-03,2025-06-16,230716.0,7505.0,657.0,318.0,22480.22,1072172.0,13.0,8.0,4.0,41
YT00993,Pop creator video 993: trending ideas,Music,Pop,Canada,Educational,2025-07-04,2025-07-08,659666.0,65623.0,11214.0,5205.0,49063.38,3741660.0,4.0,16.0,2552.0,37
YT00994,Film & Animation creator video 994: trending ideas,Entertainment,Film & Animation,India,Educational,2025-05-30,2025-06-13,309039.0,19792.0,2778.0,506.0,46949.92,1586230.0,14.0,2.0,2550.0,50
YT00995,Hip Hop creator video 995: trending ideas,Music,Hip Hop,India,Media Company,2025-02-15,2025-02-20,797218.0,68802.0,8951.0,4441.0,171101.39,3135909.0,5.0,17.0,2281.0,41
YT00996,Esports creator video 996: trending ideas,Gaming,Esports,United Kingdom,Brand,2025-05-05,2025-05-15,806069.0,91803.0,3221.0,3777.0,66710.24,1525837.0,10.0,15.0,12390.0,41
YT00997,Pop creator video 997: trending ideas,Music,Pop,United States,Educational,2025-06-21,2025-07-05,463336.0,12335.0,1536.0,664.0,69859.21,3704750.0,14.0,3.0,4296.0,37
YT00998,Technology creator video 998: trending ideas,Education,Technology,India,Media Company,2025-02-19,2025-03-04,308915.0,20241.0,3418.0,425.0,68990.42,3012900.0,13.0,6.0,9780.0,44
YT00999,Science creator video 999: trending ideas,Education,Science,India,Brand,2025-07-21,2025-07-26,447347.0,45634.0,6218.0,2783.0,44873.09,784388.0,5.0,13.0,15175.0,41
YT01000,Technology creator video 1000: trending ideas,Education,Technology,Canada,Brand,2025-04-28,2025-05-02,222585.0,19819.0,954.0,1526.0,50444.23,1080462.0,4.0,11.0,4528.0,45
YT01001,Film & Animation creator video 1001: trending ideas,Entertainment,Film & Animation,India,Educational,2025-09-10,2025-09-20,427771.0,39949.0,5545.0,3517.0,26530.39,424431.0,10.0,16.0,16941.0,51
YT01002,Esports creator video 1002: trending ideas,Gaming,Esports,United States,Individual,2025-09-19,2025-09-26,513750.0,22035.0,887.0,519.0,60733.03,1335948.0,7.0,10.0,9741.0,42
YT01003,Walkthrough creator video 1003: trending ideas,Gaming,Walkthrough,India,Educational,2025-07-26,2025-07-28,335181.0,37376.0,5194.0,1905.0,39016.19,630204.0,2.0,12.0,6503.0,46
YT01004,Hip Hop creator video 1004: trending ideas,Music,Hip Hop,India,Media Company,2025-07-14,2025-07-28,396353.0,44549.0,5705.0,1096.0,45490.79,1048484.0,14.0,12.0,2001.0,42
YT01005,Hip Hop creator video 1005: trending ideas,Music,Hip Hop,Canada,Individual,2025-03-16,2025-03-24,890400.0,29381.0,4922.0,776.0,52509.46,3433726.0,8.0,6.0,12600.0,42
YT01006,Film & Animation creator video 1006: trending ideas,Entertainment,Film & Animation,United States,Media Company,2025-10-23,2025-11-04,578306.0,58521.0,2024.0,898.0,122388.97,3850374.0,12.0,17.0,9328.0,51
YT01007,Esports creator video 1007: trending ideas,Gaming,Esports,India,Educational,2025-09-02,2025-09-04,681117.0,67444.0,5253.0,3086.0,135121.83,2768850.0,2.0,9.0,3654.0,42
YT01008,Science creator video 1008: trending ideas,Education,Science,Australia,Media Company,2025-04-15,2025-04-23,624318.0,52907.0,9496.0,989.0,55336.33,3347366.0,8.0,17.0,17431.0,42
YT01009,Walkthrough creator video 1009: trending ideas,Gaming,Walkthrough,Canada,Individual,2025-04-26,2025-04-27,894287.0,65247.0,10139.0,4472.0,182223.08,949347.0,1.0,15.0,15925.0,46
YT01010,Pop creator video 1010: trending ideas,Music,Pop,India,Media Company,2025-05-27,2025-05-31,715476.0,83819.0,10310.0,5681.0,73734.08,2524524.0,4.0,8.0,9223.0,38
YT01011,Hip Hop creator video 1011: trending ideas,Music,Hip Hop,India,Educational,2025-06-06,2025-06-10,1247985.0,115990.0,5672.0,8979.0,273749.86,2443681.0,4.0,11.0,17821.0,42
YT01012,Technology creator video 1012: trending ideas,Education,Technology,United States,Educational,2025-09-08,2025-09-18,74046.0,6448.0,876.0,137.0,8934.85,1219306.0,10.0,3.0,715.0,45
YT01013,Film & Animation creator video 1013: trending ideas,Entertainment,Film & Animation,United Kingdom,Educational,2025-01-21,2025-01-28,394426.0,32672.0,5076.0,2658.0,64568.22,2945103.0,7.0,3.0,3422.0,51
YT01014,Walkthrough creator video 1014: trending ideas,Gaming,Walkthrough,United Kingdom,Media Company,2025-05-11,2025-05-25,714674.0,71028.0,9957.0,5164.0,122843.53,324365.0,14.0,18.0,16616.0,46
YT01015,Science creator video 1015: trending ideas,Education,Science,United Kingdom,Individual,2025-05-30,2025-06-05,818026.0,55272.0,1735.0,3897.0,149081.98,3992446.0,6.0,18.0,11387.0,42
YT01016,Hip Hop creator video 1016: trending ideas,Music,Hip Hop,Canada,Brand,2025-10-04,2025-10-12,684362.0,57535.0,7098.0,4420.0,83036.01,3150549.0,8.0,6.0,9299.0,42
YT01017,Technology creator video 1017: trending ideas,Education,Technology,India,Individual,2025-01-25,2025-01-26,283789.0,16779.0,1342.0,1379.0,36803.35,401416.0,1.0,4.0,8466.0,45
YT01018,Pop creator video 1018: trending ideas,Music,Pop,United Kingdom,Brand,2025-09-24,2025-10-05,496970.0,23315.0,881.0,433.0,51474.3,2809549.0,11.0,4.0,1352.0,38
YT01019,Hip Hop creator video 1019: trending ideas,Music,Hip Hop,United Kingdom,Educational,2025-09-17,2025-09-22,267038.0,20220.0,1907.0,659.0,29535.09,419075.0,5.0,7.0,2341.0,42
YT01020,Esports creator video 1020: trending ideas,Gaming,Esports,Canada,Educational,2025-09-15,2025-09-20,849985.0,80680.0,4004.0,6827.0,160968.12,3692068.0,5.0,18.0,1482.0,42
YT01021,Pop creator video 1021: trending ideas,Music,Pop,Canada,Brand,2025-03-31,2025-04-13,555280.0,48916.0,8387.0,1182.0,126578.59,370285.0,13.0,11.0,16951.0,38
YT01022,Esports creator video 1022: trending ideas,Gaming,Esports,Canada,Brand,2025-07-22,2025-07-23,227037.0,5938.0,433.0,150.0,43126.04,754310.0,1.0,7.0,1269.0,42
YT01023,Pop creator video 1023: trending ideas,Music,Pop,India,Educational,2025-06-09,2025-06-17,808799.0,43917.0,5023.0,2756.0,176305.15,2823459.0,8.0,15.0,2737.0,38
YT01024,Pop creator video 1024: trending ideas,Music,Pop,United States,Educational,2025-02-04,2025-02-09,1009202.0,96987.0,12081.0,2662.0,273222.39,3042589.0,5.0,7.0,12983.0,38
YT01025,Film & Animation creator video 1025: trending ideas,Entertainment,Film & Animation,Australia,Media Company,2025-02-17,2025-03-02,445191.0,50668.0,8491.0,2982.0,57378.84,2259243.0,13.0,8.0,1639.0,51
YT01026,Comedy creator video 1026: trending ideas,Entertainment,Comedy,United Kingdom,Educational,2025-06-29,2025-07-12,693674.0,35817.0,3632.0,796.0,43067.7,2653833.0,13.0,6.0,9028.0,41
YT01027,Technology creator video 1027: trending ideas,Education,Technology,India,Individual,2025-01-04,2025-01-12,443939.0,37090.0,5774.0,2648.0,45064.74,2274220.0,8.0,8.0,15176.0,45
YT01028,Walkthrough creator video 1028: trending ideas,Gaming,Walkthrough,United Kingdom,Educational,2025-07-27,2025-08-08,135191.0,4046.0,563.0,171.0,28710.69,786334.0,12.0,6.0,155.0,46
YT01029,Science creator video 1029: trending ideas,Education,Science,United States,Media Company,2025-06-25,2025-07-02,325188.0,32371.0,2077.0,989.0,42318.36,273502.0,7.0,15.0,8741.0,42
YT01030,Pop creator video 1030: trending ideas,Music,Pop,India,Brand,2025-04-09,2025-04-22,407506.0,33844.0,1114.0,1001.0,70659.05,3194914.0,13.0,7.0,3026.0,38
YT01031,Walkthrough creator video 1031: trending ideas,Gaming,Walkthrough,United Kingdom,Educational,2025-03-05,2025-03-19,264959.0,21485.0,1976.0,1707.0,60306.24,3642792.0,14.0,10.0,6437.0,46
YT01032,Pop creator video 1032: trending ideas,Music,Pop,India,Individual,2025-02-13,2025-02-14,900787.0,49973.0,6611.0,2258.0,242476.78,2547876.0,1.0,3.0,15609.0,38
YT01033,Walkthrough creator video 1033: trending ideas,Gaming,Walkthrough,Canada,Brand,2025-07-11,2025-07-19,340338.0,36037.0,3974.0,2491.0,49842.2,1250568.0,8.0,16.0,9351.0,46
YT01034,Technology creator video 1034: trending ideas,Education,Technology,United States,Media Company,2025-06-12,2025-06-26,566589.0,45777.0,5739.0,1633.0,131995.41,2767545.0,14.0,18.0,6251.0,45
YT01035,Pop creator video 1035: trending ideas,Music,Pop,United States,Media Company,2025-06-05,2025-06-15,694950.0,46244.0,5239.0,1580.0,78207.57,2438827.0,10.0,7.0,11571.0,38
YT01036,Science creator video 1036: trending ideas,Education,Science,United Kingdom,Individual,2025-09-16,2025-09-23,277519.0,10251.0,1749.0,254.0,23725.87,2504895.0,7.0,11.0,3427.0,42
YT01037,Pop creator video 1037: trending ideas,Music,Pop,United Kingdom,Educational,2025-05-08,2025-05-11,477232.0,37362.0,1268.0,1686.0,53993.55,1577317.0,3.0,18.0,923.0,38
YT01038,Hip Hop creator video 1038: trending ideas,Music,Hip Hop,Canada,Educational,2025-03-15,2025-03-27,727458.0,65534.0,4487.0,1443.0,146981.15,2288391.0,12.0,18.0,1026.0,42
YT01039,Pop creator video 1039: trending ideas,Music,Pop,Australia,Individual,2025-01-13,2025-01-24,527931.0,61803.0,6627.0,2464.0,95844.16,1391939.0,11.0,16.0,14568.0,38
YT01040,Film & Animation creator video 1040: trending ideas,Entertainment,Film & Animation,United Kingdom,Educational,2025-02-14,2025-02-21,552505.0,50093.0,7248.0,2111.0,123571.9,2829933.0,7.0,8.0,7705.0,51
YT01041,Science creator video 1041: trending ideas,Education,Science,United States,Brand,2025-04-15,2025-04-25,134658.0,9801.0,1635.0,584.0,17261.16,1517951.0,10.0,15.0,5902.0,42
YT01042,Walkthrough creator video 1042: trending ideas,Gaming,Walkthrough,Australia,Media Company,2025-08-10,2025-08-20,402228.0,37382.0,5519.0,1232.0,52656.8,8859.0,10.0,7.0,14462.0,46
YT01043,Technology creator video 1043: trending ideas,Education,Technology,United States,Media Company,2025-02-27,2025-03-12,505002.0,35757.0,1179.0,2394.0,41855.5,1169312.0,13.0,17.0,9718.0,45
YT01044,Pop creator video 1044: trending ideas,Music,Pop,United States,Educational,2025-06-10,2025-06-16,617031.0,63532.0,8095.0,3851.0,152313.9,673965.0,6.0,10.0,10550.0,38
YT01045,Walkthrough creator video 1045: trending ideas,Gaming,Walkthrough,United States,Brand,2025-03-07,2025-03-14,370407.0,43128.0,2618.0,1836.0,49348.32,1253988.0,7.0,13.0,8867.0,46
YT01046,Walkthrough creator video 1046: trending ideas,Gaming,Walkthrough,Canada,Brand,2025-06-30,2025-07-05,718411.0,81360.0,4836.0,3313.0,97165.81,624408.0,5.0,13.0,17074.0,46
YT01047,Comedy creator video 1047: trending ideas,Entertainment,Comedy,Canada,Brand,2025-07-29,2025-07-30,974667.0,50930.0,4946.0,2583.0,139738.64,3252351.0,1.0,8.0,5384.0,41
YT01048,Hip Hop creator video 1048: trending ideas,Music,Hip Hop,India,Educational,2025-04-01,2025-04-06,385631.0,40767.0,5656.0,3097.0,83206.48,709767.0,5.0,12.0,5924.0,42
YT01049,Technology creator video 1049: trending ideas,Education,Technology,Canada,Media Company,2025-10-03,2025-10-12,223925.0,7375.0,496.0,496.0,16705.93,677669.0,9.0,8.0,7459.0,45
YT01050,Technology creator video 1050: trending ideas,Education,Technology,Canada,Media Company,2025-09-25,2025-10-01,621880.0,59483.0,5619.0,4933.0,93573.56,3860142.0,6.0,8.0,17642.0,45
YT01051,Walkthrough creator video 1051: trending ideas,Gaming,Walkthrough,Canada,Media Company,2025-07-23,2025-08-02,603981.0,34847.0,2418.0,1430.0,155941.46,3283546.0,10.0,4.0,156.0,46
YT01052,Technology creator video 1052: trending ideas,Education,Technology,Australia,Educational,2025-09-03,2025-09-06,321796.0,33341.0,5047.0,2115.0,59956.48,3661404.0,3.0,14.0,436.0,45
YT01053,Esports creator video 1053: trending ideas,Gaming,Esports,India,Educational,2025-02-12,2025-02-23,460521.0,32605.0,5294.0,1041.0,31914.8,1902440.0,11.0,3.0,9122.0,42
YT01054,Film & Animation creator video 1054: trending ideas,Entertainment,Film & Animation,United States,Brand,2025-08-19,2025-08-31,308303.0,34969.0,4818.0,2463.0,37608.99,149299.0,12.0,8.0,10704.0,51
YT01055,Pop creator video 1055: trending ideas,Music,Pop,India,Media Company,2025-05-24,2025-05-25,1133657.0,40597.0,3988.0,2781.0,99654.0,1261802.0,1.0,16.0,13764.0,38
YT01056,Esports creator video 1056: trending ideas,Gaming,Esports,India,Brand,2025-01-01,2025-01-08,592908.0,58937.0,4001.0,3920.0,37597.59,3833957.0,7.0,8.0,5741.0,42
YT01057,Science creator video 1057: trending ideas,Education,Science,Canada,Brand,2025-04-15,2025-04-27,193359.0,16900.0,2903.0,904.0,35398.45,331709.0,12.0,6.0,5613.0,42
YT01058,Hip Hop creator video 1058: trending ideas,Music,Hip Hop,Australia,Media Company,2025-03-23,2025-03-31,494233.0,48989.0,2210.0,1938.0,48827.22,344120.0,8.0,6.0,13925.0,42
YT01059,Science creator video 1059: trending ideas,Education,Science,United States,Individual,2025-05-12,2025-05-19,215651.0,7665.0,1104.0,300.0,47162.6,793183.0,7.0,9.0,14425.0,42
YT01060,Technology creator video 1060: trending ideas,Education,Technology,India,Media Company,2025-03-08,2025-03-21,682477.0,29863.0,2634.0,1495.0,183846.14,2801444.0,13.0,10.0,17469.0,45
YT01061,Science creator video 1061: trending ideas,Education,Science,Canada,Brand,2025-04-19,2025-05-03,187017.0,8537.0,1066.0,696.0,14767.63,1699125.0,14.0,9.0,2835.0,42
YT01062,Film & Animation creator video 1062: trending ideas,Entertainment,Film & Animation,United States,Brand,2025-01-12,2025-01-23,533233.0,25371.0,4299.0,960.0,130417.37,3188237.0,11.0,4.0,926.0,51
YT01063,Film & Animation creator video 1063: trending ideas,Entertainment,Film & Animation,Australia,Educational,2025-10-21,2025-10-30,1072927.0,80548.0,13085.0,4330.0,289632.98,3071364.0,9.0,5.0,15418.0,51
YT01064,Film & Animation creator video 1064: trending ideas,Entertainment,Film & Animation,United Kingdom,Brand,2025-09-24,2025-09-29,700101.0,45227.0,7009.0,3718.0,134845.75,1395011.0,5.0,4.0,14331.0,51
YT01065,Technology creator video 1065: trending ideas,Education,Technology,India,Educational,2025-10-22,2025-10-25,756184.0,70292.0,5788.0,1274.0,80401.45,2220916.0,3.0,14.0,17065.0,45
YT01066,Science creator video 1066: trending ideas,Education,Science,India,Brand,2025-02-16,2025-02-17,389045.0,23100.0,3819.0,1436.0,90680.59,3711978.0,1.0,2.0,13331.0,42
YT01067,Esports creator video 1067: trending ideas,Gaming,Esports,United States,Brand,2025-10-24,2025-11-01,123171.0,10084.0,606.0,696.0,9064.39,493871.0,8.0,7.0,658.0,42
YT01068,Hip Hop creator video 1068: trending ideas,Music,Hip Hop,United Kingdom,Individual,2025-03-13,2025-03-15,504566.0,60049.0,4325.0,3212.0,55324.52,3710939.0,2.0,5.0,10311.0,42
YT01069,Walkthrough creator video 1069: trending ideas,Gaming,Walkthrough,Canada,Brand,2025-07-17,2025-07-20,623693.0,41684.0,3714.0,2659.0,114843.84,319399.0,3.0,6.0,14220.0,46
YT01070,Comedy creator video 1070: trending ideas,Entertainment,Comedy,Australia,Brand,2025-07-05,2025-07-13,391653.0,15696.0,1774.0,299.0,72271.92,2398582.0,8.0,7.0,0.0,41
YT01071,Esports creator video 1071: trending ideas,Gaming,Esports,United States,Brand,2025-05-10,2025-05-15,660123.0,63434.0,7019.0,3378.0,69849.85,3443138.0,5.0,16.0,8024.0,42
YT01072,Technology creator video 1072: trending ideas,Education,Technology,Australia,Media Company,2025-04-21,2025-04-26,430223.0,30053.0,5298.0,2108.0,88146.94,3708073.0,5.0,11.0,4391.0,45
YT01073,Esports creator video 1073: trending ideas,Gaming,Esports,India,Brand,2025-03-06,2025-03-12,933548.0,81888.0,5341.0,2411.0,154414.74,3216812.0,6.0,2.0,11495.0,42
YT01074,Science creator video 1074: trending ideas,Education,Science,Australia,Media Company,2025-06-23,2025-07-06,247222.0,10306.0,1578.0,364.0,64227.99,1848447.0,13.0,9.0,6409.0,42
YT01075,Esports creator video 1075: trending ideas,Gaming,Esports,Canada,Individual,2025-06-11,2025-06-23,551903.0,31801.0,2038.0,841.0,98164.84,3653702.0,12.0,12.0,17497.0,42
YT01076,Technology creator video 1076: trending ideas,Education,Technology,United States,Individual,2025-01-01,2025-01-04,603937.0,52110.0,5870.0,4578.0,131251.5,2532553.0,3.0,9.0,7560.0,45
YT01077,Hip Hop creator video 1077: trending ideas,Music,Hip Hop,United States,Individual,2025-10-19,2025-10-22,414997.0,12426.0,550.0,707.0,35567.67,53124.0,3.0,5.0,11341.0,42
YT01078,Comedy creator video 1078: trending ideas,Entertainment,Comedy,United Kingdom,Brand,2025-08-01,2025-08-06,255129.0,13435.0,1345.0,1149.0,55013.47,2887966.0,5.0,12.0,241.0,41
YT01079,Hip Hop creator video 1079: trending ideas,Music,Hip Hop,Australia,Educational,2025-07-11,2025-07-12,1248246.0,61168.0,2904.0,3420.0,328367.22,3204220.0,1.0,7.0,12379.0,42
YT01080,Technology creator video 1080: trending ideas,Education,Technology,India,Brand,2025-08-16,2025-08-24,934079.0,80982.0,7624.0,3670.0,111108.24,3299584.0,8.0,14.0,17706.0,45
YT01081,Walkthrough creator video 1081: trending ideas,Gaming,Walkthrough,Australia,Individual,2025-04-09,2025-04-14,464811.0,41485.0,6306.0,1242.0,127695.84,1762274.0,5.0,9.0,9859.0,46
YT01082,Film & Animation creator video 1082: trending ideas,Entertainment,Film & Animation,Australia,Media Company,2025-10-16,2025-10-18,1023434.0,35050.0,4674.0,812.0,193151.37,2992892.0,2.0,4.0,11036.0,51
YT01083,Pop creator video 1083: trending ideas,Music,Pop,Canada,Educational,2025-09-25,2025-10-04,866007.0,86209.0,4942.0,7412.0,157361.45,3146206.0,9.0,13.0,15225.0,38
YT01084,Walkthrough creator video 1084: trending ideas,Gaming,Walkthrough,Australia,Educational,2025-06-11,2025-06-12,907644.0,74171.0,10417.0,1201.0,136894.08,929972.0,1.0,13.0,17731.0,46
YT01085,Hip Hop creator video 1085: trending ideas,Music,Hip Hop,India,Brand,2025-01-02,2025-01-15,329942.0,17066.0,1947.0,1108.0,73664.32,500969.0,13.0,11.0,5386.0,42
YT01086,Esports creator video 1086: trending ideas,Gaming,Esports,India,Brand,2025-10-01,2025-10-06,677338.0,63827.0,9988.0,3302.0,161467.01,2628154.0,5.0,10.0,14790.0,42
YT01087,Pop creator video 1087: trending ideas,Music,Pop,United States,Individual,2025-05-11,2025-05-15,677490.0,77607.0,6544.0,2234.0,136257.07,1762563.0,4.0,8.0,12830.0,38
YT01088,Technology creator video 1088: trending ideas,Education,Technology,India,Educational,2025-09-09,2025-09-23,492173.0,21070.0,2266.0,1727.0,60900.14,3908403.0,14.0,16.0,1832.0,45
YT01089,Pop creator video 1089: trending ideas,Music,Pop,Canada,Media Company,2025-04-01,2025-04-13,587831.0,38717.0,3333.0,955.0,116120.95,1581684.0,12.0,12.0,10306.0,38
YT01090,Science creator video 1090: trending ideas,Education,Science,United Kingdom,Educational,2025-08-11,2025-08-20,226919.0,19284.0,2639.0,1240.0,40129.0,3788064.0,9.0,4.0,4151.0,42
YT01091,Science creator video 1091: trending ideas,Education,Science,Canada,Media Company,2025-08-13,2025-08-17,1036567.0,68390.0,7498.0,3436.0,238800.8,3496886.0,4.0,17.0,17230.0,42
YT01092,Comedy creator video 1092: trending ideas,Entertainment,Comedy,United States,Media Company,2025-05-31,2025-06-04,599972.0,46366.0,7027.0,2542.0,75388.7,3148567.0,4.0,9.0,561.0,41
YT01093,Hip Hop creator video 1093: trending ideas,Music,Hip Hop,Canada,Individual,2025-10-20,2025-10-31,660047.0,57450.0,5660.0,3666.0,163975.91,2824666.0,11.0,7.0,4027.0,42
YT01094,Pop creator video 1094: trending ideas,Music,Pop,United States,Media Company,2025-07-25,2025-08-02,653347.0,32192.0,2628.0,978.0,83867.49,1851601.0,8.0,3.0,16002.0,38
YT01095,Hip Hop creator video 1095: trending ideas,Music,Hip Hop,Canada,Brand,2025-03-29,2025-04-07,288991.0,19881.0,2326.0,1628.0,79188.06,285035.0,9.0,9.0,5986.0,42
YT01096,Comedy creator video 1096: trending ideas,Entertainment,Comedy,United States,Educational,2025-09-07,2025-09-08,712790.0,34672.0,1639.0,2634.0,153145.67,1488956.0,1.0,14.0,16033.0,41
YT01097,Technology creator video 1097: trending ideas,Education,Technology,United States,Brand,2025-10-25,2025-10-31,599677.0,40700.0,5029.0,2827.0,76730.94,2132928.0,6.0,17.0,15860.0,45
YT01098,Walkthrough creator video 1098: trending ideas,Gaming,Walkthrough,United Kingdom,Individual,2025-10-26,2025-10-31,690474.0,58611.0,3149.0,1786.0,59610.78,2082488.0,5.0,9.0,17657.0,46
YT01099,Comedy creator video 1099: trending ideas,Entertainment,Comedy,United Kingdom,Educational,2025-01-18,2025-01-24,330801.0,24337.0,2382.0,458.0,24664.67,422009.0,6.0,4.0,9076.0,41
YT01100,Comedy creator video 1100: trending ideas,Entertainment,Comedy,United Kingdom,Individual,2025-06-26,2025-06-27,594508.0,45162.0,6410.0,2826.0,63652.47,3334282.0,1.0,7.0,7312.0,41
YT01101,Technology creator video 1101: trending ideas,Education,Technology,Australia,Individual,2025-09-11,2025-09-21,416548.0,39836.0,4279.0,1587.0,35310.19,934994.0,10.0,11.0,17769.0,45
YT01102,Pop creator video 1102: trending ideas,Music,Pop,Australia,Brand,2025-05-04,2025-05-13,549260.0,41885.0,6244.0,3757.0,42606.22,3132710.0,9.0,12.0,4257.0,38
YT01103,Pop creator video 1103: trending ideas,Music,Pop,Canada,Individual,2025-09-05,2025-09-19,335520.0,13109.0,1528.0,834.0,92332.85,259046.0,14.0,13.0,6632.0,38
YT01104,Comedy creator video 1104: trending ideas,Entertainment,Comedy,United Kingdom,Educational,2025-04-15,2025-04-25,323454.0,19344.0,2565.0,948.0,36803.89,2095087.0,10.0,6.0,13290.0,41
YT01105,Film & Animation creator video 1105: trending ideas,Entertainment,Film & Animation,India,Brand,2025-02-26,2025-03-02,489249.0,46280.0,4952.0,991.0,42119.21,1559242.0,4.0,10.0,11698.0,51
YT01106,Comedy creator video 1106: trending ideas,Entertainment,Comedy,Australia,Media Company,2025-10-04,2025-10-15,637492.0,39031.0,4129.0,1789.0,31435.71,1369180.0,11.0,5.0,12379.0,41
YT01107,Film & Animation creator video 1107: trending ideas,Entertainment,Film & Animation,India,Media Company,2025-07-09,2025-07-15,776552.0,87267.0,15204.0,5655.0,33483.35,3911494.0,6.0,12.0,9595.0,51
YT01108,Technology creator video 1108: trending ideas,Education,Technology,Australia,Educational,2025-07-24,2025-08-04,447387.0,16292.0,741.0,478.0,40430.99,2298242.0,11.0,6.0,11205.0,45
YT01109,Comedy creator video 1109: trending ideas,Entertainment,Comedy,Canada,Educational,2025-06-25,2025-07-05,628124.0,33542.0,4960.0,2751.0,103361.82,1563886.0,10.0,9.0,16290.0,41
YT01110,Film & Animation creator video 1110: trending ideas,Entertainment,Film & Animation,United States,Individual,2025-02-05,2025-02-08,426228.0,51089.0,2789.0,2284.0,51317.49,1156567.0,3.0,7.0,10383.0,51
YT01111,Science creator video 1111: trending ideas,Education,Science,Canada,Brand,2025-03-13,2025-03-20,318769.0,15141.0,2721.0,478.0,52919.99,2370989.0,7.0,4.0,10265.0,42
YT01112,Comedy creator video 1112: trending ideas,Entertainment,Comedy,United Kingdom,Media Company,2025-04-08,2025-04-11,429144.0,43629.0,7100.0,2339.0,83784.44,176392.0,3.0,16.0,8921.0,41
YT01113,Film & Animation creator video 1113: trending ideas,Entertainment,Film & Animation,United Kingdom,Media Company,2025-05-16,2025-05-21,502974.0,15522.0,1778.0,1104.0,32677.78,3803470.0,5.0,3.0,8850.0,51
YT01114,Walkthrough creator video 1114: trending ideas,Gaming,Walkthrough,Australia,Brand,2025-03-01,2025-03-05,217233.0,23250.0,920.0,1897.0,34630.24,17932.0,4.0,10.0,1905.0,46
YT01115,Technology creator video 1115: trending ideas,Education,Technology,United States,Media Company,2025-07-07,2025-07-14,264255.0,11730.0,611.0,591.0,53835.48,975577.0,7.0,8.0,10131.0,45
YT01116,Hip Hop creator video 1116: trending ideas,Music,Hip Hop,Canada,Educational,2025-06-03,2025-06-13,375688.0,30054.0,3378.0,2524.0,27663.29,561598.0,10.0,18.0,4946.0,42
YT01117,Technology creator video 1117: trending ideas,Education,Technology,United States,Educational,2025-06-30,2025-07-10,310061.0,19027.0,1837.0,791.0,36151.37,868951.0,10.0,8.0,15841.0,45
YT01118,Technology creator video 1118: trending ideas,Education,Technology,United Kingdom,Media Company,2025-04-24,2025-04-26,83954.0,3306.0,195.0,276.0,20106.82,1020225.0,2.0,2.0,199.0,45
YT01119,Technology creator video 1119: trending ideas,Education,Technology,United Kingdom,Individual,2025-10-16,2025-10-27,274423.0,14673.0,1491.0,789.0,36201.15,3485863.0,11.0,10.0,6093.0,45
YT01120,Pop creator video 1120: trending ideas,Music,Pop,Australia,Individual,2025-10-01,2025-10-12,400788.0,36504.0,1524.0,1458.0,65523.79,178886.0,11.0,6.0,8359.0,38
YT01121,Science creator video 1121: trending ideas,Education,Science,Australia,Brand,2025-07-05,2025-07-16,503375.0,60323.0,3887.0,4617.0,67516.01,3938354.0,11.0,8.0,10063.0,42
YT01122,Pop creator video 1122: trending ideas,Music,Pop,Australia,Brand,2025-07-19,2025-07-26,725097.0,62426.0,7631.0,2046.0,91951.42,2629812.0,7.0,10.0,15731.0,38
YT01123,Film & Animation creator video 1123: trending ideas,Entertainment,Film & Animation,Canada,Educational,2025-09-23,2025-09-24,429484.0,44407.0,6452.0,2255.0,88303.43,3115368.0,1.0,17.0,2662.0,51
YT01124,Film & Animation creator video 1124: trending ideas,Entertainment,Film & Animation,India,Media Company,2025-03-20,2025-03-31,404013.0,34745.0,3139.0,705.0,112269.98,3477400.0,11.0,2.0,5563.0,51
YT01125,Walkthrough creator video 1125: trending ideas,Gaming,Walkthrough,United Kingdom,Educational,2025-03-24,2025-04-05,346683.0,19247.0,1243.0,631.0,51343.72,16254.0,12.0,10.0,14053.0,46
YT01126,Science creator video 1126: trending ideas,Education,Science,Canada,Educational,2025-02-27,2025-03-13,310769.0,12859.0,954.0,562.0,38763.74,3895391.0,14.0,18.0,1779.0,42
YT01127,Walkthrough creator video 1127: trending ideas,Gaming,Walkthrough,United Kingdom,Media Company,2025-05-20,2025-05-24,495481.0,47600.0,7547.0,2355.0,86861.94,538620.0,4.0,16.0,12199.0,46
YT01128,Science creator video 1128: trending ideas,Education,Science,India,Individual,2025-02-14,2025-02-23,78959.0,7623.0,1364.0,138.0,3329.82,444225.0,9.0,14.0,567.0,42
YT01129,Pop creator video 1129: trending ideas,Music,Pop,Australia,Media Company,2025-02-05,2025-02-06,846465.0,93994.0,16826.0,3651.0,173174.11,723083.0,1.0,4.0,15808.0,38
YT01130,Hip Hop creator video 1130: trending ideas,Music,Hip Hop,Canada,Brand,2025-02-07,2025-02-17,354920.0,10226.0,332.0,174.0,48571.23,882333.0,10.0,8.0,11799.0,42
YT01131,Walkthrough creator video 1131: trending ideas,Gaming,Walkthrough,United Kingdom,Media Company,2025-01-05,2025-01-10,336218.0,19296.0,3393.0,1726.0,63654.69,1088064.0,5.0,10.0,6960.0,46
YT01132,Science creator video 1132: trending ideas,Education,Science,Australia,Media Company,2025-06-02,2025-06-15,180959.0,12317.0,2126.0,388.0,14669.6,2204310.0,13.0,18.0,3830.0,42
YT01133,Technology creator video 1133: trending ideas,Education,Technology,Australia,Brand,2025-04-30,2025-05-11,456117.0,42503.0,3619.0,3265.0,115848.51,2611522.0,11.0,6.0,1952.0,45
YT01134,Pop creator video 1134: trending ideas,Music,Pop,United Kingdom,Brand,2025-03-16,2025-03-27,627282.0,21065.0,2984.0,1275.0,78996.79,3232997.0,11.0,17.0,6833.0,38
YT01135,Pop creator video 1135: trending ideas,Music,Pop,India,Media Company,2025-09-03,2025-09-16,137622.0,16316.0,1618.0,348.0,5765.9,535329.0,13.0,2.0,3210.0,38
YT01136,Pop creator video 1136: trending ideas,Music,Pop,Canada,Brand,2025-07-02,2025-07-05,325781.0,14852.0,2601.0,910.0,79678.94,1218579.0,3.0,3.0,7990.0,38
YT01137,Film & Animation creator video 1137: trending ideas,Entertainment,Film & Animation,Canada,Media Company,2025-02-14,2025-02-27,914019.0,99706.0,17573.0,6836.0,96381.67,3433620.0,13.0,17.0,17737.0,51
YT01138,Comedy creator video 1138: trending ideas,Entertainment,Comedy,Australia,Educational,2025-01-25,2025-02-05,1199327.0,107135.0,14403.0,7314.0,52785.19,3552761.0,11.0,14.0,17147.0,41
YT01139,Esports creator video 1139: trending ideas,Gaming,Esports,Canada,Educational,2025-05-13,2025-05-16,534578.0,59679.0,10641.0,2096.0,126737.65,3072860.0,3.0,5.0,9787.0,42
YT01140,Walkthrough creator video 1140: trending ideas,Gaming,Walkthrough,Canada,Media Company,2025-04-13,2025-04-21,493901.0,41928.0,4049.0,1057.0,63830.12,781596.0,8.0,18.0,7046.0,46
YT01141,Film & Animation creator video 1141: trending ideas,Entertainment,Film & Animation,United States,Brand,2025-01-11,2025-01-22,785171.0,38548.0,4428.0,1494.0,93094.41,2830677.0,11.0,6.0,9911.0,51
YT01142,Film & Animation creator video 1142: trending ideas,Entertainment,Film & Animation,United Kingdom,Educational,2025-10-14,2025-10-24,196424.0,13252.0,1646.0,273.0,38527.41,1141850.0,10.0,6.0,673.0,51
YT01143,Comedy creator video 1143: trending ideas,Entertainment,Comedy,Canada,Media Company,2025-03-03,2025-03-09,601334.0,25354.0,2204.0,1351.0,64251.01,371283.0,6.0,17.0,13567.0,41
YT01144,Science creator video 1144: trending ideas,Education,Science,Australia,Educational,2025-05-01,2025-05-10,183652.0,19118.0,1615.0,664.0,9191.17,2629279.0,9.0,17.0,327.0,42
YT01145,Science creator video 1145: trending ideas,Education,Science,Australia,Media Company,2025-03-02,2025-03-04,474732.0,52868.0,4661.0,3637.0,25181.3,2180231.0,2.0,8.0,14195.0,42
YT01146,Film & Animation creator video 1146: trending ideas,Entertainment,Film & Animation,Canada,Educational,2025-05-01,2025-05-04,1263188.0,145717.0,4547.0,10898.0,235205.25,2175405.0,3.0,13.0,14718.0,51
YT01147,Hip Hop creator video 1147: trending ideas,Music,Hip Hop,Australia,Educational,2025-04-20,2025-05-04,579922.0,68611.0,11120.0,5865.0,122257.38,3512651.0,14.0,15.0,7008.0,42
YT01148,Walkthrough creator video 1148: trending ideas,Gaming,Walkthrough,United States,Brand,2025-07-11,2025-07-19,586728.0,70258.0,5724.0,6015.0,36997.91,3459469.0,8.0,6.0,10389.0,46
YT01149,Esports creator video 1149: trending ideas,Gaming,Esports,United Kingdom,Educational,2025-06-10,2025-06-22,262708.0,12724.0,2054.0,1009.0,16463.5,1094786.0,12.0,16.0,539.0,42
YT01150,Technology creator video 1150: trending ideas,Education,Technology,United Kingdom,Educational,2025-08-22,2025-09-02,545047.0,57227.0,4552.0,1777.0,36322.18,3611716.0,11.0,12.0,12741.0,45
YT01151,Comedy creator video 1151: trending ideas,Entertainment,Comedy,United Kingdom,Brand,2025-07-16,2025-07-29,220989.0,12061.0,1505.0,192.0,59392.93,1849637.0,13.0,7.0,572.0,41
YT01152,Walkthrough creator video 1152: trending ideas,Gaming,Walkthrough,United States,Individual,2025-05-02,2025-05-09,222135.0,14621.0,1685.0,1016.0,61496.63,1062193.0,7.0,4.0,3130.0,46
YT01153,Technology creator video 1153: trending ideas,Education,Technology,Australia,Media Company,2025-07-12,2025-07-16,335179.0,29492.0,4148.0,1812.0,37711.01,3533401.0,4.0,14.0,4480.0,45
YT01154,Pop creator video 1154: trending ideas,Music,Pop,United Kingdom,Educational,2025-08-25,2025-09-06,983662.0,96387.0,8780.0,6725.0,194743.85,2629939.0,12.0,15.0,15109.0,38
YT01155,Pop creator video 1155: trending ideas,Music,Pop,India,Individual,2025-06-03,2025-06-05,935100.0,53680.0,6132.0,3232.0,81917.24,1529180.0,2.0,17.0,9932.0,38
YT01156,Science creator video 1156: trending ideas,Education,Science,Australia,Media Company,2025-02-27,2025-03-05,305290.0,8917.0,428.0,249.0,19323.45,530961.0,6.0,5.0,12146.0,42
YT01157,Hip Hop creator video 1157: trending ideas,Music,Hip Hop,India,Individual,2025-02-22,2025-03-07,278118.0,12257.0,1970.0,915.0,21386.32,371337.0,13.0,6.0,7137.0,42
YT01158,Comedy creator video 1158: trending ideas,Entertainment,Comedy,United States,Educational,2025-08-23,2025-08-27,992720.0,84093.0,5052.0,3709.0,214602.28,3352187.0,4.0,5.0,9576.0,41
YT01159,Technology creator video 1159: trending ideas,Education,Technology,United Kingdom,Media Company,2025-03-06,2025-03-09,149088.0,13755.0,1696.0,497.0,34006.58,1428694.0,3.0,4.0,502.0,45
YT01160,Walkthrough creator video 1160: trending ideas,Gaming,Walkthrough,Canada,Media Company,2025-02-21,2025-02-25,294013.0,29881.0,5171.0,2600.0,45850.74,1762101.0,4.0,4.0,6339.0,46
YT01161,Technology creator video 1161: trending ideas,Education,Technology,United States,Brand,2025-01-19,2025-01-21,76974.0,5703.0,858.0,428.0,20323.25,1404097.0,2.0,2.0,132.0,45
YT01162,Pop creator video 1162: trending ideas,Music,Pop,United States,Educational,2025-05-03,2025-05-07,1113063.0,106340.0,16514.0,5872.0,202708.98,3694207.0,4.0,4.0,17824.0,38
YT01163,Pop creator video 1163: trending ideas,Music,Pop,United Kingdom,Media Company,2025-02-03,2025-02-10,547728.0,26416.0,2275.0,2079.0,132466.56,1729579.0,7.0,8.0,9997.0,38
YT01164,Hip Hop creator video 1164: trending ideas,Music,Hip Hop,United States,Media Company,2025-10-25,2025-11-03,560575.0,63680.0,6693.0,3847.0,79075.34,2074276.0,9.0,9.0,17485.0,42
YT01165,Film & Animation creator video 1165: trending ideas,Entertainment,Film & Animation,United States,Brand,2025-04-15,2025-04-27,540274.0,47087.0,3398.0,3631.0,33426.56,3023813.0,12.0,16.0,10762.0,51
YT01166,Walkthrough creator video 1166: trending ideas,Gaming,Walkthrough,United States,Individual,2025-07-31,2025-08-13,622269.0,61425.0,6980.0,4557.0,49515.31,2483199.0,13.0,13.0,10027.0,46
YT01167,Film & Animation creator video 1167: trending ideas,Entertainment,Film & Animation,United Kingdom,Brand,2025-05-01,2025-05-04,626313.0,72006.0,3204.0,3206.0,32344.08,2157400.0,3.0,3.0,9881.0,51
YT01168,Technology creator video 1168: trending ideas,Education,Technology,Australia,Brand,2025-10-26,2025-11-07,408119.0,13617.0,591.0,784.0,33584.85,2262390.0,12.0,14.0,16592.0,45
YT01169,Science creator video 1169: trending ideas,Education,Science,United Kingdom,Educational,2025-03-10,2025-03-18,464465.0,24437.0,1121.0,1701.0,114667.49,3382918.0,8.0,10.0,6429.0,42
YT01170,Technology creator video 1170: trending ideas,Education,Technology,United Kingdom,Media Company,2025-09-29,2025-10-03,153239.0,15905.0,2310.0,370.0,9011.35,1852722.0,4.0,3.0,5619.0,45
YT01171,Film & Animation creator video 1171: trending ideas,Entertainment,Film & Animation,India,Individual,2025-07-25,2025-08-02,232173.0,9022.0,1468.0,277.0,44032.69,2467304.0,8.0,7.0,2421.0,51
YT01172,Science creator video 1172: trending ideas,Education,Science,Australia,Media Company,2025-07-18,2025-07-26,133121.0,11101.0,1054.0,324.0,9151.76,1188717.0,8.0,4.0,6798.0,42
YT01173,Technology creator video 1173: trending ideas,Education,Technology,India,Brand,2025-05-11,2025-05-25,279080.0,18794.0,2024.0,1046.0,15883.97,2172797.0,14.0,6.0,9879.0,45
YT01174,Film & Animation creator video 1174: trending ideas,Entertainment,Film & Animation,India,Media Company,2025-09-03,2025-09-04,473273.0,13588.0,2331.0,792.0,25230.08,357452.0,1.0,18.0,7889.0,51
YT01175,Hip Hop creator video 1175: trending ideas,Music,Hip Hop,United States,Educational,2025-02-08,2025-02-20,159246.0,12020.0,640.0,320.0,26355.05,1590176.0,12.0,6.0,1728.0,42
YT01176,Pop creator video 1176: trending ideas,Music,Pop,Australia,Media Company,2025-03-18,2025-03-28,824112.0,41548.0,2624.0,2821.0,183841.04,3644301.0,10.0,16.0,389.0,38
YT01177,Esports creator video 1177: trending ideas,Gaming,Esports,India,Educational,2025-10-03,2025-10-15,432664.0,46946.0,5685.0,2517.0,19554.97,1103745.0,12.0,4.0,15843.0,42
YT01178,Technology creator video 1178: trending ideas,Education,Technology,India,Brand,2025-05-10,2025-05-15,305174.0,20152.0,2933.0,489.0,46231.29,1593465.0,5.0,13.0,13790.0,45
YT01179,Esports creator video 1179: trending ideas,Gaming,Esports,United States,Educational,2025-07-13,2025-07-21,289269.0,27620.0,4714.0,774.0,61126.4,3990974.0,8.0,4.0,2023.0,42
YT01180,Esports creator video 1180: trending ideas,Gaming,Esports,Australia,Brand,2025-06-07,2025-06-10,995605.0,70651.0,8950.0,5945.0,179389.87,3836540.0,3.0,9.0,4363.0,42
YT01181,Comedy creator video 1181: trending ideas,Entertainment,Comedy,United States,Educational,2025-07-12,2025-07-26,384058.0,34595.0,5503.0,2158.0,40150.21,3502809.0,14.0,7.0,12810.0,41
YT01182,Comedy creator video 1182: trending ideas,Entertainment,Comedy,Canada,Media Company,2025-07-05,2025-07-18,969894.0,102930.0,6032.0,4242.0,230482.07,3360577.0,13.0,9.0,13644.0,41
YT01183,Hip Hop creator video 1183: trending ideas,Music,Hip Hop,Australia,Brand,2025-09-28,2025-10-08,805786.0,22217.0,3186.0,1000.0,118020.39,3375885.0,10.0,16.0,6043.0,42
YT01184,Comedy creator video 1184: trending ideas,Entertainment,Comedy,India,Educational,2025-08-04,2025-08-16,183853.0,8819.0,308.0,781.0,44898.27,472480.0,12.0,17.0,479.0,41
YT01185,Comedy creator video 1185: trending ideas,Entertainment,Comedy,India,Individual,2025-04-10,2025-04-12,506890.0,19445.0,2687.0,1625.0,69957.82,2712962.0,2.0,4.0,2429.0,41
YT01186,Pop creator video 1186: trending ideas,Music,Pop,Australia,Brand,2025-09-14,2025-09-22,353937.0,28353.0,3369.0,1089.0,18195.84,558248.0,8.0,16.0,9414.0,38
YT01187,Science creator video 1187: trending ideas,Education,Science,India,Individual,2025-04-16,2025-04-26,763888.0,35163.0,2264.0,1059.0,37644.28,3248945.0,10.0,17.0,7657.0,42
YT01188,Technology creator video 1188: trending ideas,Education,Technology,India,Media Company,2025-01-26,2025-02-07,570067.0,28226.0,2312.0,1042.0,91651.75,3143023.0,12.0,17.0,7147.0,45
YT01189,Science creator video 1189: trending ideas,Education,Science,United Kingdom,Media Company,2025-02-09,2025-02-10,619936.0,25729.0,3779.0,1041.0,112954.38,2765544.0,1.0,16.0,4564.0,42
YT01190,Hip Hop creator video 1190: trending ideas,Music,Hip Hop,United States,Individual,2025-07-21,2025-08-04,556211.0,30448.0,5410.0,730.0,70385.36,3855112.0,14.0,11.0,867.0,42
YT01191,Comedy creator video 1191: trending ideas,Entertainment,Comedy,India,Educational,2025-02-19,2025-02-21,468053.0,51939.0,1925.0,2781.0,81234.55,691704.0,2.0,2.0,10824.0,41
YT01192,Hip Hop creator video 1192: trending ideas,Music,Hip Hop,United States,Media Company,2025-06-30,2025-07-10,1093960.0,32468.0,2997.0,1568.0,222643.14,3408262.0,10.0,9.0,15746.0,42
YT01193,Technology creator video 1193: trending ideas,Education,Technology,Canada,Educational,2025-02-02,2025-02-14,329620.0,37939.0,4556.0,2868.0,62622.98,2554293.0,12.0,16.0,6982.0,45
YT01194,Science creator video 1194: trending ideas,Education,Science,Australia,Media Company,2025-10-21,2025-10-26,378523.0,18703.0,2512.0,890.0,60425.45,1365651.0,5.0,5.0,12232.0,42
YT01195,Science creator video 1195: trending ideas,Education,Science,United States,Brand,2025-09-15,2025-09-17,391452.0,30676.0,4336.0,757.0,28168.5,1256895.0,2.0,15.0,12234.0,42
YT01196,Walkthrough creator video 1196: trending ideas,Gaming,Walkthrough,Australia,Media Company,2025-06-02,2025-06-14,692680.0,63635.0,4148.0,2501.0,144029.55,114866.0,12.0,16.0,15807.0,46
YT01197,Hip Hop creator video 1197: trending ideas,Music,Hip Hop,India,Brand,2025-06-12,2025-06-17,601175.0,32106.0,3860.0,1508.0,161209.69,3872158.0,5.0,3.0,11486.0,42
YT01198,Film & Animation creator video 1198: trending ideas,Entertainment,Film & Animation,Australia,Brand,2025-09-12,2025-09-17,503285.0,15386.0,1759.0,1074.0,26260.45,2987629.0,5.0,5.0,1571.0,51
YT01199,Walkthrough creator video 1199: trending ideas,Gaming,Walkthrough,India,Brand,2025-08-18,2025-08-23,488182.0,54062.0,8269.0,3886.0,122792.65,1741378.0,5.0,8.0,14935.0,46
YT01200,Science creator video 1200: trending ideas,Education,Science,Canada,Educational,2025-02-15,2025-02-20,386930.0,22394.0,3799.0,1847.0,64374.45,1951334.0,5.0,8.0,10735.0,42
YT01201,Technology creator video 1201: trending ideas,Education,Technology,United Kingdom,Media Company,2025-06-24,2025-07-07,277403.0,15925.0,2081.0,1160.0,15015.89,1260092.0,13.0,8.0,5119.0,45
YT01202,Technology creator video 1202: trending ideas,Education,Technology,Australia,Individual,2025-01-17,2025-01-22,435756.0,50962.0,3000.0,2580.0,114485.81,3589816.0,5.0,2.0,649.0,45
YT01203,Science creator video 1203: trending ideas,Education,Science,United States,Individual,2025-06-14,2025-06-16,194795.0,13094.0,1610.0,364.0,50887.07,1595600.0,2.0,14.0,2173.0,42
YT01204,Esports creator video 1204: trending ideas,Gaming,Esports,Australia,Brand,2025-10-22,2025-11-02,341515.0,39075.0,1577.0,3184.0,94881.27,3351811.0,11.0,9.0,2682.0,42
YT01205,Science creator video 1205: trending ideas,Education,Science,India,Media Company,2025-04-23,2025-04-28,380591.0,22950.0,2697.0,583.0,25956.3,1188094.0,5.0,6.0,12704.0,42
YT01206,Film & Animation creator video 1206: trending ideas,Entertainment,Film & Animation,United States,Media Company,2025-09-30,2025-10-06,583741.0,40324.0,2312.0,2463.0,75050.26,3284382.0,6.0,2.0,15318.0,51
YT01207,Comedy creator video 1207: trending ideas,Entertainment,Comedy,Australia,Individual,2025-02-15,2025-02-18,594420.0,28518.0,1916.0,2007.0,33095.5,999433.0,3.0,7.0,13884.0,41
YT01208,Comedy creator video 1208: trending ideas,Entertainment,Comedy,United Kingdom,Media Company,2025-04-06,2025-04-12,588535.0,48914.0,4997.0,1043.0,148316.11,2451502.0,6.0,5.0,8393.0,41
YT01209,Technology creator video 1209: trending ideas,Education,Technology,Canada,Media Company,2025-01-13,2025-01-21,634236.0,25014.0,2231.0,784.0,138036.01,3761996.0,8.0,18.0,14302.0,45
YT01210,Esports creator video 1210: trending ideas,Gaming,Esports,Canada,Media Company,2025-07-08,2025-07-16,765101.0,91329.0,6421.0,1952.0,172233.86,3875862.0,8.0,12.0,13848.0,42
YT01211,Comedy creator video 1211: trending ideas,Entertainment,Comedy,Canada,Media Company,2025-05-26,2025-05-28,944176.0,24480.0,1515.0,2054.0,165585.65,2410106.0,2.0,14.0,6481.0,41
YT01212,Pop creator video 1212: trending ideas,Music,Pop,Australia,Individual,2025-04-06,2025-04-11,606426.0,19692.0,1375.0,778.0,105330.76,2824384.0,5.0,10.0,12580.0,38
YT01213,Esports creator video 1213: trending ideas,Gaming,Esports,Australia,Individual,2025-05-07,2025-05-18,617994.0,62140.0,3911.0,3851.0,54272.41,3061652.0,11.0,18.0,10182.0,42
YT01214,Film & Animation creator video 1214: trending ideas,Entertainment,Film & Animation,Australia,Educational,2025-05-11,2025-05-14,634030.0,52343.0,5668.0,3319.0,94140.0,3605834.0,3.0,9.0,9459.0,51
YT01215,Walkthrough creator video 1215: trending ideas,Gaming,Walkthrough,Canada,Individual,2025-09-21,2025-10-04,157423.0,13516.0,667.0,475.0,25888.01,108241.0,13.0,5.0,6618.0,46
YT01216,Pop creator video 1216: trending ideas,Music,Pop,United Kingdom,Educational,2025-07-22,2025-07-23,1400126.0,133329.0,12723.0,11916.0,207301.45,1451079.0,1.0,14.0,17478.0,38
YT01217,Walkthrough creator video 1217: trending ideas,Gaming,Walkthrough,United Kingdom,Brand,2025-02-26,2025-03-10,625858.0,67727.0,9085.0,3371.0,89961.07,3713095.0,12.0,7.0,9828.0,46
YT01218,Walkthrough creator video 1218: trending ideas,Gaming,Walkthrough,India,Brand,2025-02-08,2025-02-21,569319.0,17677.0,2626.0,1457.0,58582.83,2487098.0,13.0,4.0,6052.0,46
YT01219,Walkthrough creator video 1219: trending ideas,Gaming,Walkthrough,India,Media Company,2025-09-23,2025-10-07,290062.0,14635.0,541.0,763.0,70176.59,630234.0,14.0,12.0,9414.0,46
YT01220,Comedy creator video 1220: trending ideas,Entertainment,Comedy,India,Educational,2025-05-31,2025-06-05,526950.0,34966.0,5311.0,668.0,22641.88,1239520.0,5.0,13.0,16437.0,41
YT01221,Hip Hop creator video 1221: trending ideas,Music,Hip Hop,United States,Brand,2025-07-29,2025-08-02,996879.0,73722.0,12091.0,1777.0,82179.47,2755333.0,4.0,15.0,15102.0,42
YT01222,Film & Animation creator video 1222: trending ideas,Entertainment,Film & Animation,Canada,Media Company,2025-06-06,2025-06-11,724542.0,84423.0,10679.0,3225.0,82070.1,2534595.0,5.0,4.0,17122.0,51
YT01223,Walkthrough creator video 1223: trending ideas,Gaming,Walkthrough,India,Individual,2025-05-15,2025-05-28,288935.0,31494.0,4103.0,2790.0,73808.12,71712.0,13.0,3.0,10118.0,46
YT01224,Walkthrough creator video 1224: trending ideas,Gaming,Walkthrough,Canada,Brand,2025-06-30,2025-07-07,444228.0,38392.0,4557.0,2605.0,63453.74,2504086.0,7.0,12.0,1071.0,46
YT01225,Pop creator video 1225: trending ideas,Music,Pop,United Kingdom,Educational,2025-04-26,2025-05-03,299180.0,13304.0,515.0,404.0,41339.91,864910.0,7.0,9.0,4918.0,38
YT01226,Esports creator video 1226: trending ideas,Gaming,Esports,Australia,Brand,2025-06-01,2025-06-06,878704.0,97607.0,9542.0,3500.0,235824.97,3671630.0,5.0,10.0,6572.0,42
YT01227,Hip Hop creator video 1227: trending ideas,Music,Hip Hop,Australia,Educational,2025-03-19,2025-03-21,392138.0,29550.0,2641.0,824.0,95316.49,901971.0,2.0,12.0,6125.0,42
YT01228,Walkthrough creator video 1228: trending ideas,Gaming,Walkthrough,Australia,Brand,2025-09-15,2025-09-17,822315.0,64328.0,2706.0,4971.0,219105.94,2224988.0,2.0,3.0,9909.0,46
YT01229,Hip Hop creator video 1229: trending ideas,Music,Hip Hop,United Kingdom,Media Company,2025-04-02,2025-04-05,1105905.0,52452.0,5790.0,4200.0,81721.03,2745599.0,3.0,14.0,13223.0,42
YT01230,Esports creator video 1230: trending ideas,Gaming,Esports,India,Media Company,2025-06-13,2025-06-18,786896.0,49867.0,1579.0,2622.0,72465.81,1311786.0,5.0,16.0,8138.0,42
YT01231,Esports creator video 1231: trending ideas,Gaming,Esports,United Kingdom,Media Company,2025-04-25,2025-05-03,233220.0,19453.0,2800.0,1123.0,55852.17,11335.0,8.0,8.0,6310.0,42
YT01232,Science creator video 1232: trending ideas,Education,Science,Canada,Media Company,2025-04-10,2025-04-20,287160.0,28466.0,2442.0,2475.0,61714.3,1496973.0,10.0,3.0,14476.0,42
YT01233,Comedy creator video 1233: trending ideas,Entertainment,Comedy,Australia,Individual,2025-06-04,2025-06-13,665750.0,68677.0,4663.0,5925.0,163736.77,3224713.0,9.0,13.0,7378.0,41
YT01234,Comedy creator video 1234: trending ideas,Entertainment,Comedy,Australia,Media Company,2025-08-30,2025-09-13,309502.0,36966.0,6477.0,2701.0,28865.23,2110275.0,14.0,4.0,5517.0,41
YT01235,Comedy creator video 1235: trending ideas,Entertainment,Comedy,United Kingdom,Media Company,2025-03-16,2025-03-21,683304.0,32644.0,5666.0,2313.0,46146.84,3717987.0,5.0,18.0,14112.0,41
YT01236,Hip Hop creator video 1236: trending ideas,Music,Hip Hop,United States,Educational,2025-06-02,2025-06-11,663815.0,66686.0,6365.0,3382.0,136135.44,3975368.0,9.0,6.0,12988.0,42
YT01237,Hip Hop creator video 1237: trending ideas,Music,Hip Hop,Australia,Educational,2025-05-03,2025-05-13,296528.0,12616.0,943.0,970.0,72430.72,745790.0,10.0,12.0,5393.0,42
YT01238,Pop creator video 1238: trending ideas,Music,Pop,Australia,Individual,2025-04-13,2025-04-15,792413.0,31525.0,1464.0,902.0,220508.69,2632107.0,2.0,13.0,3298.0,38
YT01239,Pop creator video 1239: trending ideas,Music,Pop,India,Brand,2025-07-06,2025-07-14,231421.0,7079.0,1063.0,238.0,55136.57,1168190.0,8.0,11.0,1595.0,38
YT01240,Pop creator video 1240: trending ideas,Music,Pop,Australia,Brand,2025-01-06,2025-01-14,570655.0,48476.0,4091.0,3995.0,40328.05,2681390.0,8.0,2.0,14070.0,38
YT01241,Comedy creator video 1241: trending ideas,Entertainment,Comedy,Canada,Educational,2025-10-14,2025-10-26,88663.0,3591.0,427.0,241.0,11859.84,170180.0,12.0,11.0,720.0,41
YT01242,Technology creator video 1242: trending ideas,Education,Technology,India,Media Company,2025-10-24,2025-10-25,608551.0,53664.0,2943.0,2702.0,59404.9,3870462.0,1.0,18.0,5918.0,45
YT01243,Walkthrough creator video 1243: trending ideas,Gaming,Walkthrough,India,Individual,2025-07-07,2025-07-11,708806.0,82850.0,10391.0,4158.0,191253.56,1017953.0,4.0,13.0,14664.0,46
YT01244,Walkthrough creator video 1244: trending ideas,Gaming,Walkthrough,Canada,Individual,2025-04-23,2025-05-06,123965.0,10786.0,1834.0,836.0,29022.81,500969.0,13.0,3.0,3773.0,46
YT01245,Film & Animation creator video 1245: trending ideas,Entertainment,Film & Animation,Canada,Individual,2025-03-06,2025-03-16,754290.0,42079.0,7409.0,2415.0,60946.94,1785270.0,10.0,16.0,11210.0,51
YT01246,Technology creator video 1246: trending ideas,Education,Technology,India,Individual,2025-05-13,2025-05-18,402358.0,45436.0,3833.0,2493.0,37508.45,984604.0,5.0,16.0,13559.0,45
YT01247,Comedy creator video 1247: trending ideas,Entertainment,Comedy,Canada,Educational,2025-10-17,2025-10-26,637799.0,17647.0,2879.0,1005.0,104304.59,2819586.0,9.0,8.0,7462.0,41
YT01248,Film & Animation creator video 1248: trending ideas,Entertainment,Film & Animation,United States,Media Company,2025-02-21,2025-03-05,730063.0,42853.0,1859.0,1928.0,154471.62,1199288.0,12.0,17.0,13621.0,51
YT01249,Pop creator video 1249: trending ideas,Music,Pop,Australia,Brand,2025-08-16,2025-08-27,532645.0,40057.0,3984.0,2619.0,135498.84,73027.0,11.0,4.0,12679.0,38
YT01250,Film & Animation creator video 1250: trending ideas,Entertainment,Film & Animation,United Kingdom,Brand,2025-01-15,2025-01-21,262867.0,11395.0,1233.0,429.0,63082.56,1393044.0,6.0,13.0,4125.0,51
YT01251,Esports creator video 1251: trending ideas,Gaming,Esports,United States,Media Company,2025-04-22,2025-05-04,498794.0,28415.0,1889.0,2407.0,105626.86,1544074.0,12.0,6.0,16750.0,42
YT01252,Technology creator video 1252: trending ideas,Education,Technology,United States,Media Company,2025-07-24,2025-08-01,323936.0,20765.0,955.0,759.0,30494.43,1595192.0,8.0,9.0,15264.0,45
YT01253,Walkthrough creator video 1253: trending ideas,Gaming,Walkthrough,Australia,Brand,2025-09-23,2025-09-28,402018.0,26075.0,1006.0,985.0,71990.3,2602134.0,5.0,2.0,2188.0,46
YT01254,Pop creator video 1254: trending ideas,Music,Pop,India,Educational,2025-08-25,2025-09-08,353296.0,36489.0,3923.0,3156.0,34515.89,1975452.0,14.0,7.0,1198.0,38
YT01255,Esports creator video 1255: trending ideas,Gaming,Esports,India,Brand,2025-08-04,2025-08-13,124884.0,9620.0,1069.0,799.0,6141.83,293044.0,9.0,4.0,5324.0,42
YT01256,Walkthrough creator video 1256: trending ideas,Gaming,Walkthrough,Canada,Media Company,2025-01-24,2025-01-26,824479.0,94458.0,13782.0,7457.0,85276.05,1243567.0,2.0,15.0,12212.0,46
YT01257,Pop creator video 1257: trending ideas,Music,Pop,United States,Educational,2025-02-23,2025-03-05,65546.0,4126.0,689.0,171.0,2955.55,120295.0,10.0,3.0,104.0,38
YT01258,Science creator video 1258: trending ideas,Education,Science,United States,Individual,2025-03-04,2025-03-14,290017.0,26290.0,4211.0,1203.0,27993.36,1145728.0,10.0,14.0,13086.0,42
YT01259,Pop creator video 1259: trending ideas,Music,Pop,India,Brand,2025-08-25,2025-09-05,250829.0,17829.0,794.0,1302.0,63222.77,900341.0,11.0,9.0,4620.0,38
YT01260,Film & Animation creator video 1260: trending ideas,Entertainment,Film & Animation,India,Educational,2025-04-28,2025-05-05,257975.0,23749.0,2331.0,581.0,41210.71,2147831.0,7.0,8.0,4867.0,51
YT01261,Walkthrough creator video 1261: trending ideas,Gaming,Walkthrough,United Kingdom,Media Company,2025-10-13,2025-10-14,485919.0,52232.0,5842.0,3171.0,59468.87,3340516.0,1.0,11.0,6672.0,46
YT01262,Science creator video 1262: trending ideas,Education,Science,United States,Brand,2025-03-29,2025-04-10,217960.0,24858.0,3792.0,1707.0,52553.46,393029.0,12.0,11.0,8925.0,42
YT01263,Comedy creator video 1263: trending ideas,Entertainment,Comedy,Australia,Brand,2025-07-17,2025-07-21,172034.0,18363.0,2915.0,1479.0,43483.57,89419.0,4.0,2.0,3471.0,41
YT01264,Technology creator video 1264: trending ideas,Education,Technology,United Kingdom,Media Company,2025-10-20,2025-10-24,124901.0,9207.0,1003.0,737.0,16054.56,2067650.0,4.0,16.0,1244.0,45
YT01265,Walkthrough creator video 1265: trending ideas,Gaming,Walkthrough,United States,Media Company,2025-08-09,2025-08-20,216289.0,24916.0,1642.0,792.0,17305.4,1329439.0,11.0,2.0,7881.0,46
YT01266,Technology creator video 1266: trending ideas,Education,Technology,United Kingdom,Educational,2025-05-06,2025-05-18,288134.0,15280.0,1558.0,295.0,45658.3,3554557.0,12.0,12.0,12468.0,45
YT01267,Science creator video 1267: trending ideas,Education,Science,Australia,Media Company,2025-03-31,2025-04-12,274927.0,25723.0,3263.0,1723.0,66541.47,980519.0,12.0,5.0,9022.0,42
YT01268,Science creator video 1268: trending ideas,Education,Science,India,Brand,2025-04-25,2025-05-06,287393.0,21550.0,747.0,574.0,74659.1,1256356.0,11.0,7.0,2730.0,42
YT01269,Hip Hop creator video 1269: trending ideas,Music,Hip Hop,Australia,Educational,2025-05-01,2025-05-11,537996.0,50528.0,8815.0,790.0,21900.88,2819082.0,10.0,8.0,571.0,42
YT01270,Walkthrough creator video 1270: trending ideas,Gaming,Walkthrough,Australia,Media Company,2025-10-15,2025-10-21,609215.0,67278.0,10740.0,2030.0,120014.33,1443094.0,6.0,18.0,8007.0,46
YT01271,Hip Hop creator video 1271: trending ideas,Music,Hip Hop,Canada,Educational,2025-04-27,2025-04-28,420996.0,15795.0,2048.0,732.0,97154.83,1303224.0,1.0,3.0,4343.0,42
YT01272,Pop creator video 1272: trending ideas,Music,Pop,Canada,Educational,2025-01-16,2025-01-25,729376.0,60831.0,5492.0,1145.0,63437.42,2775872.0,9.0,7.0,16314.0,38
YT01273,Film & Animation creator video 1273: trending ideas,Entertainment,Film & Animation,Australia,Educational,2025-06-14,2025-06-15,358648.0,13760.0,1051.0,625.0,82775.39,1603652.0,1.0,4.0,5359.0,51
YT01274,Film & Animation creator video 1274: trending ideas,Entertainment,Film & Animation,United States,Media Company,2025-07-21,2025-08-03,341839.0,36268.0,3297.0,1415.0,47940.1,1843009.0,13.0,11.0,6662.0,51
YT01275,Technology creator video 1275: trending ideas,Education,Technology,India,Brand,2025-04-03,2025-04-08,316580.0,33159.0,5768.0,2968.0,36452.82,90374.0,5.0,8.0,14715.0,45
YT01276,Walkthrough creator video 1276: trending ideas,Gaming,Walkthrough,United Kingdom,Educational,2025-08-15,2025-08-20,985785.0,89766.0,14414.0,4200.0,187412.52,2830368.0,5.0,8.0,17485.0,46
YT01277,Hip Hop creator video 1277: trending ideas,Music,Hip Hop,India,Individual,2025-04-26,2025-05-04,254207.0,28682.0,4811.0,2033.0,66677.73,1896382.0,8.0,5.0,3946.0,42
YT01278,Science creator video 1278: trending ideas,Education,Science,United Kingdom,Brand,2025-01-30,2025-02-04,401654.0,31211.0,4038.0,1841.0,51327.68,1024709.0,5.0,16.0,10427.0,42
YT01279,Walkthrough creator video 1279: trending ideas,Gaming,Walkthrough,Australia,Brand,2025-10-04,2025-10-17,817615.0,76423.0,10527.0,6209.0,200573.8,3114573.0,13.0,9.0,15961.0,46
YT01280,Esports creator video 1280: trending ideas,Gaming,Esports,Australia,Brand,2025-05-07,2025-05-16,1254050.0,149284.0,10525.0,4029.0,135082.34,3321117.0,9.0,12.0,17902.0,42
YT01281,Esports creator video 1281: trending ideas,Gaming,Esports,United Kingdom,Brand,2025-10-01,2025-10-10,846205.0,51245.0,9185.0,787.0,87196.76,3608900.0,9.0,17.0,6168.0,42
YT01282,Comedy creator video 1282: trending ideas,Entertainment,Comedy,Canada,Media Company,2025-05-22,2025-06-02,443505.0,13099.0,1317.0,930.0,97710.87,567696.0,11.0,17.0,4655.0,41
YT01283,Technology creator video 1283: trending ideas,Education,Technology,Australia,Educational,2025-07-14,2025-07-17,327972.0,30958.0,2584.0,2269.0,43008.51,2959882.0,3.0,4.0,938.0,45
YT01284,Esports creator video 1284: trending ideas,Gaming,Esports,Australia,Brand,2025-07-09,2025-07-12,690359.0,18542.0,900.0,1252.0,92750.97,884293.0,3.0,9.0,16647.0,42
YT01285,Pop creator video 1285: trending ideas,Music,Pop,United Kingdom,Media Company,2025-05-18,2025-05-25,684675.0,25621.0,2198.0,660.0,97040.85,2422561.0,7.0,7.0,3315.0,38
YT01286,Esports creator video 1286: trending ideas,Gaming,Esports,United Kingdom,Individual,2025-01-22,2025-01-31,497570.0,52278.0,7759.0,1569.0,85754.14,816728.0,9.0,10.0,12477.0,42
YT01287,Technology creator video 1287: trending ideas,Education,Technology,United States,Media Company,2025-07-21,2025-07-26,418582.0,28135.0,3571.0,1484.0,46899.67,2259721.0,5.0,14.0,6988.0,45
YT01288,Hip Hop creator video 1288: trending ideas,Music,Hip Hop,United Kingdom,Educational,2025-05-07,2025-05-17,1054729.0,88237.0,9963.0,3520.0,210547.17,2852852.0,10.0,17.0,13598.0,42
YT01289,Esports creator video 1289: trending ideas,Gaming,Esports,Canada,Individual,2025-01-15,2025-01-16,856293.0,55367.0,3639.0,953.0,75663.98,1743095.0,1.0,15.0,2240.0,42
YT01290,Esports creator video 1290: trending ideas,Gaming,Esports,India,Brand,2025-08-21,2025-09-01,1103032.0,43148.0,1356.0,2931.0,270926.46,3675809.0,11.0,15.0,14174.0,42
YT01291,Walkthrough creator video 1291: trending ideas,Gaming,Walkthrough,India,Media Company,2025-01-04,2025-01-17,332288.0,36295.0,1299.0,1998.0,60268.66,1986911.0,13.0,2.0,17997.0,46
YT01292,Esports creator video 1292: trending ideas,Gaming,Esports,United Kingdom,Media Company,2025-06-12,2025-06-13,1124809.0,56093.0,6709.0,1322.0,93749.41,2555437.0,1.0,17.0,14360.0,42
YT01293,Walkthrough creator video 1293: trending ideas,Gaming,Walkthrough,United Kingdom,Media Company,2025-08-27,2025-09-04,511109.0,58290.0,8950.0,4173.0,52856.2,849520.0,8.0,16.0,13993.0,46
YT01294,Comedy creator video 1294: trending ideas,Entertainment,Comedy,United Kingdom,Educational,2025-07-29,2025-08-09,218848.0,24074.0,2065.0,1097.0,55607.82,795284.0,11.0,8.0,4418.0,41
YT01295,Technology creator video 1295: trending ideas,Education,Technology,Australia,Educational,2025-06-05,2025-06-07,372990.0,32228.0,2823.0,2584.0,28576.34,2908978.0,2.0,16.0,5962.0,45
YT01296,Film & Animation creator video 1296: trending ideas,Entertainment,Film & Animation,Canada,Media Company,2025-09-12,2025-09-22,139786.0,15747.0,1415.0,574.0,33927.71,91859.0,10.0,8.0,5378.0,51
YT01297,Film & Animation creator video 1297: trending ideas,Entertainment,Film & Animation,Canada,Individual,2025-08-22,2025-09-04,267944.0,30861.0,1165.0,1197.0,74215.32,3120891.0,13.0,4.0,1768.0,51
YT01298,Film & Animation creator video 1298: trending ideas,Entertainment,Film & Animation,Canada,Brand,2025-05-12,2025-05-25,604817.0,35858.0,4367.0,1328.0,33815.03,1941493.0,13.0,18.0,13318.0,51
YT01299,Comedy creator video 1299: trending ideas,Entertainment,Comedy,Australia,Brand,2025-07-08,2025-07-12,219230.0,25271.0,3134.0,1836.0,16380.71,204367.0,4.0,3.0,9166.0,41
YT01300,Walkthrough creator video 1300: trending ideas,Gaming,Walkthrough,United States,Individual,2025-02-16,2025-02-17,688555.0,76666.0,9718.0,3944.0,48389.01,592295.0,1.0,17.0,10708.0,46
YT01301,Technology creator video 1301: trending ideas,Education,Technology,United Kingdom,Individual,2025-05-17,2025-05-28,444917.0,11337.0,513.0,611.0,96639.85,2608599.0,11.0,7.0,15947.0,45
YT01302,Technology creator video 1302: trending ideas,Education,Technology,India,Educational,2025-08-30,2025-09-03,179664.0,18381.0,1041.0,1073.0,36451.31,1784686.0,4.0,10.0,3682.0,45
YT01303,Esports creator video 1303: trending ideas,Gaming,Esports,United Kingdom,Media Company,2025-10-26,2025-11-05,339764.0,31291.0,4994.0,1402.0,14394.24,1324545.0,10.0,7.0,572.0,42
YT01304,Science creator video 1304: trending ideas,Education,Science,Canada,Educational,2025-05-27,2025-06-01,400949.0,46681.0,1867.0,3323.0,69763.58,1460731.0,5.0,14.0,14159.0,42
YT01305,Esports creator video 1305: trending ideas,Gaming,Esports,Australia,Brand,2025-07-14,2025-07-24,589302.0,54819.0,4692.0,901.0,130229.24,1641720.0,10.0,12.0,15130.0,42
YT01306,Pop creator video 1306: trending ideas,Music,Pop,United Kingdom,Individual,2025-02-26,2025-03-07,173029.0,17373.0,2015.0,449.0,18072.27,828073.0,9.0,2.0,5924.0,38
YT01307,Film & Animation creator video 1307: trending ideas,Entertainment,Film & Animation,United States,Brand,2025-04-09,2025-04-20,385632.0,15542.0,1923.0,1178.0,78887.39,3230657.0,11.0,2.0,5900.0,51
YT01308,Esports creator video 1308: trending ideas,Gaming,Esports,United Kingdom,Individual,2025-05-22,2025-05-24,187769.0,20685.0,1982.0,429.0,43168.18,538554.0,2.0,2.0,5245.0,42
YT01309,Hip Hop creator video 1309: trending ideas,Music,Hip Hop,Australia,Educational,2025-04-27,2025-05-09,475344.0,22497.0,924.0,1754.0,87758.44,144305.0,12.0,17.0,11133.0,42
YT01310,Science creator video 1310: trending ideas,Education,Science,Canada,Media Company,2025-04-20,2025-05-03,122336.0,4340.0,524.0,373.0,11313.07,506871.0,13.0,8.0,2821.0,42
YT01311,Technology creator video 1311: trending ideas,Education,Technology,Australia,Brand,2025-07-12,2025-07-24,318219.0,25979.0,934.0,2127.0,56884.18,1952730.0,12.0,10.0,9245.0,45
YT01312,Esports creator video 1312: trending ideas,Gaming,Esports,Australia,Brand,2025-10-14,2025-10-16,481872.0,55145.0,2538.0,4711.0,50106.47,688742.0,2.0,10.0,5649.0,42
YT01313,Walkthrough creator video 1313: trending ideas,Gaming,Walkthrough,Canada,Media Company,2025-03-15,2025-03-18,336594.0,13511.0,2066.0,1101.0,80120.48,1604020.0,3.0,9.0,7592.0,46
YT01314,Esports creator video 1314: trending ideas,Gaming,Esports,India,Brand,2025-04-23,2025-04-30,658185.0,51081.0,8141.0,3854.0,70785.63,2326749.0,7.0,4.0,9584.0,42
YT01315,Technology creator video 1315: trending ideas,Education,Technology,Australia,Brand,2025-07-07,2025-07-13,329190.0,29221.0,4667.0,2252.0,83988.86,2893084.0,6.0,10.0,9862.0,45
YT01316,Comedy creator video 1316: trending ideas,Entertainment,Comedy,Australia,Individual,2025-10-19,2025-10-25,540223.0,31037.0,3846.0,2308.0,146747.85,2661979.0,6.0,14.0,287.0,41
YT01317,Hip Hop creator video 1317: trending ideas,Music,Hip Hop,Australia,Educational,2025-03-31,2025-04-13,219879.0,17406.0,1411.0,755.0,22091.87,1066897.0,13.0,3.0,5280.0,42
YT01318,Walkthrough creator video 1318: trending ideas,Gaming,Walkthrough,Australia,Individual,2025-10-17,2025-10-26,107106.0,8220.0,954.0,719.0,25820.6,1057905.0,9.0,7.0,1095.0,46
YT01319,Comedy creator video 1319: trending ideas,Entertainment,Comedy,India,Educational,2025-04-03,2025-04-07,383778.0,21464.0,1283.0,1046.0,52505.32,1533661.0,4.0,7.0,5000.0,41
YT01320,Comedy creator video 1320: trending ideas,Entertainment,Comedy,Australia,Educational,2025-07-11,2025-07-21,173736.0,15175.0,1518.0,574.0,18987.67,975993.0,10.0,13.0,413.0,41
YT01321,Technology creator video 1321: trending ideas,Education,Technology,United Kingdom,Brand,2025-04-29,2025-05-04,442977.0,48343.0,5972.0,996.0,31718.72,2327096.0,5.0,6.0,11160.0,45
YT01322,Hip Hop creator video 1322: trending ideas,Music,Hip Hop,United Kingdom,Brand,2025-06-12,2025-06-20,580727.0,45634.0,2300.0,801.0,69613.82,2111798.0,8.0,6.0,7325.0,42
YT01323,Hip Hop creator video 1323: trending ideas,Music,Hip Hop,Canada,Educational,2025-02-15,2025-02-25,705226.0,74855.0,10995.0,1805.0,66445.95,3203055.0,10.0,4.0,2853.0,42
YT01324,Film & Animation creator video 1324: trending ideas,Entertainment,Film & Animation,United Kingdom,Media Company,2025-10-13,2025-10-27,170210.0,13855.0,2105.0,1223.0,14197.69,1139627.0,14.0,9.0,627.0,51
YT01325,Walkthrough creator video 1325: trending ideas,Gaming,Walkthrough,Canada,Educational,2025-03-21,2025-03-25,936285.0,110406.0,8915.0,7781.0,76456.63,1834283.0,4.0,18.0,16594.0,46
YT01326,Film & Animation creator video 1326: trending ideas,Entertainment,Film & Animation,United States,Brand,2025-03-03,2025-03-06,1245040.0,111209.0,15023.0,4025.0,247980.2,3481580.0,3.0,8.0,17829.0,51
YT01327,Technology creator video 1327: trending ideas,Education,Technology,United States,Media Company,2025-05-15,2025-05-20,116435.0,6842.0,1095.0,481.0,10721.48,1628284.0,5.0,5.0,1995.0,45
YT01328,Esports creator video 1328: trending ideas,Gaming,Esports,United Kingdom,Media Company,2025-01-14,2025-01-16,383554.0,20847.0,1551.0,594.0,82462.8,1034121.0,2.0,2.0,8213.0,42
YT01329,Pop creator video 1329: trending ideas,Music,Pop,United Kingdom,Individual,2025-06-06,2025-06-13,605234.0,47550.0,7226.0,3931.0,57849.62,3850502.0,7.0,7.0,9511.0,38
YT01330,Walkthrough creator video 1330: trending ideas,Gaming,Walkthrough,United States,Brand,2025-08-18,2025-08-29,674227.0,49355.0,2037.0,2453.0,56278.37,2318468.0,11.0,15.0,1038.0,46
YT01331,Pop creator video 1331: trending ideas,Music,Pop,United States,Media Company,2025-04-04,2025-04-05,712769.0,81804.0,3775.0,6733.0,53048.72,762472.0,1.0,12.0,4247.0,38
YT01332,Walkthrough creator video 1332: trending ideas,Gaming,Walkthrough,Canada,Individual,2025-04-10,2025-04-20,454009.0,39910.0,2743.0,2312.0,84627.26,1145804.0,10.0,17.0,8046.0,46
YT01333,Hip Hop creator video 1333: trending ideas,Music,Hip Hop,United States,Individual,2025-06-09,2025-06-18,482009.0,13634.0,443.0,935.0,88741.6,829523.0,9.0,15.0,7964.0,42
YT01334,Walkthrough creator video 1334: trending ideas,Gaming,Walkthrough,United Kingdom,Media Company,2025-03-05,2025-03-19,513515.0,24829.0,3228.0,1213.0,70747.97,2894696.0,14.0,5.0,8963.0,46
YT01335,Pop creator video 1335: trending ideas,Music,Pop,United States,Educational,2025-06-09,2025-06-22,577498.0,54798.0,3524.0,2219.0,55915.59,173812.0,13.0,11.0,13565.0,38
YT01336,Film & Animation creator video 1336: trending ideas,Entertainment,Film & Animation,India,Individual,2025-04-18,2025-05-01,521011.0,18374.0,985.0,699.0,141030.5,2955616.0,13.0,16.0,4350.0,51
YT01337,Pop creator video 1337: trending ideas,Music,Pop,Australia,Educational,2025-02-03,2025-02-05,656740.0,40005.0,2765.0,3489.0,87290.31,166080.0,2.0,9.0,15542.0,38
YT01338,Technology creator video 1338: trending ideas,Education,Technology,India,Educational,2025-09-24,2025-09-26,767941.0,91355.0,14989.0,4551.0,73640.25,1697716.0,2.0,18.0,15683.0,45
YT01339,Science creator video 1339: trending ideas,Education,Science,United States,Individual,2025-06-04,2025-06-06,262009.0,18405.0,1303.0,1279.0,69818.79,2576642.0,2.0,10.0,10004.0,42
YT01340,Esports creator video 1340: trending ideas,Gaming,Esports,Australia,Media Company,2025-07-04,2025-07-12,534989.0,49823.0,8794.0,1137.0,33923.96,1178066.0,8.0,8.0,14515.0,42
YT01341,Esports creator video 1341: trending ideas,Gaming,Esports,Australia,Individual,2025-06-16,2025-06-29,263940.0,17820.0,1320.0,930.0,18180.18,971088.0,13.0,7.0,11552.0,42
YT01342,Walkthrough creator video 1342: trending ideas,Gaming,Walkthrough,India,Brand,2025-05-28,2025-06-05,494015.0,13376.0,2013.0,1052.0,25623.28,206817.0,8.0,17.0,11841.0,46
YT01343,Comedy creator video 1343: trending ideas,Entertainment,Comedy,Australia,Brand,2025-03-24,2025-04-01,527546.0,55484.0,6154.0,4085.0,129405.43,3875898.0,8.0,16.0,13362.0,41
YT01344,Science creator video 1344: trending ideas,Education,Science,United States,Educational,2025-09-30,2025-10-05,363418.0,12771.0,544.0,1027.0,53282.76,3733383.0,5.0,4.0,15669.0,42
YT01345,Technology creator video 1345: trending ideas,Education,Technology,Canada,Educational,2025-08-21,2025-08-26,501376.0,25197.0,1179.0,1484.0,98777.83,3042518.0,5.0,15.0,13082.0,45
YT01346,Film & Animation creator video 1346: trending ideas,Entertainment,Film & Animation,India,Brand,2025-02-05,2025-02-17,442400.0,43774.0,3959.0,1007.0,24977.29,1196777.0,12.0,13.0,7650.0,51
YT01347,Pop creator video 1347: trending ideas,Music,Pop,Canada,Brand,2025-01-29,2025-02-06,458427.0,43400.0,3414.0,1728.0,21938.55,3650466.0,8.0,3.0,4669.0,38
YT01348,Hip Hop creator video 1348: trending ideas,Music,Hip Hop,United Kingdom,Educational,2025-10-27,2025-10-30,203638.0,6183.0,861.0,520.0,53766.25,1547155.0,3.0,8.0,3081.0,42
YT01349,Technology creator video 1349: trending ideas,Education,Technology,United Kingdom,Brand,2025-01-01,2025-01-13,80423.0,3532.0,149.0,317.0,20845.19,667869.0,12.0,3.0,1332.0,45
YT01350,Technology creator video 1350: trending ideas,Education,Technology,United States,Individual,2025-04-15,2025-04-26,286773.0,22810.0,3362.0,1036.0,15623.42,869900.0,11.0,15.0,7265.0,45
YT01351,Technology creator video 1351: trending ideas,Education,Technology,India,Media Company,2025-10-04,2025-10-05,548110.0,55550.0,6755.0,1338.0,88460.61,1977786.0,1.0,11.0,9631.0,45
YT01352,Technology creator video 1352: trending ideas,Education,Technology,Australia,Brand,2025-05-18,2025-05-30,200344.0,15913.0,1314.0,532.0,22047.17,306093.0,12.0,4.0,17306.0,45
YT01353,Walkthrough creator video 1353: trending ideas,Gaming,Walkthrough,India,Brand,2025-10-12,2025-10-21,452526.0,24126.0,4232.0,683.0,63631.5,2652009.0,9.0,4.0,3550.0,46
YT01354,Walkthrough creator video 1354: trending ideas,Gaming,Walkthrough,United States,Individual,2025-06-15,2025-06-20,560895.0,24308.0,4182.0,1012.0,43998.78,2555469.0,5.0,8.0,9207.0,46
YT01355,Comedy creator video 1355: trending ideas,Entertainment,Comedy,United Kingdom,Educational,2025-06-03,2025-06-06,504174.0,34023.0,1154.0,805.0,72361.07,1918920.0,3.0,11.0,4228.0,41
YT01356,Film & Animation creator video 1356: trending ideas,Entertainment,Film & Animation,India,Media Company,2025-03-31,2025-04-11,442659.0,15364.0,1813.0,881.0,32575.8,2411981.0,11.0,2.0,6395.0,51
YT01357,Comedy creator video 1357: trending ideas,Entertainment,Comedy,United States,Media Company,2025-05-21,2025-06-04,797889.0,67917.0,9827.0,5655.0,202136.52,2255196.0,14.0,3.0,15629.0,41
YT01358,Science creator video 1358: trending ideas,Education,Science,Australia,Individual,2025-04-26,2025-04-30,181311.0,20065.0,1533.0,1714.0,14941.16,2484438.0,4.0,9.0,1414.0,42
YT01359,Technology creator video 1359: trending ideas,Education,Technology,Canada,Individual,2025-09-15,2025-09-20,522337.0,19738.0,2001.0,894.0,97422.47,2180092.0,5.0,11.0,17536.0,45
YT01360,Esports creator video 1360: trending ideas,Gaming,Esports,Australia,Brand,2025-06-22,2025-06-29,710427.0,57573.0,5694.0,2201.0,41909.33,1284371.0,7.0,9.0,15794.0,42
YT01361,Technology creator video 1361: trending ideas,Education,Technology,Canada,Educational,2025-07-26,2025-08-03,338951.0,39444.0,2762.0,1026.0,73913.28,3488351.0,8.0,18.0,2779.0,45
YT01362,Esports creator video 1362: trending ideas,Gaming,Esports,United Kingdom,Brand,2025-02-06,2025-02-20,406292.0,45951.0,4321.0,3572.0,58027.35,2768161.0,14.0,6.0,5563.0,42
YT01363,Esports creator video 1363: trending ideas,Gaming,Esports,India,Individual,2025-09-07,2025-09-13,1038526.0,53648.0,6485.0,867.0,260550.66,3947874.0,6.0,11.0,3437.0,42
YT01364,Science creator video 1364: trending ideas,Education,Science,Australia,Brand,2025-03-06,2025-03-10,482923.0,15826.0,1506.0,1379.0,87444.49,2014454.0,4.0,15.0,8008.0,42
YT01365,Walkthrough creator video 1365: trending ideas,Gaming,Walkthrough,Canada,Media Company,2025-05-22,2025-06-01,511114.0,43643.0,5192.0,2415.0,139572.26,3561071.0,10.0,5.0,13636.0,46
YT01366,Technology creator video 1366: trending ideas,Education,Technology,United Kingdom,Educational,2025-04-28,2025-05-08,434413.0,18898.0,1319.0,387.0,68322.57,1206616.0,10.0,15.0,9377.0,45
YT01367,Hip Hop creator video 1367: trending ideas,Music,Hip Hop,Canada,Brand,2025-04-08,2025-04-16,256602.0,7802.0,967.0,525.0,14087.31,771263.0,8.0,8.0,1658.0,42
YT01368,Science creator video 1368: trending ideas,Education,Science,Canada,Individual,2025-09-22,2025-10-06,182142.0,5854.0,732.0,360.0,48315.99,200551.0,14.0,3.0,8897.0,42
YT01369,Hip Hop creator video 1369: trending ideas,Music,Hip Hop,United Kingdom,Individual,2025-01-07,2025-01-17,409873.0,37912.0,3487.0,2289.0,99189.6,368989.0,10.0,12.0,11369.0,42
YT01370,Esports creator video 1370: trending ideas,Gaming,Esports,India,Brand,2025-02-18,2025-02-19,421878.0,22213.0,2000.0,1535.0,87858.53,2008234.0,1.0,16.0,934.0,42
YT01371,Film & Animation creator video 1371: trending ideas,Entertainment,Film & Animation,India,Media Company,2025-03-30,2025-04-09,587896.0,58912.0,10561.0,4321.0,117208.59,3564892.0,10.0,4.0,17549.0,51
YT01372,Comedy creator video 1372: trending ideas,Entertainment,Comedy,Canada,Brand,2025-07-03,2025-07-11,804912.0,94314.0,4447.0,3279.0,50120.42,2556021.0,8.0,5.0,13681.0,41
YT01373,Walkthrough creator video 1373: trending ideas,Gaming,Walkthrough,United Kingdom,Media Company,2025-05-06,2025-05-11,496017.0,32110.0,4823.0,2690.0,51383.79,1239551.0,5.0,17.0,9585.0,46
YT01374,Esports creator video 1374: trending ideas,Gaming,Esports,India,Brand,2025-04-09,2025-04-19,781980.0,25698.0,1427.0,1081.0,169137.59,287729.0,10.0,17.0,17240.0,42
YT01375,Esports creator video 1375: trending ideas,Gaming,Esports,United Kingdom,Individual,2025-06-21,2025-06-27,108358.0,5028.0,298.0,116.0,17009.21,1923729.0,6.0,4.0,416.0,42
YT01376,Comedy creator video 1376: trending ideas,Entertainment,Comedy,Canada,Educational,2025-05-24,2025-05-27,382080.0,43637.0,2147.0,3708.0,96081.37,412000.0,3.0,14.0,4626.0,41
YT01377,Hip Hop creator video 1377: trending ideas,Music,Hip Hop,United Kingdom,Educational,2025-06-14,2025-06-18,705441.0,29366.0,4312.0,461.0,151799.52,2624611.0,4.0,16.0,8467.0,42
YT01378,Comedy creator video 1378: trending ideas,Entertainment,Comedy,United States,Media Company,2025-09-29,2025-10-02,439954.0,17375.0,2525.0,1431.0,89338.73,3663406.0,3.0,10.0,864.0,41
YT01379,Science creator video 1379: trending ideas,Education,Science,Australia,Brand,2025-10-23,2025-10-30,390747.0,29465.0,1287.0,2212.0,25060.27,931852.0,7.0,6.0,16789.0,42
YT01380,Esports creator video 1380: trending ideas,Gaming,Esports,Canada,Educational,2025-09-04,2025-09-06,843040.0,54599.0,5970.0,4640.0,199227.48,769551.0,2.0,18.0,16456.0,42
YT01381,Technology creator video 1381: trending ideas,Education,Technology,Australia,Media Company,2025-05-16,2025-05-28,127409.0,11280.0,1373.0,258.0,33060.01,947976.0,12.0,8.0,3476.0,45
YT01382,Comedy creator video 1382: trending ideas,Entertainment,Comedy,United States,Brand,2025-07-06,2025-07-13,634175.0,73032.0,6204.0,5045.0,130119.23,2639091.0,7.0,13.0,6547.0,41
YT01383,Film & Animation creator video 1383: trending ideas,Entertainment,Film & Animation,Australia,Brand,2025-06-01,2025-06-09,240820.0,16394.0,790.0,447.0,53792.35,1431462.0,8.0,6.0,3390.0,51
YT01384,Comedy creator video 1384: trending ideas,Entertainment,Comedy,India,Brand,2025-05-24,2025-06-05,705667.0,21691.0,989.0,417.0,179049.15,3471886.0,12.0,2.0,10563.0,41
YT01385,Film & Animation creator video 1385: trending ideas,Entertainment,Film & Animation,Australia,Educational,2025-04-11,2025-04-22,636759.0,67956.0,6388.0,3484.0,100441.31,2203358.0,11.0,11.0,15124.0,51
YT01386,Science creator video 1386: trending ideas,Education,Science,India,Individual,2025-07-16,2025-07-21,229031.0,14499.0,2420.0,1014.0,30777.35,843691.0,5.0,17.0,3541.0,42
YT01387,Science creator video 1387: trending ideas,Education,Science,Canada,Individual,2025-01-10,2025-01-11,670098.0,50507.0,7507.0,4534.0,169745.61,2575859.0,1.0,17.0,16807.0,42
YT01388,Comedy creator video 1388: trending ideas,Entertainment,Comedy,India,Educational,2025-02-17,2025-02-21,315251.0,13100.0,1619.0,1165.0,76499.02,492097.0,4.0,11.0,2443.0,41
YT01389,Hip Hop creator video 1389: trending ideas,Music,Hip Hop,Canada,Individual,2025-10-15,2025-10-29,706638.0,26559.0,1520.0,1410.0,123022.94,2778671.0,14.0,2.0,17531.0,42
YT01390,Pop creator video 1390: trending ideas,Music,Pop,United States,Educational,2025-02-13,2025-02-24,721055.0,84674.0,6492.0,1311.0,155177.6,459319.0,11.0,14.0,16325.0,38
YT01391,Esports creator video 1391: trending ideas,Gaming,Esports,United States,Brand,2025-10-11,2025-10-25,740100.0,66972.0,10673.0,2010.0,173647.88,2961646.0,14.0,17.0,16342.0,42
YT01392,Hip Hop creator video 1392: trending ideas,Music,Hip Hop,Canada,Media Company,2025-03-27,2025-03-30,226958.0,9217.0,1218.0,735.0,25139.45,630236.0,3.0,8.0,2714.0,42
YT01393,Technology creator video 1393: trending ideas,Education,Technology,Australia,Media Company,2025-05-30,2025-06-05,261151.0,22780.0,1392.0,1666.0,39660.79,1140380.0,6.0,11.0,4628.0,45
YT01394,Film & Animation creator video 1394: trending ideas,Entertainment,Film & Animation,United States,Brand,2025-04-17,2025-04-29,1000695.0,94576.0,8394.0,6906.0,95191.76,3565156.0,12.0,11.0,4507.0,51
YT01395,Hip Hop creator video 1395: trending ideas,Music,Hip Hop,India,Media Company,2025-09-24,2025-09-30,814599.0,56049.0,2569.0,4298.0,87466.43,3615027.0,6.0,9.0,10853.0,42
YT01396,Walkthrough creator video 1396: trending ideas,Gaming,Walkthrough,Canada,Individual,2025-08-05,2025-08-07,902408.0,35474.0,4905.0,1725.0,77567.51,3423739.0,2.0,4.0,13924.0,46
YT01397,Comedy creator video 1397: trending ideas,Entertainment,Comedy,United States,Brand,2025-01-11,2025-01-12,670781.0,66898.0,10743.0,2370.0,146457.1,371108.0,1.0,16.0,14278.0,41
YT01398,Pop creator video 1398: trending ideas,Music,Pop,Canada,Educational,2025-05-13,2025-05-18,536924.0,52519.0,1766.0,3045.0,49986.77,1879467.0,5.0,18.0,395.0,38
YT01399,Technology creator video 1399: trending ideas,Education,Technology,United Kingdom,Media Company,2025-07-01,2025-07-09,416122.0,40325.0,5153.0,1339.0,98761.4,3943581.0,8.0,6.0,10953.0,45
YT01400,Hip Hop creator video 1400: trending ideas,Music,Hip Hop,United Kingdom,Individual,2025-06-04,2025-06-07,1018963.0,34549.0,2960.0,3036.0,61375.1,3121580.0,3.0,13.0,16052.0,42
YT01401,Pop creator video 1401: trending ideas,Music,Pop,Canada,Media Company,2025-07-19,2025-07-25,332984.0,9836.0,764.0,461.0,57101.06,3990361.0,6.0,5.0,5216.0,38
YT01402,Hip Hop creator video 1402: trending ideas,Music,Hip Hop,United States,Educational,2025-09-18,2025-09-20,536999.0,46605.0,6461.0,2852.0,115079.21,50674.0,2.0,13.0,8686.0,42
YT01403,Comedy creator video 1403: trending ideas,Entertainment,Comedy,India,Educational,2025-02-04,2025-02-11,467716.0,33343.0,5718.0,1974.0,41597.98,1254938.0,7.0,17.0,2153.0,41
YT01404,Hip Hop creator video 1404: trending ideas,Music,Hip Hop,India,Individual,2025-03-30,2025-04-06,1159885.0,111554.0,13409.0,7110.0,234417.77,3639583.0,7.0,9.0,16987.0,42
YT01405,Film & Animation creator video 1405: trending ideas,Entertainment,Film & Animation,Australia,Educational,2025-01-03,2025-01-17,555266.0,23299.0,1886.0,1472.0,54057.04,1364224.0,14.0,13.0,12561.0,51
YT01406,Film & Animation creator video 1406: trending ideas,Entertainment,Film & Animation,Canada,Individual,2025-03-08,2025-03-13,808882.0,24509.0,4302.0,2168.0,64956.05,3790377.0,5.0,8.0,8951.0,51
YT01407,Walkthrough creator video 1407: trending ideas,Gaming,Walkthrough,United States,Brand,2025-04-25,2025-05-06,704531.0,29120.0,3104.0,2326.0,102373.95,3992193.0,11.0,3.0,9866.0,46
YT01408,Comedy creator video 1408: trending ideas,Entertainment,Comedy,United Kingdom,Individual,2025-02-03,2025-02-05,665154.0,36484.0,5738.0,794.0,171829.62,3627320.0,2.0,10.0,10538.0,41
YT01409,Comedy creator video 1409: trending ideas,Entertainment,Comedy,United States,Individual,2025-05-24,2025-05-30,218013.0,22270.0,2717.0,990.0,33754.39,1368234.0,6.0,10.0,3426.0,41
YT01410,Pop creator video 1410: trending ideas,Music,Pop,Canada,Educational,2025-02-27,2025-03-12,416527.0,22619.0,3226.0,1495.0,41121.24,1582480.0,13.0,4.0,10579.0,38
YT01411,Walkthrough creator video 1411: trending ideas,Gaming,Walkthrough,Australia,Brand,2025-10-08,2025-10-11,621559.0,42570.0,2014.0,3637.0,36287.17,3289829.0,3.0,6.0,10293.0,46
YT01412,Pop creator video 1412: trending ideas,Music,Pop,United Kingdom,Media Company,2025-09-21,2025-09-25,771326.0,34693.0,5652.0,1800.0,159054.06,3463273.0,4.0,10.0,13668.0,38
YT01413,Comedy creator video 1413: trending ideas,Entertainment,Comedy,Australia,Brand,2025-05-17,2025-05-26,611697.0,40634.0,6100.0,3476.0,47155.88,3963273.0,9.0,17.0,15739.0,41
YT01414,Comedy creator video 1414: trending ideas,Entertainment,Comedy,United States,Media Company,2025-10-14,2025-10-19,712030.0,43063.0,4867.0,2215.0,116653.73,3688101.0,5.0,16.0,13263.0,41
YT01415,Science creator video 1415: trending ideas,Education,Science,Canada,Educational,2025-09-26,2025-09-29,409382.0,15429.0,2348.0,967.0,50492.94,2131679.0,3.0,5.0,12508.0,42
YT01416,Pop creator video 1416: trending ideas,Music,Pop,United Kingdom,Individual,2025-07-10,2025-07-20,551142.0,34921.0,3250.0,990.0,44838.99,1030411.0,10.0,3.0,14735.0,38
YT01417,Walkthrough creator video 1417: trending ideas,Gaming,Walkthrough,Australia,Media Company,2025-08-24,2025-08-26,402812.0,13156.0,420.0,429.0,100527.58,84790.0,2.0,17.0,11363.0,46
YT01418,Comedy creator video 1418: trending ideas,Entertainment,Comedy,Canada,Individual,2025-08-14,2025-08-16,1374689.0,91217.0,3769.0,7307.0,224054.88,2790631.0,2.0,8.0,17704.0,41
YT01419,Technology creator video 1419: trending ideas,Education,Technology,United Kingdom,Media Company,2025-03-23,2025-03-30,409952.0,35936.0,4662.0,3132.0,92524.93,3773562.0,7.0,7.0,187.0,45
YT01420,Pop creator video 1420: trending ideas,Music,Pop,United States,Educational,2025-01-09,2025-01-21,604400.0,62569.0,2032.0,4169.0,72760.42,441707.0,12.0,10.0,15906.0,38
YT01421,Comedy creator video 1421: trending ideas,Entertainment,Comedy,Australia,Individual,2025-05-05,2025-05-12,304604.0,34725.0,3471.0,792.0,52705.8,226153.0,7.0,9.0,10283.0,41
YT01422,Hip Hop creator video 1422: trending ideas,Music,Hip Hop,United Kingdom,Individual,2025-04-29,2025-05-10,465593.0,31315.0,2625.0,2339.0,38161.05,1397059.0,11.0,2.0,12612.0,42
YT01423,Pop creator video 1423: trending ideas,Music,Pop,Canada,Individual,2025-03-04,2025-03-16,546716.0,64569.0,9217.0,5065.0,117102.57,2559417.0,12.0,17.0,218.0,38
YT01424,Comedy creator video 1424: trending ideas,Entertainment,Comedy,India,Media Company,2025-02-22,2025-02-26,695472.0,31534.0,4483.0,1417.0,37969.18,1484458.0,4.0,3.0,13729.0,41
YT01425,Technology creator video 1425: trending ideas,Education,Technology,United States,Individual,2025-08-23,2025-08-31,151737.0,7887.0,1319.0,465.0,36682.56,321424.0,8.0,5.0,4285.0,45
YT01426,Technology creator video 1426: trending ideas,Education,Technology,Canada,Media Company,2025-04-17,2025-04-23,352116.0,42043.0,4880.0,3658.0,84533.6,135544.0,6.0,10.0,17578.0,45
YT01427,Pop creator video 1427: trending ideas,Music,Pop,India,Educational,2025-07-13,2025-07-27,882772.0,79752.0,11168.0,3137.0,184838.32,2532448.0,14.0,12.0,15188.0,38
YT01428,Comedy creator video 1428: trending ideas,Entertainment,Comedy,Canada,Educational,2025-08-05,2025-08-17,477889.0,50692.0,6990.0,3209.0,47036.41,3090843.0,12.0,4.0,14712.0,41
YT01429,Esports creator video 1429: trending ideas,Gaming,Esports,India,Individual,2025-07-27,2025-08-02,823921.0,82770.0,13940.0,1644.0,113836.03,2252752.0,6.0,14.0,6066.0,42
YT01430,Hip Hop creator video 1430: trending ideas,Music,Hip Hop,United Kingdom,Brand,2025-06-09,2025-06-12,800616.0,39770.0,4634.0,1209.0,43537.9,3263231.0,3.0,17.0,5662.0,42
YT01431,Film & Animation creator video 1431: trending ideas,Entertainment,Film & Animation,Australia,Media Company,2025-03-27,2025-03-30,341738.0,27803.0,2981.0,727.0,80669.1,1149513.0,3.0,2.0,9757.0,51
YT01432,Hip Hop creator video 1432: trending ideas,Music,Hip Hop,India,Individual,2025-03-10,2025-03-14,777699.0,92911.0,9870.0,7108.0,109426.15,3572854.0,4.0,10.0,12471.0,42
YT01433,Film & Animation creator video 1433: trending ideas,Entertainment,Film & Animation,United States,Brand,2025-07-30,2025-08-05,500178.0,16530.0,2952.0,637.0,98386.65,953462.0,6.0,18.0,2798.0,51
YT01434,Technology creator video 1434: trending ideas,Education,Technology,United Kingdom,Individual,2025-08-12,2025-08-24,259319.0,19866.0,1340.0,1624.0,43101.59,3551269.0,12.0,18.0,329.0,45
YT01435,Esports creator video 1435: trending ideas,Gaming,Esports,India,Individual,2025-04-19,2025-04-20,140443.0,14721.0,472.0,717.0,32260.53,1574128.0,1.0,5.0,3075.0,42
YT01436,Walkthrough creator video 1436: trending ideas,Gaming,Walkthrough,United States,Individual,2025-07-01,2025-07-02,387296.0,43135.0,4024.0,1079.0,27045.55,432169.0,1.0,7.0,6787.0,46
YT01437,Walkthrough creator video 1437: trending ideas,Gaming,Walkthrough,United States,Educational,2025-06-22,2025-07-06,547556.0,15879.0,791.0,1251.0,30541.71,2560310.0,14.0,7.0,7456.0,46
YT01438,Pop creator video 1438: trending ideas,Music,Pop,United Kingdom,Educational,2025-06-13,2025-06-20,840748.0,60447.0,8663.0,3091.0,223070.98,3374050.0,7.0,8.0,15529.0,38
YT01439,Film & Animation creator video 1439: trending ideas,Entertainment,Film & Animation,Australia,Media Company,2025-10-03,2025-10-16,438925.0,35566.0,6168.0,2892.0,39831.62,1609316.0,13.0,7.0,14277.0,51
YT01440,Hip Hop creator video 1440: trending ideas,Music,Hip Hop,Canada,Educational,2025-02-06,2025-02-15,676965.0,57196.0,6438.0,1218.0,162606.16,3043441.0,9.0,18.0,13270.0,42
YT01441,Film & Animation creator video 1441: trending ideas,Entertainment,Film & Animation,India,Educational,2025-03-29,2025-04-07,267336.0,10606.0,462.0,210.0,33167.25,572260.0,9.0,3.0,9945.0,51
YT01442,Science creator video 1442: trending ideas,Education,Science,Australia,Educational,2025-08-30,2025-09-10,398485.0,47680.0,6687.0,2055.0,79458.55,2346813.0,11.0,11.0,14426.0,42
YT01443,Comedy creator video 1443: trending ideas,Entertainment,Comedy,United States,Brand,2025-06-20,2025-07-04,845720.0,50538.0,5691.0,1485.0,92703.07,3447643.0,14.0,16.0,8302.0,41
YT01444,Film & Animation creator video 1444: trending ideas,Entertainment,Film & Animation,Canada,Brand,2025-03-05,2025-03-19,706726.0,84718.0,13122.0,2166.0,188312.73,2115175.0,14.0,10.0,17651.0,51
YT01445,Film & Animation creator video 1445: trending ideas,Entertainment,Film & Animation,United States,Educational,2025-01-16,2025-01-25,574513.0,54948.0,2941.0,4820.0,94864.82,3355684.0,9.0,15.0,11907.0,51
YT01446,Comedy creator video 1446: trending ideas,Entertainment,Comedy,United States,Brand,2025-10-05,2025-10-14,454024.0,34849.0,3214.0,1966.0,19995.75,1509940.0,9.0,17.0,147.0,41
YT01447,Science creator video 1447: trending ideas,Education,Science,United States,Individual,2025-05-11,2025-05-14,109653.0,3569.0,598.0,95.0,7604.71,1014577.0,3.0,11.0,52.0,42
YT01448,Esports creator video 1448: trending ideas,Gaming,Esports,India,Educational,2025-06-10,2025-06-16,209475.0,15601.0,2675.0,1036.0,31677.37,937459.0,6.0,10.0,3634.0,42
YT01449,Esports creator video 1449: trending ideas,Gaming,Esports,United Kingdom,Brand,2025-03-29,2025-03-30,276450.0,15936.0,993.0,376.0,43178.55,455104.0,1.0,6.0,8849.0,42
YT01450,Comedy creator video 1450: trending ideas,Entertainment,Comedy,India,Media Company,2025-10-22,2025-10-26,543251.0,28845.0,875.0,1889.0,31406.92,1877835.0,4.0,5.0,13978.0,41
YT01451,Film & Animation creator video 1451: trending ideas,Entertainment,Film & Animation,United States,Educational,2025-04-27,2025-04-28,691751.0,79431.0,5355.0,5468.0,55617.93,1143394.0,1.0,3.0,7246.0,51
YT01452,Hip Hop creator video 1452: trending ideas,Music,Hip Hop,Canada,Brand,2025-07-15,2025-07-16,1779017.0,54036.0,6608.0,1854.0,372034.55,3334506.0,1.0,14.0,17520.0,42
YT01453,Technology creator video 1453: trending ideas,Education,Technology,United Kingdom,Individual,2025-06-07,2025-06-20,233566.0,14745.0,561.0,1312.0,38580.46,917849.0,13.0,14.0,9250.0,45
YT01454,Esports creator video 1454: trending ideas,Gaming,Esports,India,Brand,2025-04-28,2025-05-11,618568.0,38055.0,1807.0,766.0,47319.82,2382526.0,13.0,11.0,16182.0,42
YT01455,Hip Hop creator video 1455: trending ideas,Music,Hip Hop,United States,Educational,2025-07-17,2025-07-28,758823.0,51785.0,3768.0,2387.0,170190.36,3874088.0,11.0,10.0,6606.0,42
YT01456,Hip Hop creator video 1456: trending ideas,Music,Hip Hop,Canada,Educational,2025-06-26,2025-07-05,684326.0,48439.0,3380.0,2760.0,69115.06,1086068.0,9.0,4.0,14618.0,42
YT01457,Walkthrough creator video 1457: trending ideas,Gaming,Walkthrough,Canada,Media Company,2025-05-22,2025-05-23,637701.0,47896.0,1662.0,4077.0,28040.57,3273937.0,1.0,14.0,4554.0,46
YT01458,Hip Hop creator video 1458: trending ideas,Music,Hip Hop,India,Media Company,2025-06-12,2025-06-22,662255.0,66584.0,6473.0,5818.0,77692.67,504040.0,10.0,17.0,10181.0,42
YT01459,Science creator video 1459: trending ideas,Education,Science,Australia,Brand,2025-01-27,2025-02-06,112695.0,11843.0,917.0,1063.0,30473.4,2119315.0,10.0,5.0,1854.0,42
YT01460,Film & Animation creator video 1460: trending ideas,Entertainment,Film & Animation,United States,Individual,2025-03-05,2025-03-07,1109815.0,118037.0,10605.0,9057.0,183439.73,3300339.0,2.0,8.0,8646.0,51
YT01461,Walkthrough creator video 1461: trending ideas,Gaming,Walkthrough,United States,Media Company,2025-07-10,2025-07-18,384655.0,11507.0,753.0,282.0,40747.79,2675991.0,8.0,13.0,5469.0,46
YT01462,Hip Hop creator video 1462: trending ideas,Music,Hip Hop,India,Individual,2025-10-20,2025-10-31,348738.0,22947.0,3125.0,1875.0,88982.43,224839.0,11.0,9.0,14719.0,42
YT01463,Film & Animation creator video 1463: trending ideas,Entertainment,Film & Animation,United States,Individual,2025-10-25,2025-11-08,639484.0,16783.0,669.0,1361.0,147305.67,1194778.0,14.0,18.0,13389.0,51
YT01464,Walkthrough creator video 1464: trending ideas,Gaming,Walkthrough,India,Media Company,2025-07-13,2025-07-15,595294.0,24253.0,2485.0,646.0,39037.07,2921303.0,2.0,14.0,6722.0,46
YT01465,Science creator video 1465: trending ideas,Education,Science,India,Media Company,2025-09-24,2025-10-01,334674.0,10627.0,1731.0,902.0,67748.89,2210290.0,7.0,6.0,17743.0,42
YT01466,Pop creator video 1466: trending ideas,Music,Pop,United States,Media Company,2025-02-11,2025-02-19,739668.0,29701.0,2193.0,985.0,124475.18,2311507.0,8.0,12.0,17408.0,38
YT01467,Science creator video 1467: trending ideas,Education,Science,United States,Brand,2025-07-15,2025-07-28,205924.0,23808.0,2460.0,1314.0,30151.77,229707.0,13.0,10.0,10108.0,42
YT01468,Science creator video 1468: trending ideas,Education,Science,Canada,Educational,2025-02-15,2025-02-23,264761.0,26317.0,1836.0,1715.0,58585.76,1181192.0,8.0,16.0,3686.0,42
YT01469,Comedy creator video 1469: trending ideas,Entertainment,Comedy,United States,Brand,2025-09-23,2025-10-03,325387.0,21274.0,1485.0,484.0,71372.14,3887849.0,10.0,3.0,490.0,41
YT01470,Hip Hop creator video 1470: trending ideas,Music,Hip Hop,United States,Brand,2025-10-09,2025-10-14,331380.0,26296.0,3393.0,2216.0,48249.06,1164870.0,5.0,6.0,7754.0,42
YT01471,Esports creator video 1471: trending ideas,Gaming,Esports,Canada,Media Company,2025-10-22,2025-10-26,507796.0,38376.0,6384.0,2244.0,85425.8,2460885.0,4.0,16.0,6230.0,42
YT01472,Film & Animation creator video 1472: trending ideas,Entertainment,Film & Animation,United States,Brand,2025-06-11,2025-06-21,227130.0,17004.0,1163.0,936.0,22878.56,299458.0,10.0,9.0,4450.0,51
YT01473,Hip Hop creator video 1473: trending ideas,Music,Hip Hop,India,Individual,2025-10-17,2025-10-29,648049.0,56700.0,6444.0,3905.0,72808.35,2235538.0,12.0,8.0,8223.0,42
YT01474,Comedy creator video 1474: trending ideas,Entertainment,Comedy,Canada,Media Company,2025-03-22,2025-04-05,365946.0,11537.0,516.0,238.0,70751.23,1688351.0,14.0,13.0,5565.0,41
YT01475,Walkthrough creator video 1475: trending ideas,Gaming,Walkthrough,United States,Brand,2025-01-12,2025-01-18,391025.0,42259.0,4605.0,2131.0,62296.31,1173053.0,6.0,15.0,5658.0,46
YT01476,Esports creator video 1476: trending ideas,Gaming,Esports,Canada,Individual,2025-02-06,2025-02-11,434127.0,24045.0,3975.0,1194.0,93695.12,1801556.0,5.0,11.0,4016.0,42
YT01477,Pop creator video 1477: trending ideas,Music,Pop,United States,Brand,2025-06-25,2025-06-27,1284881.0,32493.0,4882.0,942.0,144805.61,1825580.0,2.0,8.0,17588.0,38
YT01478,Walkthrough creator video 1478: trending ideas,Gaming,Walkthrough,United States,Brand,2025-04-11,2025-04-12,358171.0,42977.0,5683.0,1502.0,95202.11,2243881.0,1.0,3.0,5352.0,46
YT01479,Technology creator video 1479: trending ideas,Education,Technology,Australia,Educational,2025-01-14,2025-01-27,105700.0,5264.0,668.0,121.0,14236.25,196671.0,13.0,13.0,1037.0,45
YT01480,Walkthrough creator video 1480: trending ideas,Gaming,Walkthrough,Australia,Media Company,2025-03-23,2025-04-02,768490.0,27012.0,1969.0,2227.0,52289.02,3690339.0,10.0,2.0,14838.0,46
YT01481,Hip Hop creator video 1481: trending ideas,Music,Hip Hop,United Kingdom,Individual,2025-07-10,2025-07-24,1407537.0,118142.0,7343.0,4266.0,326986.38,3958736.0,14.0,14.0,14575.0,42
YT01482,Film & Animation creator video 1482: trending ideas,Entertainment,Film & Animation,Australia,Educational,2025-03-04,2025-03-16,462765.0,39112.0,5123.0,2363.0,104779.34,2668269.0,12.0,16.0,6286.0,51
YT01483,Pop creator video 1483: trending ideas,Music,Pop,Australia,Individual,2025-09-26,2025-10-03,594823.0,19810.0,2530.0,484.0,24388.62,368519.0,7.0,14.0,16948.0,38
YT01484,Esports creator video 1484: trending ideas,Gaming,Esports,United States,Individual,2025-06-16,2025-06-22,351662.0,33129.0,1265.0,595.0,52743.74,2044060.0,6.0,5.0,7772.0,42
YT01485,Film & Animation creator video 1485: trending ideas,Entertainment,Film & Animation,Canada,Brand,2025-09-01,2025-09-08,302931.0,19286.0,2018.0,1590.0,81950.98,217692.0,7.0,15.0,1434.0,51
YT01486,Science creator video 1486: trending ideas,Education,Science,Australia,Educational,2025-08-03,2025-08-07,252777.0,24292.0,4032.0,1390.0,17303.21,1423031.0,4.0,14.0,7082.0,42
YT01487,Esports creator video 1487: trending ideas,Gaming,Esports,Canada,Brand,2025-05-27,2025-05-29,354343.0,42264.0,3444.0,1852.0,26901.87,3930686.0,2.0,18.0,2585.0,42
YT01488,Esports creator video 1488: trending ideas,Gaming,Esports,Canada,Brand,2025-08-06,2025-08-18,168472.0,10549.0,1794.0,785.0,38669.37,956865.0,12.0,4.0,1339.0,42
YT01489,Pop creator video 1489: trending ideas,Music,Pop,India,Educational,2025-05-07,2025-05-16,591870.0,17497.0,1137.0,591.0,30621.49,2495360.0,9.0,5.0,16738.0,38
YT01490,Film & Animation creator video 1490: trending ideas,Entertainment,Film & Animation,Canada,Media Company,2025-06-17,2025-06-18,293314.0,24092.0,1652.0,989.0,56481.16,638429.0,1.0,16.0,5449.0,51
YT01491,Technology creator video 1491: trending ideas,Education,Technology,United Kingdom,Brand,2025-02-08,2025-02-19,218563.0,7441.0,875.0,573.0,26748.64,615759.0,11.0,10.0,13084.0,45
YT01492,Walkthrough creator video 1492: trending ideas,Gaming,Walkthrough,Canada,Media Company,2025-08-17,2025-08-29,323807.0,20598.0,626.0,1494.0,37438.74,1214290.0,12.0,12.0,7070.0,46
YT01493,Technology creator video 1493: trending ideas,Education,Technology,United States,Individual,2025-04-16,2025-04-21,267192.0,8361.0,696.0,693.0,53488.05,2847104.0,5.0,2.0,11278.0,45
YT01494,Film & Animation creator video 1494: trending ideas,Entertainment,Film & Animation,India,Individual,2025-02-26,2025-03-03,928455.0,43839.0,1527.0,3748.0,214425.97,758846.0,5.0,18.0,16637.0,51
YT01495,Comedy creator video 1495: trending ideas,Entertainment,Comedy,Australia,Brand,2025-01-01,2025-01-15,346693.0,11309.0,1080.0,495.0,63808.78,3864016.0,14.0,8.0,5922.0,41
YT01496,Technology creator video 1496: trending ideas,Education,Technology,Canada,Educational,2025-01-15,2025-01-25,338707.0,17916.0,561.0,1286.0,61762.87,2244410.0,10.0,8.0,5862.0,45
YT01497,Walkthrough creator video 1497: trending ideas,Gaming,Walkthrough,Canada,Media Company,2025-06-29,2025-06-30,1023424.0,117723.0,10097.0,9774.0,141064.99,3599947.0,1.0,14.0,1944.0,46
YT01498,Science creator video 1498: trending ideas,Education,Science,India,Individual,2025-09-19,2025-10-03,268659.0,8359.0,1213.0,599.0,19314.55,3743153.0,14.0,12.0,1625.0,42
YT01499,Science creator video 1499: trending ideas,Education,Science,India,Media Company,2025-02-25,2025-03-02,249245.0,18366.0,2171.0,356.0,51926.2,2124033.0,5.0,9.0,8456.0,42
