trend_fact_key,video_id,date_key,geography_key,channel_key,subcategory_key,views,likes,comments,shares,watch_time_minutes,subscriber_count,days_since_published,tag_count,ad_spend,title_length,popularity_score
1,YT00000,178,5,3,4,246060,7087,333,210,48184.95,73376,12,14,9639.0,39,13.3443
2,YT00001,89,2,2,7,364519,19984,1358,745,83047.22,502235,8,15,9951.0,42,23.4455
3,YT00002,153,2,4,7,275288,26122,3180,521,46537.49,675963,3,2,10901.0,42,27.9565
4,YT00003,261,5,4,8,652630,33350,1141,2347,182113.31,1275379,4,17,12084.0,43,34.2756
5,YT00004,280,3,3,1,675495,40310,2279,1965,123002.18,3280868,1,8,3298.0,38,36.7063
6,YT00005,247,1,2,7,222746,16978,2620,561,18687.11,546623,7,7,10138.0,42,22.3393
7,YT00006,117,3,4,2,424334,16159,485,924,98278.25,3713171,4,15,9349.0,39,22.4529
8,YT00007,203,4,3,7,335930,20335,2606,873,76644.23,3418248,4,4,13951.0,42,23.6163
9,YT00008,161,3,1,6,585015,51276,1679,3598,64995.99,843689,2,18,14608.0,39,39.5984
10,YT00009,92,1,3,8,576077,25227,3601,2128,133645.97,1668994,13,7,15025.0,43,29.8657
11,YT00010,124,5,4,1,620472,41260,4038,2523,58935.73,701924,11,9,17579.0,39,36.2238
12,YT00011,232,2,2,2,491353,31884,2348,536,103441.33,2602055,6,2,13860.0,40,30.1452
13,YT00012,266,4,4,8,703422,61501,8382,2692,140066.26,3683387,4,8,15813.0,44,43.5714
14,YT00013,16,5,3,4,865363,101523,8877,7848,57814.85,3900530,12,6,2819.0,40,53.6833
15,YT00014,64,2,3,3,523003,41694,4532,3608,41965.9,2455555,13,14,7506.0,49,35.7921
16,YT00015,133,4,1,4,280616,22028,2184,607,24466.2,187995,9,17,1808.0,40,24.9528
17,YT00016,247,2,4,8,393041,29741,4328,795,105194.61,3405106,13,14,2755.0,44,28.7168
18,YT00017,25,4,4,5,464930,19450,1632,1200,78780.97,241196,14,10,13723.0,36,24.8807
19,YT00018,156,1,2,2,447750,49561,4489,4086,113106.84,2840778,14,6,14044.0,40,37.4829
20,YT00019,66,2,1,4,781872,66887,11023,2317,120876.79,151913,1,14,9893.0,40,46.0246
21,YT00020,209,5,4,8,387968,33210,2753,1021,87401.31,2347451,14,18,4909.0,44,30.6583
22,YT00021,6,1,4,7,168907,4249,487,163,32586.35,422334,5,11,1431.0,43,9.6474
23,YT00022,216,3,2,4,188696,6194,519,512,39796.02,1000393,12,2,3025.0,40,12.3867
24,YT00023,223,1,3,4,1093250,71354,11020,5364,125697.45,3566141,8,18,14693.0,40,54.5443
25,YT00024,169,1,3,5,677925,48812,3098,775,47022.62,252653,3,10,14290.0,36,38.8246
26,YT00025,237,4,4,8,567562,16897,2896,788,45660.98,1882888,12,14,11346.0,44,26.1547
27,YT00026,215,2,3,6,545214,18915,1399,1239,93939.28,1507916,12,6,17936.0,40,26.4924
28,YT00027,15,1,1,1,693696,51538,8563,3731,53314.98,3652506,7,18,6538.0,39,40.9543
29,YT00028,113,1,4,8,537560,55171,7816,4626,141209.98,2026994,13,10,10046.0,44,40.8399
30,YT00029,12,4,1,6,348257,37478,4870,2982,57357.17,740297,7,17,13475.0,40,33.4792
31,YT00030,304,2,1,5,544753,55591,7050,2272,50667.48,2601159,11,8,11724.0,36,40.0105
32,YT00031,280,1,1,4,924671,110837,12916,4092,211527.92,1683006,3,10,16830.0,40,54.8251
33,YT00032,280,1,2,8,178308,4902,622,439,36677.67,6738,6,14,2150.0,44,10.8539
34,YT00033,153,1,2,4,107537,11641,745,536,14217.64,628400,3,4,907.0,40,23.2383
35,YT00034,6,4,2,8,736974,73062,11922,3452,48943.34,942005,5,15,12744.0,44,47.4297
36,YT00035,201,2,3,6,302851,26776,1695,637,24708.92,3053280,5,9,2877.0,40,27.784
37,YT00036,84,4,3,8,635706,18883,1881,937,140240.29,2395603,2,7,8817.0,44,28.8085
38,YT00037,204,4,3,1,455121,27807,2955,1830,106716.35,1753915,1,10,2788.0,39,28.7125
39,YT00038,178,3,1,8,823192,64828,2683,4226,218897.78,3405428,4,5,1537.0,44,46.8125
40,YT00039,269,4,1,2,1326640,91589,5476,7038,141189.86,3975991,2,17,103.0,40,64.4598
41,YT00040,248,1,2,2,462233,39028,2455,1300,105235.04,3308741,7,13,7823.0,40,33.3537
42,YT00041,86,4,3,6,558877,20482,2426,644,125548.36,3364687,5,13,1.0,40,27.134
43,YT00042,213,4,3,2,523512,49286,3816,1523,27781.0,2375188,5,6,2666.0,40,37.6994
44,YT00043,269,4,2,2,364621,30137,2106,1296,44482.91,646532,2,2,7579.0,40,29.3931
45,YT00044,206,4,1,7,495452,41659,4935,2963,94015.06,3237912,3,3,17393.0,43,35.3653
46,YT00045,243,3,4,6,315806,22277,2946,1489,16677.42,2045103,6,6,16064.0,40,25.3653
47,YT00046,56,2,3,2,648531,35554,5355,1309,115791.63,3160247,13,7,10962.0,40,34.4662
48,YT00047,220,4,2,4,398268,25712,2483,1528,83248.87,2121938,4,3,570.0,40,27.1514
49,YT00048,48,3,2,3,632797,52715,3662,4630,105693.26,2509898,6,13,6171.0,49,40.8764
50,YT00049,127,3,1,2,341859,15238,1570,319,74698.96,2266907,7,12,1667.0,40,20.2382
51,YT00050,116,5,4,3,360720,20964,1647,794,96700.51,2647925,6,8,689.0,49,23.9961
52,YT00051,248,4,4,5,636374,44004,4246,3049,153476.23,3237625,12,4,17048.0,36,37.5525
53,YT00052,282,3,1,7,483651,55191,7870,3935,41939.02,449501,7,16,15905.0,43,38.6294
54,YT00053,174,4,2,2,492976,17104,2260,334,117911.18,2878700,11,14,1120.0,40,24.0659
55,YT00054,81,4,3,4,643306,34611,3744,2975,145135.06,2487997,12,5,17432.0,40,34.7108
56,YT00055,76,4,4,2,235855,18741,1528,477,17835.83,280885,12,5,5481.0,40,23.3719
57,YT00056,86,3,3,8,587960,38872,1901,708,163290.51,2638660,2,3,13442.0,44,34.1691
58,YT00057,205,2,1,1,478483,26431,3674,1455,112020.53,365008,14,15,12410.0,39,28.2028
59,YT00058,219,1,3,8,434351,32546,3979,2348,66387.85,1082949,14,7,14512.0,44,31.0188
60,YT00059,137,2,3,2,736230,22478,1140,402,55142.97,3315170,2,10,6224.0,40,32.645
61,YT00060,193,4,1,7,359650,39885,3215,2995,59321.4,2108965,6,5,12018.0,43,33.8628
62,YT00061,57,3,2,2,292155,14538,1050,900,78636.76,1512851,10,5,8061.0,40,19.8827
63,YT00062,122,2,3,8,212520,21214,1873,320,43509.32,556930,11,18,6099.0,44,26.409
64,YT00063,233,3,3,6,718319,42726,2625,846,128165.25,3487615,3,17,14916.0,40,37.8973
65,YT00064,129,4,2,8,254744,22562,2892,665,39839.87,1385557,13,3,6890.0,44,26.0738
66,YT00065,24,2,4,8,776440,70376,11199,1846,159267.56,3270429,5,11,5973.0,44,46.6857
67,YT00066,203,4,2,1,674127,17585,3012,1051,188257.32,3536636,10,4,15511.0,39,29.5978
68,YT00067,144,3,1,8,409346,30576,3103,2334,51430.25,863088,6,7,9875.0,44,30.0748
69,YT00068,29,1,2,7,427965,21885,872,1968,115924.09,1159868,4,8,11067.0,43,25.8104
70,YT00069,266,4,2,7,381539,19589,2798,506,29583.12,2718974,5,2,2031.0,43,23.2307
71,YT00070,284,3,4,7,459958,46871,6586,3482,24838.65,3267671,4,5,11843.0,43,37.5681
72,YT00071,238,1,3,4,187926,8727,1248,747,47948.47,1094676,13,2,3161.0,40,15.3949
73,YT00072,156,1,2,4,451224,17563,2082,340,97058.44,3532929,14,6,10742.0,40,23.3094
74,YT00073,212,4,3,4,411670,31989,5693,1829,19101.18,2657532,5,4,7439.0,40,30.4525
75,YT00074,256,3,2,4,681777,54702,7502,2008,132790.39,2928533,11,8,9326.0,40,41.0712
76,YT00075,200,3,4,7,487712,32057,3915,1408,25308.02,1925271,3,11,11343.0,43,30.6207
77,YT00076,168,2,1,5,497003,38363,5726,3451,69945.98,1275314,12,11,11764.0,36,34.2875
78,YT00077,72,4,1,2,496354,47068,3681,781,133645.95,1917166,8,2,11738.0,40,36.4475
79,YT00078,114,3,3,3,313127,18624,2796,688,59438.94,445128,3,4,10031.0,49,22.4193
80,YT00079,134,2,2,8,291296,28950,991,2125,78981.5,963129,2,6,1072.0,44,30.8274
81,YT00080,301,3,4,8,409756,41919,7405,1742,62911.58,18178,8,18,10476.0,44,34.7892
82,YT00081,9,4,3,1,559421,64084,6447,3382,142720.37,3870747,7,14,7836.0,39,41.0487
83,YT00082,46,4,2,8,971187,42720,2088,1593,62826.71,3972078,13,7,14676.0,44,44.7323
84,YT00083,248,3,4,4,442614,40758,3185,2552,45979.12,2909636,11,9,12185.0,40,34.8605
85,YT00084,255,3,2,5,474030,54673,7557,2162,89447.22,3375457,13,4,4701.0,36,37.3621
86,YT00085,288,3,4,6,406802,47144,6102,3261,75824.59,179575,10,18,15591.0,40,35.6157
87,YT00086,147,1,4,8,400645,10214,572,859,44544.56,2151954,1,12,1627.0,44,19.0074
88,YT00087,264,4,3,3,628443,28394,2887,640,48491.08,449830,1,15,12246.0,49,31.5081
89,YT00088,115,3,2,6,380186,32191,2856,1795,35793.53,2059577,10,10,5938.0,40,30.6929
90,YT00089,66,1,2,3,908959,28976,1072,1375,137798.25,2758986,4,12,17643.0,49,39.8625
91,YT00090,264,3,4,6,382812,22554,3489,1984,104970.5,746860,13,17,14628.0,40,25.7592
92,YT00091,194,3,3,2,513617,28454,1483,1496,132864.7,3322699,10,17,101.0,40,29.5669
93,YT00092,99,4,2,1,215835,22872,2832,1490,14588.13,605014,6,4,5522.0,39,27.9229
94,YT00093,221,5,2,5,595176,31612,3680,1690,148022.61,1399087,14,11,10733.0,36,32.2582
95,YT00094,151,3,2,2,221968,10062,1182,796,49098.74,553897,8,13,6082.0,40,16.3979
96,YT00095,223,2,2,6,166282,15749,1399,983,46482.9,67491,9,18,288.0,40,24.6935
97,YT00096,92,4,4,3,610399,45149,6143,2828,73276.89,3147033,14,3,15220.0,49,37.4682
98,YT00097,236,2,4,5,334713,37818,2262,2458,26889.08,1266897,14,10,12665.0,36,32.6486
99,YT00098,193,3,3,6,306381,33604,2459,2060,13258.91,30852,5,10,12988.0,40,31.3935
100,YT00099,41,1,1,7,294914,28814,1314,1402,61644.36,1100400,1,13,5020.0,43,29.9965
101,YT00100,46,2,1,6,249243,20248,2585,1045,22885.23,1295059,14,12,1913.0,41,24.7899
102,YT00101,8,1,3,6,579920,56228,3361,2198,96201.72,918752,2,11,16635.0,41,40.6724
103,YT00102,105,4,4,7,382942,14071,799,1160,20459.26,1906805,4,7,15721.0,44,20.7914
104,YT00103,299,2,1,1,856668,44470,2175,820,37138.42,3276304,7,5,15133.0,40,41.6998
105,YT00104,185,4,3,5,1167232,96027,16657,4632,196263.46,2268246,7,11,16558.0,37,60.5825
106,YT00105,293,1,2,3,906552,68953,6899,1365,118064.64,1955995,3,15,17040.0,50,48.6038
107,YT00106,237,5,1,6,332887,35053,3738,2533,21371.68,3435195,9,10,7706.0,41,32.6441
108,YT00107,244,1,1,3,1113068,31242,5620,1725,115236.44,3719440,3,12,14435.0,50,47.0347
109,YT00108,64,1,3,7,394104,43444,7471,972,62221.04,2081987,6,5,13194.0,44,33.7352
110,YT00109,189,5,3,6,333753,11313,561,1008,75530.64,3679010,14,5,9439.0,41,18.3097
111,YT00110,260,1,1,3,575527,21511,1520,668,90590.96,3631433,14,2,9054.0,50,27.9281
112,YT00111,114,5,4,5,569879,66739,5995,2584,133076.59,838567,2,12,9069.0,37,41.0769
113,YT00112,217,3,4,8,350077,30392,1263,2147,90131.96,1226109,12,5,8288.0,45,30.3055
114,YT00113,258,1,2,4,906431,59274,4915,1568,194414.48,3391791,6,3,14848.0,41,46.5216
115,YT00114,279,2,4,5,693691,47014,3443,3374,75702.51,1671056,5,10,6993.0,37,39.5213
116,YT00115,142,3,3,7,540438,23853,3982,1518,46136.15,3959363,4,18,16089.0,44,28.3298
117,YT00116,280,1,4,3,131312,4480,805,279,7613.21,695479,11,7,110.0,50,10.2699
118,YT00117,42,5,3,7,122674,3993,247,309,33708.0,955276,3,11,1123.0,44,9.7196
119,YT00118,128,4,3,1,200503,12863,1335,1030,53935.15,755712,6,4,4495.0,40,19.7167
120,YT00119,240,4,2,6,442456,13645,529,1160,50876.56,2783078,4,18,5902.0,41,21.8192
121,YT00120,239,2,4,8,307052,33284,3693,799,20474.01,709845,4,7,4964.0,45,30.3892
122,YT00121,78,4,3,5,893634,88972,4836,5502,89479.49,2702505,10,15,13869.0,37,53.9653
123,YT00122,44,5,3,6,371352,10846,1319,641,62418.07,808827,12,10,14767.0,41,18.5081
124,YT00123,277,2,3,7,520718,55234,7312,3180,127491.63,1070986,2,8,16272.0,44,39.5614
125,YT00124,155,1,1,6,573903,33834,2283,1539,155499.18,508797,2,16,15793.0,41,32.5609
126,YT00125,97,1,1,6,356421,39828,2891,2607,59113.01,2486444,2,4,6670.0,41,33.4841
127,YT00126,218,5,1,8,184471,15199,1756,1012,18186.84,348342,9,17,1043.0,45,22.8292
128,YT00127,126,3,2,5,888481,42236,6061,2964,185258.4,3188641,1,18,13952.0,37,42.6551
129,YT00128,215,5,2,7,382602,17263,2448,1417,56460.17,572965,8,15,13801.0,44,22.6219
130,YT00129,74,4,3,5,688984,22349,3455,616,133595.06,2085766,6,5,4166.0,37,31.2789
131,YT00130,139,3,4,1,796893,31121,2259,615,51688.9,1724979,14,10,14706.0,40,36.7611
132,YT00131,61,3,1,2,582230,52007,2135,2501,134776.4,626134,5,9,15894.0,41,39.3616
133,YT00132,161,5,2,8,547612,15301,1945,901,44116.46,1469001,14,14,10584.0,45,25.0784
134,YT00133,194,3,2,3,188858,21531,2560,1195,49241.25,475710,14,5,2417.0,50,26.7315
135,YT00134,217,2,2,6,254423,15437,2255,329,52691.07,3746707,14,6,4738.0,41,20.1535
136,YT00135,135,5,3,7,299358,27377,2991,1592,79158.4,1499951,8,17,6001.0,44,29.0599
137,YT00136,148,2,3,6,686633,61056,3066,1184,163163.41,3588159,1,16,573.0,41,42.6918
138,YT00137,39,4,3,7,103635,12104,414,287,19387.18,26049,7,7,4819.0,44,22.533
139,YT00138,135,5,1,1,980166,82031,13693,5075,171102.08,3546095,7,15,14641.0,40,53.906
140,YT00139,303,3,4,1,497825,28756,2769,2486,28336.72,1468594,11,14,10835.0,40,29.9468
141,YT00140,28,4,3,1,643480,69707,10054,2841,174490.95,2196403,12,11,15197.0,40,43.9048
142,YT00141,256,4,3,1,482278,21523,3195,642,52438.33,1875676,5,10,176.0,40,25.8005
143,YT00142,297,1,1,8,214146,12595,1633,1093,27626.91,677334,5,13,836.0,45,19.1705
144,YT00143,36,4,2,8,406212,30523,4993,1257,26164.87,2321415,14,6,11666.0,45,29.3905
145,YT00144,95,4,4,1,339930,24803,1564,1615,42067.71,2888747,14,7,10053.0,40,26.796
146,YT00145,218,4,1,3,626634,67470,10602,5279,131312.39,2668777,3,2,17088.0,50,44.2531
147,YT00146,155,1,2,4,684988,76857,3528,1774,80578.55,2216085,5,9,13542.0,41,45.0601
148,YT00147,199,4,3,8,311266,10288,1265,171,22924.43,1700066,1,6,2730.0,45,16.6501
149,YT00148,197,2,4,7,308939,9919,1562,469,44578.33,1911558,13,7,12999.0,44,16.6128
150,YT00149,14,1,2,5,815430,76642,3376,2689,130330.78,1966584,12,16,4806.0,37,49.0996
151,YT00150,45,4,4,4,353229,24060,2818,1792,17908.24,1555232,8,2,13638.0,41,26.4228
152,YT00151,181,3,3,2,1645174,159047,8221,4417,98845.5,3714635,1,4,16319.0,41,81.6996
153,YT00152,51,3,3,5,163212,5928,569,411,21180.75,1498574,10,3,3146.0,37,12.0476
154,YT00153,48,2,3,1,292165,29352,2692,1218,55177.64,436306,4,11,4773.0,40,30.2029
155,YT00154,247,2,1,6,603643,63888,11154,5690,100217.29,3823126,6,14,2627.0,41,43.6108
156,YT00155,282,4,1,6,261212,23635,2795,1948,41795.16,1502152,3,11,936.0,41,27.9197
157,YT00156,246,1,3,3,746922,64935,10725,1224,149232.39,1490673,9,10,17906.0,50,44.6144
158,YT00157,199,1,1,5,516874,21079,2289,772,83773.24,2435508,9,7,2902.0,37,26.4151
159,YT00158,6,4,3,7,400024,21084,3155,1795,72600.01,2158398,8,16,1051.0,44,25.0116
160,YT00159,4,4,1,2,632722,17706,937,1059,53934.3,754444,1,6,17594.0,41,28.3986
161,YT00160,138,5,3,1,419660,32243,4112,2344,36753.12,734967,12,5,9532.0,40,30.8735
162,YT00161,202,3,3,4,622510,23338,1993,833,61814.91,1905499,14,13,11310.0,41,29.8194
163,YT00162,116,1,4,8,285037,32810,4670,857,45210.11,1228796,13,15,3145.0,45,29.6356
164,YT00163,60,5,4,8,551943,39894,6245,2513,129015.79,1116461,1,9,4824.0,45,34.8411
165,YT00164,268,5,3,5,650768,75981,8376,1928,131950.86,918339,1,17,8188.0,37,43.8247
166,YT00165,100,1,1,1,703832,77044,8302,1174,111924.39,7937,1,10,15365.0,40,45.5613
167,YT00166,245,1,1,5,228973,20482,1106,1705,30523.23,737128,7,8,3656.0,37,26.459
168,YT00167,50,1,3,2,275230,16434,1497,371,14294.77,1594385,14,11,1401.0,41,20.7821
169,YT00168,172,2,3,6,484513,45385,3365,1188,54125.89,3855550,10,11,13261.0,41,35.9762
170,YT00169,194,4,4,6,299640,14315,2395,932,49521.97,320818,1,6,9037.0,41,19.7833
171,YT00170,155,1,2,2,1086110,116461,12932,4683,235304.35,3488191,4,15,11994.0,41,61.0648
172,YT00171,101,1,3,6,275001,8393,434,746,42211.87,2584048,11,18,8844.0,41,15.2764
173,YT00172,228,5,3,6,143527,15385,1319,1219,18293.82,548847,7,9,943.0,41,25.5129
174,YT00173,272,1,3,1,1785133,68824,5367,2055,278825.53,3647519,1,13,13228.0,40,75.1262
175,YT00174,80,4,1,1,1062418,116768,8769,4605,276514.13,1790360,2,4,17518.0,40,60.1506
176,YT00175,214,1,3,2,955179,112441,15075,2782,201769.46,835539,1,2,17045.0,41,55.6314
177,YT00176,213,1,4,3,383038,36041,2007,2763,23914.25,3820556,6,6,12748.0,50,33.3108
178,YT00177,79,3,4,2,572022,51585,3917,4147,48644.3,910747,1,6,7810.0,41,39.875
179,YT00178,94,2,2,2,459012,47894,4212,1459,59886.54,1549515,12,18,15904.0,41,36.4334
180,YT00179,302,3,1,6,429267,37508,1694,2944,64938.58,1443689,8,17,11230.0,41,33.6738
181,YT00180,179,2,3,1,477909,12224,1355,372,81030.58,1325455,14,16,8687.0,40,21.6827
182,YT00181,61,1,2,4,862992,59677,7932,2934,35762.64,222390,9,11,16366.0,41,46.0042
183,YT00182,172,4,2,4,663829,28809,2731,2472,165903.68,2082053,1,4,5369.0,41,33.2017
184,YT00183,260,3,3,7,644709,43729,2911,3132,130869.1,3444762,5,12,15215.0,44,37.6288
185,YT00184,159,4,4,2,340874,38768,5039,2747,71221.74,872651,11,5,10999.0,41,33.0666
186,YT00185,277,2,4,5,914062,25735,4456,830,127898.49,3242729,11,13,8018.0,37,39.1647
187,YT00186,256,1,3,3,441881,42473,5060,2644,28269.94,3682964,8,11,7550.0,50,35.6932
188,YT00187,302,2,4,1,568830,19117,2407,1627,84136.64,2410485,14,18,14476.0,40,27.3392
189,YT00188,89,3,2,6,345303,35200,1946,2500,15840.4,2654199,11,12,8918.0,41,33.0338
190,YT00189,258,3,3,7,348904,12088,1834,1029,86468.51,3427461,6,14,12837.0,44,19.0301
191,YT00190,216,4,4,6,416792,16565,2078,1451,66437.87,3754595,7,4,6267.0,41,22.8187
192,YT00191,237,2,4,6,356773,26197,3925,2070,33101.01,569726,13,17,17420.0,41,27.8052
193,YT00192,18,3,1,4,355656,15988,2428,451,74203.73,1093793,8,14,1384.0,41,20.9335
194,YT00193,105,1,1,6,344242,13094,974,221,49695.53,1968597,14,6,15129.0,41,18.9506
195,YT00194,42,5,3,7,346171,32334,1132,904,76211.5,362134,10,10,14404.0,44,30.5913
196,YT00195,114,2,4,8,169130,5550,512,293,46581.43,1258034,1,3,827.0,45,11.3797
197,YT00196,142,1,4,6,309492,15803,1552,901,42510.88,2327678,6,7,3975.0,41,20.7734
198,YT00197,286,5,2,2,867485,71516,10310,3279,108803.15,3702813,5,17,3387.0,41,48.9315
199,YT00198,50,2,3,5,495018,39826,1873,1002,112398.61,3467673,7,17,2137.0,37,33.6335
200,YT00199,211,3,2,2,324794,26078,3534,924,52387.82,1300582,14,6,8951.0,41,27.1969
201,YT00200,54,2,4,3,502442,17963,2076,1459,56326.07,975275,4,3,12112.0,50,25.2013
202,YT00201,114,2,4,3,634139,43838,2485,3052,55734.23,1535731,3,11,16344.0,50,37.4676
203,YT00202,168,3,2,1,399092,45660,7950,3004,111246.11,99606,4,3,13235.0,40,35.1941
204,YT00203,287,4,2,2,719474,59815,5398,1207,142304.7,3572504,6,14,7342.0,41,42.7985
205,YT00204,19,5,2,5,415770,47572,6509,1265,77130.86,1057217,14,5,11765.0,37,34.7205
206,YT00205,125,3,2,8,842194,89525,14865,4952,105819.62,418204,1,17,10492.0,45,51.9864
207,YT00206,92,4,4,4,338598,15784,1306,1391,78595.58,2126851,4,2,4677.0,41,21.3137
208,YT00207,130,4,4,7,291092,15250,1315,671,57506.68,1635605,10,16,398.0,44,20.1731
209,YT00208,80,4,1,8,452929,42841,2340,2041,56423.94,3258655,9,12,8412.0,45,35.4465
210,YT00209,124,2,1,2,423416,46464,5453,2715,69767.69,3241751,14,5,12809.0,41,35.8597
211,YT00210,115,4,2,5,489626,30456,4811,873,59344.23,668891,8,15,7881.0,37,29.7137
212,YT00211,265,3,2,4,301073,25027,1670,746,16838.39,1114954,9,2,6330.0,41,26.7512
213,YT00212,167,3,4,1,730832,48920,5398,2064,196005.94,698165,7,9,16769.0,40,40.2862
214,YT00213,42,4,2,6,387039,15493,1149,1342,89580.8,348449,12,13,13361.0,41,21.7171
215,YT00214,95,1,1,6,238921,21355,2895,1161,42984.69,3196741,3,4,2303.0,41,26.1844
216,YT00215,180,3,4,4,486885,29711,1404,527,89874.06,418955,14,6,15422.0,41,29.1961
217,YT00216,99,1,2,1,374977,38461,3060,3152,58737.86,1327290,11,15,7536.0,40,34.4774
218,YT00217,140,4,4,3,431178,11047,505,497,64001.73,1579395,11,7,12552.0,50,19.9703
219,YT00218,128,2,2,5,597605,32778,4351,2918,129589.03,3853496,10,2,4900.0,37,33.2104
220,YT00219,4,4,3,5,684625,64816,8102,1757,96515.21,876862,6,3,13733.0,37,43.9749
221,YT00220,137,3,3,6,316527,9442,1552,694,69281.93,2838685,1,11,8055.0,41,16.6207
222,YT00221,286,4,1,7,462943,21471,2976,1677,46068.66,2312877,14,4,10257.0,44,25.9729
223,YT00222,54,3,4,6,508668,20335,803,1692,110302.61,3447362,12,8,17177.0,41,26.3937
224,YT00223,229,5,1,5,592941,48084,4899,3078,45775.45,2666743,13,8,7286.0,37,38.3554
225,YT00224,98,2,4,7,326270,36316,6387,1844,89747.7,2449999,13,2,11701.0,44,31.8978
226,YT00225,109,2,2,3,456014,51216,6009,4467,37467.64,3264252,6,18,2147.0,50,37.9713
227,YT00226,235,1,1,3,212342,17449,1684,988,41843.98,2396071,4,3,779.0,50,23.6594
228,YT00227,86,3,2,5,339707,33761,4377,2516,42617.27,2954903,12,2,9440.0,37,32.7347
229,YT00228,166,2,1,7,706730,22984,2872,615,184993.22,1013140,3,18,15243.0,44,31.9787
230,YT00229,177,3,1,4,392674,29030,1195,2597,63917.22,923623,13,4,14631.0,41,29.5023
231,YT00230,231,3,3,6,372497,23605,1840,1567,36018.96,486442,12,16,14832.0,41,26.0053
232,YT00231,106,2,4,3,969657,29294,4043,1859,189742.94,1500383,2,8,15005.0,50,41.9868
233,YT00232,9,3,1,6,129296,4600,546,187,26372.09,3456902,5,3,309.0,41,10.3141
234,YT00233,252,4,3,2,265470,22642,1065,1516,31808.82,1479828,12,5,7292.0,41,26.6099
235,YT00234,212,4,4,1,447434,13209,1611,489,99521.27,3237171,5,7,533.0,40,21.3668
236,YT00235,15,4,1,3,535097,59866,5370,4177,131186.75,1472151,10,2,17654.0,50,40.5444
237,YT00236,291,5,3,2,546749,36091,4235,1128,101354.66,111804,9,18,12333.0,41,32.7631
238,YT00237,68,2,2,6,224029,21895,3509,673,30706.84,167351,8,13,5926.0,41,26.8128
239,YT00238,90,2,1,7,139124,14851,740,1315,22135.54,704334,4,10,1727.0,44,25.5816
240,YT00239,247,1,3,3,717135,40356,2836,1594,181390.44,3617682,9,15,15568.0,50,37.4713
241,YT00240,55,4,2,4,508648,41133,2815,3701,38266.29,2169941,7,2,5840.0,41,35.5585
242,YT00241,25,3,4,4,870974,57682,7114,1584,220617.05,1677864,3,12,11662.0,41,45.3339
243,YT00242,181,5,4,6,672451,33993,4734,2631,129585.78,2463670,6,18,10986.0,41,35.0142
244,YT00243,110,1,3,5,918737,66929,8893,4710,43692.31,3875325,11,14,15726.0,37,49.3398
245,YT00244,244,4,3,2,340102,40775,3825,1163,59114.73,1684697,3,13,8353.0,41,31.8768
246,YT00245,222,5,1,2,541878,35360,3138,2153,131838.36,3515469,3,17,12280.0,41,32.9004
247,YT00246,27,3,2,8,875117,48277,5909,2657,172942.73,3026026,3,2,10341.0,45,43.587
248,YT00247,94,2,3,7,257767,15665,542,764,57698.25,900332,13,6,11409.0,44,20.7205
249,YT00248,238,1,4,5,860387,28329,3314,806,40948.08,3617077,4,14,2592.0,37,38.0422
250,YT00249,304,3,2,1,466393,13761,1452,874,94723.36,1276998,11,7,8638.0,40,22.2949
251,YT00250,263,1,1,8,407799,23127,2821,537,78428.13,45115,12,18,9945.0,45,25.3219
252,YT00251,296,3,2,5,521349,40133,4309,2320,132866.34,281768,4,15,12055.0,37,34.5674
253,YT00252,14,3,2,6,229296,23941,4269,490,12279.52,2293006,8,9,2239.0,41,27.2539
254,YT00253,264,1,2,8,727774,59421,4691,2175,90950.36,2423740,3,14,7997.0,45,43.1506
255,YT00254,198,3,3,8,818460,94162,12645,6120,171195.41,1929792,3,14,12836.0,45,51.4643
256,YT00255,216,2,4,6,545809,55240,1901,4376,137679.66,283236,2,10,17130.0,41,41.0132
257,YT00256,45,3,2,1,540895,64586,8147,4893,81380.49,2464376,13,13,10497.0,40,41.0795
258,YT00257,236,2,3,2,562610,67176,6336,2131,86126.93,3929921,10,15,12526.0,41,40.6081
259,YT00258,18,2,1,5,516653,45120,5354,2153,85563.33,1999536,7,7,12923.0,37,36.3849
260,YT00259,56,4,1,7,437354,48287,5993,3278,115371.81,1935446,12,14,10425.0,44,36.6716
261,YT00260,221,5,3,8,367737,19224,1249,891,95298.33,723406,11,4,7705.0,45,23.1559
262,YT00261,7,5,1,2,393236,26618,3942,1165,61768.69,1764452,2,14,3423.0,41,27.3635
263,YT00262,131,4,1,5,345849,40679,2625,1607,34834.24,460110,7,5,9129.0,37,32.4067
264,YT00263,53,4,1,5,385358,15014,2472,827,91172.34,65528,10,12,5104.0,37,21.1078
265,YT00264,155,4,2,3,334096,12934,623,1158,42375.91,1102313,8,4,9166.0,50,19.3979
266,YT00265,232,3,2,3,473555,21329,3209,670,131108.31,553149,4,14,5479.0,50,25.5652
267,YT00266,26,1,1,8,267796,10793,1038,696,71230.2,596044,13,6,6469.0,45,16.9249
268,YT00267,242,2,4,5,885875,78705,11753,4454,140786.47,2502490,6,12,8945.0,37,51.2382
269,YT00268,165,2,3,8,296672,15579,875,347,62238.95,3116822,9,10,5864.0,45,20.1306
270,YT00269,7,3,1,3,616724,16824,1717,517,41800.19,3504829,6,9,11547.0,50,27.4277
271,YT00270,299,2,4,4,1243048,41461,4569,3515,224528.69,2453686,5,13,17334.0,41,53.458
272,YT00271,103,3,4,2,199472,5676,608,241,15672.44,3895214,13,7,1884.0,41,11.5548
273,YT00272,135,4,4,5,762394,31430,2555,1781,190565.07,3963031,4,6,9653.0,37,36.2472
274,YT00273,8,4,4,5,615276,40684,5318,1465,56955.48,2662982,6,3,5745.0,37,35.5259
275,YT00274,216,5,1,6,179923,10870,772,224,37000.85,457326,10,16,459.0,41,17.1969
276,YT00275,37,5,3,1,371842,17174,604,931,68329.05,781941,8,13,4073.0,40,22.1175
277,YT00276,285,2,3,3,361690,11509,1300,894,95060.37,1679604,4,4,6113.0,50,18.842
278,YT00277,43,1,1,1,656085,73128,9619,3668,144487.2,252436,11,13,17733.0,40,44.6881
279,YT00278,85,3,1,7,434882,18117,1621,743,64153.08,2848087,10,16,8789.0,44,23.4609
280,YT00279,30,3,2,3,352703,11180,746,951,58032.78,2292437,13,5,8992.0,50,18.5249
281,YT00280,104,1,1,6,165013,18737,1510,1413,16894.59,1337325,13,16,4621.0,41,26.3645
282,YT00281,108,2,2,8,776775,82416,4461,6125,171021.4,1926887,14,7,14986.0,45,49.9477
283,YT00282,262,2,4,7,439063,28820,3447,2441,62292.4,1618980,5,13,8736.0,44,29.3821
284,YT00283,305,2,2,5,489073,48074,7365,1942,40994.47,3504989,13,16,5906.0,37,37.4579
285,YT00284,267,5,3,4,1176357,104034,3509,4716,256490.97,2487163,2,16,12218.0,41,62.1806
286,YT00285,63,1,3,2,490267,31814,5145,1908,93397.5,3490433,12,14,9039.0,41,30.8035
287,YT00286,103,5,2,3,515912,34920,4558,980,122471.2,862337,5,18,7785.0,50,31.8601
288,YT00287,282,1,2,2,590282,42172,3876,2365,27582.14,3231521,12,9,35.0,41,36.026
289,YT00288,252,3,4,5,545703,53612,6362,2605,135338.4,3649208,14,3,3351.0,37,39.8469
290,YT00289,93,3,2,1,404923,32962,3945,646,57101.43,1343618,7,8,10356.0,40,30.2182
291,YT00290,83,5,1,1,777720,80368,10269,6469,123295.36,2786085,1,2,8767.0,40,50.0926
292,YT00291,149,2,3,8,655430,18413,1970,1095,45364.4,1016030,14,18,16606.0,45,29.3013
293,YT00292,23,3,3,1,445050,38357,6700,2884,96400.45,804037,5,17,2396.0,40,33.9539
294,YT00293,60,3,2,1,943072,89144,7990,3761,139469.81,1751248,2,13,13650.0,40,54.3352
295,YT00294,141,1,1,8,698385,30864,5407,1725,134939.73,1878375,10,3,14828.0,45,34.389
296,YT00295,283,5,2,6,295317,27808,2079,2500,65436.14,733380,1,14,421.0,41,30.2321
297,YT00296,140,1,2,3,483119,52968,6188,1396,45385.99,3000183,6,4,4219.0,50,37.2972
298,YT00297,116,5,3,1,578307,22737,2061,1198,27080.92,3385465,9,16,4792.0,40,28.6518
299,YT00298,40,5,4,7,511148,32974,4164,1019,138000.81,939475,2,13,12975.0,44,31.0634
300,YT00299,242,1,3,7,590990,35703,1630,1036,68859.8,3797566,1,12,2551.0,44,33.2837
301,YT00300,257,5,1,2,605210,24341,1073,531,146611.98,461530,2,11,10735.0,41,29.5783
302,YT00301,57,4,3,5,488901,39972,4610,2908,42818.39,2591999,6,5,9300.0,37,34.6381
303,YT00302,24,5,4,4,1250158,79104,6522,6902,115122.62,2564381,3,2,16394.0,41,60.3916
304,YT00303,282,2,4,4,360573,33030,3778,2586,54683.72,2925049,12,10,1892.0,41,31.9305
305,YT00304,77,5,2,6,395357,13786,478,1163,26471.19,1557281,5,12,7211.0,41,20.8766
306,YT00305,244,2,2,7,282271,11278,1232,971,69785.01,509064,6,13,15908.0,44,17.6274
307,YT00306,219,2,3,5,56227,1739,296,109,5052.03,120470,2,3,451.0,37,6.6703
308,YT00307,260,5,3,7,393685,24779,2049,1732,86691.42,1526666,9,3,16233.0,44,26.7905
309,YT00308,82,2,1,1,417505,38722,5943,2519,79624.54,3498688,8,13,5394.0,40,34.0848
310,YT00309,89,5,2,4,1152514,94094,12765,3638,318035.48,3804465,3,9,15660.0,41,59.6827
311,YT00310,140,3,2,4,302369,18783,3208,1635,31649.77,1248209,11,3,6075.0,41,23.3326
312,YT00311,25,1,1,1,666578,61366,2729,1264,107519.7,3155015,11,3,10731.0,40,42.5842
313,YT00312,216,5,2,6,127616,5038,162,141,29725.1,541807,8,2,3306.0,41,10.9436
314,YT00313,228,1,1,4,760354,81531,8932,5011,171060.27,3753860,12,17,13611.0,41,48.9865
315,YT00314,15,5,2,4,952516,44268,7609,2329,138862.13,3204935,6,10,9480.0,41,44.7061
316,YT00315,221,4,4,8,764880,83717,9850,4155,135199.26,2596276,13,17,17876.0,45,48.8727
317,YT00316,177,1,4,2,65316,1907,251,78,15223.79,164186,2,3,284.0,41,6.4907
318,YT00317,300,4,3,6,291764,17806,1640,833,42632.42,240134,9,15,10927.0,41,22.0646
319,YT00318,194,5,1,5,728520,49647,1960,3352,118242.85,1347585,2,13,12475.0,37,40.8827
320,YT00319,170,2,2,5,468055,22189,1642,1777,21054.03,1053091,12,3,11334.0,37,26.4204
321,YT00320,23,2,4,4,488100,32650,3572,2111,53023.62,158852,2,15,2338.0,41,31.2278
322,YT00321,269,1,1,4,344430,33320,5514,1521,25159.42,1177619,10,16,234.0,41,31.6419
323,YT00322,189,3,2,2,932634,72703,12293,6458,43305.16,1720319,2,16,12486.0,41,51.3499
324,YT00323,116,3,2,5,473499,33228,5292,1846,77540.02,2621323,3,2,3544.0,37,31.211
325,YT00324,260,4,3,2,797923,40377,3846,1799,81362.53,3074350,5,18,16936.0,41,39.4817
326,YT00325,254,1,2,3,236917,6717,226,131,34149.79,599408,14,4,2521.0,50,12.8242
327,YT00326,13,1,2,7,160877,17796,1811,681,33132.29,1182180,2,8,840.0,44,25.1215
328,YT00327,247,4,1,7,489313,17712,2497,1265,56231.2,2203754,8,15,13678.0,44,24.7011
329,YT00328,187,2,3,7,395291,13309,2138,990,80857.85,2634805,9,8,11867.0,44,20.5246
330,YT00329,102,1,4,7,331311,38798,3929,1401,35266.06,2492477,13,13,12752.0,44,31.7377
331,YT00330,277,2,2,7,243994,9276,1546,385,57497.11,1579392,11,18,10109.0,44,15.2883
332,YT00331,27,5,4,5,577740,60896,5106,5220,96537.67,623550,10,4,16290.0,37,42.5074
333,YT00332,102,4,1,6,286373,24510,1264,628,52463.08,3299899,1,4,1605.0,41,26.6016
334,YT00333,284,5,2,4,428656,37433,4573,1542,67516.62,3971264,11,12,6563.0,41,32.8248
335,YT00334,124,1,2,2,198730,12205,620,421,8420.86,2493222,3,4,1693.0,41,18.3455
336,YT00335,190,1,1,7,244351,29283,1272,1068,37163.37,1977039,2,6,571.0,44,28.3969
337,YT00336,181,1,2,7,620875,66138,10272,1820,42425.0,2789328,2,12,9983.0,44,42.6562
338,YT00337,134,1,4,7,284036,16987,1608,640,45900.65,2807450,9,7,13140.0,44,21.3695
339,YT00338,211,4,4,1,186254,8272,699,195,23336.84,1569431,9,7,3481.0,40,14.1927
340,YT00339,14,2,3,7,425136,29228,1290,1451,24457.41,3369311,10,17,11005.0,44,28.9267
341,YT00340,105,2,2,8,978192,75408,3901,3038,143549.22,3356448,4,7,14498.0,45,51.991
342,YT00341,6,1,1,1,267215,11263,1547,237,44172.06,83416,7,9,5608.0,40,16.8436
343,YT00342,189,2,4,3,701013,47830,3314,2587,99321.59,435587,5,16,16945.0,50,39.6034
344,YT00343,30,1,3,6,74142,7727,493,503,12912.0,1599159,8,3,2819.0,41,22.3916
345,YT00344,51,2,2,1,865490,31507,5232,2427,238017.54,3442611,4,6,11526.0,40,39.4027
346,YT00345,137,3,4,5,210317,14490,2338,630,42338.82,1755804,7,10,539.0,37,20.5109
347,YT00346,32,5,1,4,640892,70733,12412,5404,63504.03,922177,9,9,13690.0,41,44.8086
348,YT00347,226,4,4,3,358448,40669,3542,3422,73133.97,807947,10,15,3451.0,50,34.1209
349,YT00348,29,1,3,2,551969,33435,2164,823,92756.3,2059555,6,18,9449.0,41,31.7356
350,YT00349,281,1,3,3,329501,32396,5604,729,22082.5,1502789,7,9,2543.0,50,30.8271
351,YT00350,278,2,3,3,768771,70130,5023,1352,158383.17,897219,1,16,16699.0,50,46.35
352,YT00351,106,4,4,6,711764,63008,2837,2674,143213.91,3719684,2,2,680.0,41,44.0962
353,YT00352,54,1,2,7,141085,15609,1370,1109,37278.16,499403,11,8,2561.0,44,25.2599
354,YT00353,69,3,4,3,187458,21505,2269,1525,19791.76,161635,2,9,1516.0,50,27.129
355,YT00354,102,2,1,5,510261,29999,4173,603,78095.52,3814475,6,3,15387.0,37,29.6823
356,YT00355,8,5,1,8,687372,69234,12057,3853,86785.58,3957310,6,7,14588.0,45,45.9066
357,YT00356,297,2,3,1,432632,17699,897,1463,60751.13,1166049,13,13,5441.0,40,23.642
358,YT00357,205,2,4,6,403504,46970,2736,3623,27373.48,3391954,9,10,3604.0,41,35.7283
359,YT00358,275,2,4,7,223760,22189,1279,642,32827.37,342559,8,9,6836.0,44,27.0549
360,YT00359,271,4,1,4,425584,13047,1408,916,92676.91,897397,14,11,3529.0,41,21.0103
361,YT00360,280,5,1,6,292976,33454,5460,2844,58135.22,1569580,14,8,9845.0,41,31.619
362,YT00361,187,1,1,7,434939,12554,1629,628,103245.61,2906237,13,9,6133.0,44,20.8378
363,YT00362,220,3,3,1,402227,32987,5898,1549,16689.22,1993003,14,14,3608.0,40,30.799
364,YT00363,175,5,4,1,575159,15547,690,595,48092.44,1669912,9,4,15680.0,40,25.8132
365,YT00364,217,2,1,8,303985,21424,1296,1870,40411.36,621920,12,17,4299.0,45,25.2529
366,YT00365,278,4,1,5,1274708,143981,10885,4015,58459.03,1881440,1,16,12995.0,37,68.0969
367,YT00366,64,1,3,8,378179,43407,5823,3877,88431.68,1844334,10,11,10117.0,45,35.0632
368,YT00367,168,3,3,3,426506,22561,1503,1272,103954.73,1968440,6,9,15748.0,50,25.7017
369,YT00368,25,1,4,2,639600,67953,6679,1526,48717.18,3461155,2,2,2430.0,41,43.2469
370,YT00369,27,5,1,5,1092123,27869,4459,2295,273529.93,3258762,2,7,6171.0,37,45.8493
371,YT00370,49,2,1,8,369190,41468,3382,651,67725.39,2964291,9,18,4924.0,45,32.5921
372,YT00371,85,2,3,3,275337,23923,4066,1677,26445.97,165047,6,4,11560.0,50,27.4072
373,YT00372,262,2,2,6,294823,33207,997,784,39344.76,455459,10,13,7213.0,41,29.9287
374,YT00373,206,1,2,3,370768,20795,2083,978,56176.07,2930888,2,6,11740.0,50,24.0893
375,YT00374,248,5,2,2,276330,28897,1675,2300,22230.02,1363728,14,15,3611.0,41,30.6267
376,YT00375,168,4,2,3,621367,21964,2243,809,109551.88,3383106,1,6,1963.0,50,29.3375
377,YT00376,306,2,1,5,770315,25118,2873,1511,178936.23,2971097,11,12,10920.0,37,34.7375
378,YT00377,46,3,1,8,245069,22290,3885,1320,66561.79,476877,9,17,7336.0,45,26.8695
379,YT00378,188,1,3,8,817640,77476,10037,4974,165845.19,3258433,3,11,2787.0,45,50.0351
380,YT00379,259,4,1,6,230487,26053,1902,1878,63064.57,2626717,9,8,1566.0,41,28.8029
381,YT00380,303,4,3,5,625397,16953,648,293,134669.45,874591,9,2,17761.0,37,27.6376
382,YT00381,47,2,1,4,875920,75677,5361,6104,152138.39,2062469,12,11,15235.0,41,50.8475
383,YT00382,301,5,2,6,97963,5887,211,102,15242.45,3125531,6,3,1372.0,41,13.8996
384,YT00383,183,3,4,3,183577,16200,1263,1173,27349.47,2889501,8,3,3184.0,50,24.1913
385,YT00384,148,5,1,6,663834,19476,2708,649,143012.04,1593231,1,3,15489.0,41,29.7035
386,YT00385,257,5,1,7,413802,46774,2783,1712,66204.16,2439942,13,16,12857.0,44,34.9177
387,YT00386,286,2,2,2,768185,85299,12289,7153,182604.77,2658928,2,5,10689.0,41,49.9708
388,YT00387,148,1,1,5,557855,47446,4049,2264,141576.86,1018725,8,4,10290.0,37,37.5013
389,YT00388,72,3,3,4,636060,56788,9175,1319,144130.47,582585,10,12,16945.0,41,40.8876
390,YT00389,207,5,2,1,321552,14552,1443,291,69070.31,3134317,9,12,4069.0,40,19.579
391,YT00390,178,3,1,7,600165,28394,3608,2125,117953.35,1537857,3,13,15819.0,44,31.4665
392,YT00391,164,2,1,5,465262,19740,978,1562,54225.25,1500434,7,14,3368.0,37,25.2063
393,YT00392,163,1,1,3,485802,22309,2638,1070,128662.98,2276655,4,6,11651.0,50,26.414
394,YT00393,200,2,3,6,466656,25157,850,1563,94486.98,2924084,9,7,7858.0,41,27.5547
395,YT00394,98,5,3,1,395842,24853,2176,1446,81325.68,2434106,14,9,8233.0,40,26.6564
396,YT00395,243,1,1,1,745731,25732,4215,1169,205613.21,3567075,10,17,6785.0,40,34.0642
397,YT00396,222,4,1,2,267935,12994,1685,317,38452.01,107384,4,6,8347.0,41,18.2151
398,YT00397,66,5,4,6,314084,22757,1183,949,74805.8,206564,5,12,10127.0,41,25.2581
399,YT00398,192,4,2,3,234978,26003,3607,638,10088.43,306967,6,12,2710.0,50,27.6191
400,YT00399,182,1,2,8,188394,13517,1228,349,20075.46,25754,3,7,2064.0,45,19.9444
401,YT00400,35,5,3,6,814639,36930,3413,3301,165213.93,3251932,1,16,9227.0,41,39.5262
402,YT00401,212,2,4,8,675619,64667,5930,1508,148076.17,1912632,12,6,14355.0,45,43.7499
403,YT00402,73,5,3,6,411616,31366,4706,1755,17404.53,2101565,11,2,16592.0,41,30.1049
404,YT00403,199,1,1,8,276099,11293,742,533,24366.99,411226,2,14,1082.0,45,17.1999
405,YT00404,145,1,4,4,544486,41683,3225,3152,26237.39,588511,10,16,4088.0,41,35.7156
406,YT00405,132,5,2,8,853007,86763,3197,4857,102622.95,2441917,12,9,17835.0,45,52.3598
407,YT00406,266,5,2,4,689728,52910,4891,2565,54597.93,3976097,7,2,17840.0,41,40.8687
408,YT00407,124,4,2,7,321172,28699,4410,2483,73325.59,1967359,11,5,14416.0,44,30.0911
409,YT00408,37,3,2,6,212371,20224,1987,792,39935.24,2609413,11,6,5028.0,41,26.0408
410,YT00409,92,1,2,5,1378539,131596,23270,7662,232144.08,2566365,2,13,5304.0,37,71.8225
411,YT00410,94,2,2,8,414565,27659,3930,2008,65535.8,1385802,5,9,9498.0,45,28.4676
412,YT00411,97,3,2,7,673267,48758,2013,2674,113813.01,3650687,11,13,17753.0,44,39.4345
413,YT00412,14,1,4,4,764856,19957,971,1166,36707.11,1591833,2,13,7741.0,41,33.1133
414,YT00413,212,5,2,4,869077,34186,4538,2813,164472.63,2665597,12,7,9048.0,41,40.2366
415,YT00414,43,5,2,7,651468,58810,9829,2661,178091.29,2809956,9,16,15528.0,44,42.187
416,YT00415,100,1,4,1,864390,40377,1885,1341,106317.15,1326924,4,7,16607.0,40,41.1084
417,YT00416,242,2,4,6,247341,6740,516,535,11247.77,336112,1,10,4683.0,41,13.411
418,YT00417,260,1,4,5,309971,15194,1560,668,24001.5,178712,13,13,6025.0,37,20.1943
419,YT00418,94,2,1,1,546929,35302,4071,1945,108874.07,2093999,14,10,4796.0,40,32.8505
420,YT00419,34,4,4,2,681887,57765,5350,4681,87270.45,78222,8,15,14182.0,41,42.9511
421,YT00420,100,2,2,6,180333,12090,1403,1033,48891.7,3045882,9,6,9866.0,41,19.6592
422,YT00421,292,3,2,2,472720,16738,834,517,124283.54,2738912,2,2,8718.0,41,23.526
423,YT00422,63,5,4,7,298814,22213,2342,676,77170.4,1554127,11,4,17306.0,44,24.8518
424,YT00423,23,1,4,4,498321,29104,1408,1834,57515.93,3689979,12,11,6953.0,41,29.7659
425,YT00424,92,2,3,2,687456,53650,4775,3477,107651.92,1247531,7,13,17495.0,41,41.3812
426,YT00425,227,5,3,7,284394,11502,1244,221,57481.24,1417541,4,7,11544.0,44,17.142
427,YT00426,297,4,3,7,525901,29872,4011,2509,34439.64,1568692,14,2,16431.0,44,30.7889
428,YT00427,281,4,2,8,652296,67648,4613,1205,142571.82,3795731,4,16,13215.0,45,43.6052
429,YT00428,253,2,1,4,965146,32620,4811,1762,164262.39,3175730,3,16,13173.0,41,42.5063
430,YT00429,191,3,3,7,790524,73449,12892,2663,143958.21,3280133,3,18,9354.0,44,47.9348
431,YT00430,132,1,3,4,985573,85989,12253,7702,178941.51,1333266,1,18,11418.0,41,55.4866
432,YT00431,60,5,1,7,182731,19250,2953,1687,47356.52,1110443,11,5,5624.0,44,27.2198
433,YT00432,148,3,1,1,966941,109302,8093,5182,95615.01,3245677,4,14,17345.0,40,56.6997
434,YT00433,174,4,2,3,810906,92268,5046,7902,147834.33,568683,3,8,17206.0,50,51.7378
435,YT00434,173,3,2,7,443823,30541,4096,1197,120113.05,2384628,5,18,960.0,44,29.486
436,YT00435,38,5,2,1,382119,31507,1078,2663,98811.04,515569,7,15,5944.0,40,30.8862
437,YT00436,280,5,2,2,277777,13556,747,642,68623.9,400420,3,5,3762.0,41,18.9402
438,YT00437,130,5,2,4,190470,17268,724,1265,44437.17,1118463,11,5,1023.0,41,25.0046
439,YT00438,82,5,1,4,638803,68981,6043,1438,82304.17,1568687,4,2,10031.0,41,43.1822
440,YT00439,121,1,1,6,321914,37604,1301,3088,74955.95,819430,8,3,17839.0,41,32.7139
441,YT00440,96,4,3,2,878398,100618,6145,8578,175962.14,3611725,3,2,12583.0,41,54.3635
442,YT00441,187,4,3,2,266792,22816,2272,1878,73380.86,279110,12,11,6756.0,41,27.0393
443,YT00442,39,2,3,4,452844,33197,1934,1982,55681.19,1467983,4,15,5463.0,41,31.1551
444,YT00443,276,1,3,2,323570,24366,2943,523,69246.45,955864,9,11,6463.0,41,25.8448
445,YT00444,52,1,4,4,859551,92568,10541,4145,131640.94,992545,4,16,17355.0,41,52.3959
446,YT00445,69,4,3,2,570942,52558,7689,1456,145038.81,2094032,10,18,9261.0,41,39.0332
447,YT00446,44,5,4,1,870455,45387,3724,710,196395.08,3372631,8,17,564.0,40,42.246
448,YT00447,281,3,3,7,228924,12618,1468,275,38904.84,3085995,9,6,7691.0,44,18.0293
449,YT00448,280,2,4,4,640143,70305,3356,3813,132027.45,3741873,14,3,5447.0,41,44.1606
450,YT00449,267,2,2,1,523439,38493,6702,2304,53799.36,1775917,9,6,5199.0,40,33.9484
451,YT00450,46,5,2,5,640416,69703,6020,3911,96432.4,3026348,10,10,2573.0,37,44.2088
452,YT00451,250,1,4,4,201242,17444,654,327,53512.5,1396872,12,10,70.0,41,23.373
453,YT00452,112,1,1,8,473092,53462,3728,1409,33785.04,3480270,14,14,7057.0,45,36.93
454,YT00453,178,4,4,1,665357,42708,3253,3303,70568.09,2265379,9,15,8200.0,40,37.7291
455,YT00454,94,2,1,8,521553,19961,3289,683,54565.76,2113340,6,5,8569.0,45,26.0489
456,YT00455,161,4,2,2,569816,65691,7649,1635,26283.86,3454155,4,18,3249.0,41,40.6583
457,YT00456,261,5,1,1,395411,10149,1407,336,76631.25,1545580,6,12,5843.0,40,18.5152
458,YT00457,256,4,4,8,588563,60261,6183,1865,143036.77,1922680,1,12,7640.0,45,41.461
459,YT00458,174,4,1,4,685722,24269,4281,1194,157644.78,3912702,14,9,3671.0,41,31.9548
460,YT00459,229,1,4,4,1334465,61343,6860,3761,270359.67,3210320,1,10,215.0,41,59.5279
461,YT00460,251,5,4,2,214156,7838,445,204,17236.91,179686,6,14,2823.0,41,13.6899
462,YT00461,174,3,4,4,442867,16521,2894,610,37014.55,101688,2,7,8483.0,41,22.8172
463,YT00462,249,3,3,6,716291,40114,3828,1112,65242.27,990350,3,15,17899.0,41,37.2166
464,YT00463,208,1,4,4,484705,45305,1493,3042,83005.26,3759964,14,10,7818.0,41,36.8992
465,YT00464,279,5,4,5,544178,56934,7107,1307,97367.37,3703230,7,7,14084.0,37,39.5459
466,YT00465,287,1,1,8,759570,62105,10003,1253,119985.34,3993966,2,9,9120.0,45,44.0735
467,YT00466,51,5,2,2,208056,9170,280,162,18331.64,232874,9,13,2653.0,41,14.9046
468,YT00467,216,2,1,6,214906,12635,707,747,58785.97,71937,13,6,7880.0,41,18.7886
469,YT00468,126,4,4,5,527713,24395,3702,1731,115976.55,2294712,11,9,3614.0,37,28.3718
470,YT00469,159,2,1,2,912832,56762,5247,2097,63043.32,3618385,4,18,15849.0,41,46.2698
471,YT00470,283,1,1,2,730127,51786,4794,4155,200170.65,2913747,6,13,2852.0,41,41.7734
472,YT00471,205,2,2,2,375643,12938,1408,1006,80118.21,2855669,12,13,3201.0,41,19.9598
473,YT00472,265,4,1,3,208450,19340,2897,1735,49619.09,1367339,4,4,871.0,50,26.5471
474,YT00473,240,1,4,4,351233,27096,3422,1328,31003.46,1030524,6,14,4925.0,41,27.8284
475,YT00474,218,1,1,6,474523,40998,2445,2977,69577.95,1828570,14,11,17709.0,41,35.0891
476,YT00475,142,5,1,1,544328,30845,2844,2547,86918.32,2152244,6,9,11536.0,40,31.4543
477,YT00476,107,5,1,8,622170,61980,5622,4559,33395.91,2272490,8,13,10337.0,45,43.7294
478,YT00477,274,3,3,1,576002,28604,3130,2281,144678.24,3444801,12,17,12461.0,40,31.103
479,YT00478,120,2,1,4,810270,47180,4843,1015,69872.41,1028989,10,4,17784.0,41,41.2356
480,YT00479,52,2,3,2,437244,19701,1804,868,76796.85,1235706,6,3,10333.0,41,24.3013
481,YT00480,103,3,2,5,556104,36979,5136,977,36024.48,3542188,9,5,10873.0,37,33.1471
482,YT00481,144,5,4,4,220870,19919,2244,1791,43734.71,509809,5,7,1175.0,41,26.4566
483,YT00482,103,2,4,1,290468,8255,813,422,70287.14,1632934,9,17,1123.0,40,15.1419
484,YT00483,273,2,3,6,633528,63824,3431,2106,51639.28,2863795,6,3,15990.0,41,43.2457
485,YT00484,279,1,4,3,1134172,94272,4787,7557,316578.83,3317967,4,13,17837.0,50,60.1426
486,YT00485,34,5,2,1,159975,14830,2151,1204,43765.0,544891,6,10,1399.0,40,24.4501
487,YT00486,88,2,3,1,484138,28440,4312,2298,40790.03,76943,3,17,5502.0,40,29.5497
488,YT00487,86,3,3,7,116734,5924,492,489,21919.22,917469,11,12,1780.0,44,13.5461
489,YT00488,205,5,4,4,313990,16604,2531,873,40470.25,2306797,4,5,1753.0,41,21.2793
490,YT00489,110,2,4,8,498889,13036,1309,527,63385.88,552100,5,4,10724.0,45,22.6772
491,YT00490,173,5,1,5,611345,63528,5543,5028,122942.86,2116450,14,18,3073.0,37,43.6095
492,YT00491,77,5,1,5,292509,29342,3536,573,53990.68,1616513,14,15,2058.0,37,29.6638
493,YT00492,29,3,3,6,445771,40956,2791,2337,49440.38,198140,10,13,17487.0,41,34.8107
494,YT00493,101,2,3,3,994942,74160,8582,1506,271094.97,2873838,3,15,6976.0,50,51.7329
495,YT00494,195,4,2,8,322611,13813,2156,1229,25964.46,1642387,11,7,8601.0,45,19.8584
496,YT00495,160,1,2,4,608486,54944,7364,3093,92367.72,3866034,14,4,289.0,41,40.7724
497,YT00496,85,3,3,6,451330,23271,2524,1192,35300.36,2879445,9,3,13067.0,41,26.313
498,YT00497,125,4,4,3,1195355,37050,2642,2192,301953.59,3752074,10,18,16894.0,50,50.8859
499,YT00498,152,1,1,3,688904,57858,3201,3984,33429.91,1345313,13,5,16378.0,50,42.8076
500,YT00499,246,5,1,3,397744,32212,3973,2781,44867.76,3456885,14,5,990.0,50,31.2053
501,YT00500,172,3,1,2,667556,36663,3175,2594,104809.73,1302809,4,16,15790.0,41,35.6915
502,YT00501,48,4,1,7,311099,27236,2085,793,40898.02,294139,10,9,13696.0,44,28.0426
503,YT00502,42,3,1,8,613893,64155,2767,4070,166763.61,195224,2,15,12104.0,45,43.3097
504,YT00503,76,5,3,1,807442,71687,6910,3589,49571.4,3695041,5,6,15930.0,40,48.0349
505,YT00504,269,2,2,8,594677,24082,2027,770,128202.27,489794,4,13,11609.0,45,29.3291
506,YT00505,255,1,2,3,747111,66019,9151,5252,126398.03,3623651,5,2,13707.0,50,46.2553
507,YT00506,237,4,3,7,401326,20802,3019,606,34532.95,1240940,9,8,15245.0,44,24.1432
508,YT00507,300,5,4,4,1302621,139163,19802,5717,185611.47,1892756,11,16,17986.0,41,69.4905
509,YT00508,92,3,3,4,542643,51250,5806,2948,91010.82,2371188,13,16,4810.0,41,39.1331
510,YT00509,74,5,4,5,706475,41997,1278,1229,126632.52,1658886,12,15,14013.0,37,37.571
511,YT00510,59,4,2,4,109880,11611,761,768,25294.11,59081,3,6,893.0,41,23.8305
512,YT00511,256,3,1,1,223512,12163,474,922,57062.65,1438671,14,12,6658.0,40,18.4099
513,YT00512,192,4,1,7,476958,28557,1468,2435,105304.16,429072,3,14,14458.0,44,29.5865
514,YT00513,117,1,4,8,733335,48902,2298,3194,73398.1,983391,5,9,17178.0,45,40.7156
515,YT00514,35,1,4,4,344713,22730,1885,1841,76106.7,3591898,9,13,3509.0,41,25.7239
516,YT00515,195,5,2,6,504683,21459,2891,1663,30030.1,2164513,12,3,14738.0,41,26.7398
517,YT00516,76,4,4,7,652129,53188,5422,1934,95280.47,3339505,3,7,14971.0,44,40.1904
518,YT00517,95,1,2,3,511762,17543,1194,1572,124045.65,2778402,4,10,11375.0,50,25.3107
519,YT00518,13,4,4,5,484593,20545,2740,1285,112641.95,41081,7,15,13088.0,37,25.7742
520,YT00519,242,4,3,6,251308,8009,1261,434,65941.53,2659558,11,12,10098.0,41,14.3799
521,YT00520,41,5,1,6,760974,45132,1532,1300,90349.48,1825549,1,18,10067.0,41,39.6517
522,YT00521,222,2,3,4,641414,23067,2084,653,174716.35,1529728,1,9,5077.0,41,30.1679
523,YT00522,116,2,2,2,155426,17406,1183,473,42911.56,234211,13,9,1998.0,41,24.6124
524,YT00523,257,4,4,1,860702,22482,943,1093,209445.8,3689852,10,6,2069.0,40,36.7766
525,YT00524,211,5,1,5,491572,50615,4808,3481,58845.05,1968226,11,12,1665.0,37,38.6733
526,YT00525,245,3,4,6,236209,16817,1078,837,20261.02,3511628,5,15,6600.0,41,22.113
527,YT00526,53,5,4,5,651139,32332,1549,1367,63547.33,3382814,8,16,116.0,37,33.5542
528,YT00527,179,4,3,3,540272,41176,7355,1550,75347.0,1861941,1,18,1743.0,50,34.7538
529,YT00528,244,5,3,5,487314,13683,1050,469,44676.93,1001771,8,16,5297.0,37,22.5939
530,YT00529,283,3,4,2,601181,20438,3212,1710,112512.0,1306400,13,9,16763.0,41,28.6691
531,YT00530,242,5,2,7,305419,20162,1361,781,68167.68,1669946,7,9,14081.0,44,23.5174
532,YT00531,159,2,4,7,392307,38047,4575,1898,73921.02,2728495,1,14,1850.0,44,33.6549
533,YT00532,150,2,2,2,179969,17416,2600,1508,12631.92,96291,13,9,3063.0,41,26.2537
534,YT00533,214,4,1,5,964062,35474,3607,1925,161344.37,2306580,6,4,14053.0,37,43.1066
535,YT00534,32,4,4,7,444637,34938,5721,1236,61723.68,2709301,10,18,11588.0,44,31.4909
536,YT00535,178,4,4,7,270249,14329,701,281,11452.28,2537556,11,4,5141.0,44,19.174
537,YT00536,65,5,1,7,152070,4892,504,171,33170.07,2572059,7,9,1294.0,44,10.4363
538,YT00537,199,3,1,8,807039,76557,2862,3164,219302.01,3483652,9,12,10264.0,45,49.1039
539,YT00538,229,2,4,2,611158,16234,2785,1253,73142.02,3614509,7,5,9300.0,41,27.3712
540,YT00539,187,5,2,6,572914,22291,3612,1115,105583.4,2497392,5,6,9771.0,41,28.3294
541,YT00540,136,4,4,7,432625,21209,3538,641,62658.23,3214125,6,17,5389.0,44,24.7895
542,YT00541,278,3,1,7,738135,67348,4952,4241,167056.99,3489709,1,7,9506.0,44,46.1607
543,YT00542,22,5,2,5,715092,75021,9476,2715,146463.48,3790691,7,12,2703.0,37,46.5307
544,YT00543,212,4,2,2,727948,36452,4684,1540,188507.41,3096295,7,14,12881.0,41,36.6245
545,YT00544,240,3,4,8,883613,98455,7760,5198,90699.17,3952535,3,9,9637.0,45,53.5953
546,YT00545,34,4,2,6,474648,24401,2360,711,41255.61,3238002,1,7,12243.0,41,26.9021
547,YT00546,108,1,1,3,494729,25790,2247,1341,82854.19,152755,8,15,12125.0,50,28.1291
548,YT00547,62,2,2,2,394207,19938,1721,696,97980.38,1576955,3,10,19.0,41,23.6795
549,YT00548,217,1,2,8,327288,15574,524,1098,78714.72,546813,3,3,7500.0,45,20.8801
550,YT00549,29,4,2,5,559455,22404,1556,1511,74498.45,2974431,13,2,11175.0,37,28.2231
551,YT00550,302,5,1,4,507267,34036,1732,1439,52396.45,1699236,11,3,7440.0,41,31.6409
552,YT00551,86,2,2,2,834307,60491,2175,4807,189126.39,3175231,5,3,9811.0,41,46.1515
553,YT00552,194,2,3,2,437852,39477,7085,1972,115363.9,3838693,13,7,5364.0,41,33.9753
554,YT00553,53,5,4,8,483719,19203,957,798,107842.2,1051783,4,11,10698.0,45,24.9502
555,YT00554,93,4,1,6,392337,28268,4092,2465,100437.01,655794,10,11,15649.0,41,29.0308
556,YT00555,117,1,1,8,486625,25106,3722,1964,99476.13,3202543,3,4,170.0,45,28.0383
557,YT00556,252,5,3,2,1029514,31506,2129,1047,72155.99,2511391,5,16,14622.0,41,44.1642
558,YT00557,108,1,4,8,497788,34309,2635,2658,82065.22,3017975,14,3,6257.0,45,32.2638
559,YT00558,16,3,3,3,757993,57496,5035,1034,76129.22,3640421,1,9,9311.0,50,42.7588
560,YT00559,80,1,2,2,530390,17311,546,567,32419.88,2521527,11,10,15964.0,41,25.2051
561,YT00560,172,2,3,1,453867,34783,1874,678,80787.87,2215930,6,17,4509.0,40,31.1399
562,YT00561,147,4,2,8,216712,19311,1079,1350,30070.15,2487536,2,4,1298.0,45,25.6103
563,YT00562,160,4,1,7,408219,29890,3443,1664,99660.63,1341605,9,16,15201.0,44,29.3298
564,YT00563,156,1,1,5,309453,17328,823,1432,46818.45,660339,10,7,8338.0,37,22.1879
565,YT00564,168,2,1,8,365525,41091,3788,3343,48771.2,169133,1,15,4039.0,45,34.2954
566,YT00565,104,4,3,3,774281,55400,1883,3075,177694.51,1734376,4,18,10241.0,50,43.1825
567,YT00566,204,5,1,6,639143,65686,8592,2395,114756.75,2046856,3,10,13496.0,41,43.5695
568,YT00567,205,4,3,5,335825,10573,1297,313,20031.01,896566,11,5,9212.0,37,17.3856
569,YT00568,148,2,3,6,473375,28971,3743,1031,25693.59,1560142,9,14,15198.0,41,28.9811
570,YT00569,132,2,2,6,303572,24881,1659,2128,14527.06,1102655,10,11,13575.0,41,27.7482
571,YT00570,77,5,1,6,443688,32754,1137,2838,68226.67,2290827,8,6,9849.0,41,31.4073
572,YT00571,171,2,1,6,446501,39715,2700,2558,111547.53,103718,5,11,16428.0,41,34.3747
573,YT00572,210,3,4,4,622659,59945,5153,1811,126474.99,293792,13,18,10611.0,41,41.9743
574,YT00573,195,2,4,1,877073,63824,11467,4403,84145.3,3211849,9,17,8799.0,40,47.6796
575,YT00574,123,2,4,3,937047,70432,5547,5447,137162.88,3598115,7,3,11986.0,50,50.6853
576,YT00575,82,5,2,6,208143,7995,328,549,39259.19,2134647,14,14,1435.0,41,14.24
577,YT00576,306,2,3,1,497339,41356,4370,978,32668.21,2773111,13,6,3212.0,40,34.2494
578,YT00577,286,5,3,7,389957,23487,2827,1539,84850.02,2960289,11,12,4699.0,44,25.9902
579,YT00578,68,5,2,1,818232,63218,5208,2415,162469.21,2565359,2,14,13306.0,40,45.7763
580,YT00579,184,5,3,3,461376,12717,790,611,124553.48,3163955,2,17,8105.0,50,21.5743
581,YT00580,189,1,2,6,182656,5575,835,136,45582.46,13415,11,14,7864.0,41,11.1993
582,YT00581,115,5,1,8,460663,28758,3185,1164,32423.65,757943,10,4,12060.0,45,28.8201
583,YT00582,298,1,3,3,564185,25573,3288,1030,111943.45,3077991,3,6,12819.0,50,29.2442
584,YT00583,279,4,2,7,481777,42073,6994,2196,57847.84,166571,7,18,16575.0,44,35.128
585,YT00584,4,3,2,5,451198,17755,2774,414,108672.6,3733792,4,10,6210.0,37,23.4349
586,YT00585,127,5,1,8,760484,47892,6190,1881,179647.01,1801959,12,11,8219.0,45,40.5574
587,YT00586,245,4,3,1,291293,21885,915,1176,26447.75,2213459,11,14,12845.0,40,25.1622
588,YT00587,224,4,1,8,495379,25734,2835,1942,70832.97,1111155,9,12,6886.0,45,28.4205
589,YT00588,235,5,2,5,1001355,44270,2846,3983,45448.16,2270180,3,5,12265.0,37,46.5325
590,YT00589,21,1,2,5,389769,46670,6046,3774,64963.58,625516,3,4,7801.0,37,35.371
591,YT00590,203,1,2,7,226704,22454,4006,1251,14967.19,1689801,11,12,2858.0,44,27.8077
592,YT00591,24,4,3,5,683828,21363,2613,1045,172292.14,1835509,4,2,10179.0,37,30.9977
593,YT00592,28,4,1,6,635858,21331,3207,1488,57630.91,2682747,11,10,16883.0,41,29.7995
594,YT00593,213,2,3,6,372882,36815,6536,2212,100611.96,3838096,7,9,6264.0,41,33.5239
595,YT00594,229,5,3,3,793228,54004,2990,1501,209686.81,1355710,5,17,11543.0,50,42.7046
596,YT00595,12,1,3,7,346164,20213,932,440,63253.39,3476832,8,12,4986.0,44,23.2533
597,YT00596,15,2,4,7,538367,32244,5617,2387,98468.57,2786723,11,17,9644.0,44,31.8068
598,YT00597,41,2,3,2,308636,25431,4052,745,71976.32,457580,12,12,7178.0,41,26.8833
599,YT00598,135,3,2,6,169099,13881,2043,434,27562.73,978132,14,5,2929.0,41,21.4417
600,YT00599,215,2,3,6,742460,33750,2518,3004,185261.9,2578626,1,10,15015.0,41,36.747
601,YT00600,71,5,3,3,524890,31761,4432,2757,107555.0,2384410,13,3,13869.0,50,31.6117
602,YT00601,66,5,2,1,413040,19875,2934,335,32506.38,3430581,8,12,4596.0,40,23.6804
603,YT00602,56,4,1,7,504670,56459,2810,3319,53190.87,1234992,2,9,15977.0,44,39.0557
604,YT00603,11,5,2,8,622097,46998,7436,757,160094.73,1188463,8,13,10416.0,45,37.3846
605,YT00604,126,5,3,2,411360,31817,5332,2827,54530.39,402831,8,5,12257.0,41,30.9759
606,YT00605,14,4,3,4,248125,27586,2248,2447,68087.9,559708,5,3,6298.0,41,29.9162
607,YT00606,162,3,3,7,205468,11402,1055,785,40835.0,2707913,9,10,10747.0,44,17.8482
608,YT00607,77,3,4,6,202942,23621,2684,1165,54322.12,738963,12,7,6638.0,41,27.1316
609,YT00608,195,5,1,3,336008,29582,2785,968,46179.69,3975167,13,18,440.0,50,29.1911
610,YT00609,100,5,2,3,531811,13660,1099,1176,53286.26,2614546,1,6,4745.0,50,24.1553
611,YT00610,192,3,2,1,353278,28250,4360,1225,57386.76,1990476,1,4,8082.0,40,28.3934
612,YT00611,215,5,4,2,786019,44272,6561,2259,175642.48,3647478,6,12,11025.0,41,40.3187
613,YT00612,188,4,3,5,175914,9391,763,235,48169.65,2627373,10,10,2908.0,37,15.6578
614,YT00613,4,3,4,4,676414,63179,7054,3688,70139.21,1784840,2,5,11576.0,41,44.1234
615,YT00614,92,5,2,5,1119172,29042,3497,2102,291294.1,2398008,2,7,17566.0,37,46.93
616,YT00615,226,1,4,3,508475,55117,4228,1053,81264.84,606208,8,11,7798.0,50,38.077
617,YT00616,286,2,1,1,267128,19667,732,480,42538.76,850837,7,16,1251.0,40,23.3626
618,YT00617,186,2,1,3,522353,35437,4218,941,22543.13,24563,3,14,10781.0,50,32.1167
619,YT00618,235,5,1,2,484748,47537,2747,4198,132821.76,2816617,12,11,3705.0,41,38.4161
620,YT00619,267,4,4,1,357989,38452,2609,1994,55406.17,155060,9,2,11702.0,40,33.1089
621,YT00620,117,4,1,2,563079,66253,4347,5768,73914.41,205806,1,5,14899.0,41,42.2403
622,YT00621,169,1,2,4,470477,13877,2180,409,63042.68,1385883,11,18,3993.0,41,22.2004
623,YT00622,78,1,4,1,334472,27152,4414,973,18589.28,707740,7,7,6234.0,40,27.7663
624,YT00623,216,1,4,6,741357,37854,6703,1502,44334.11,3466786,10,18,14320.0,41,37.3199
625,YT00624,113,5,2,2,458243,47388,4038,3495,102122.3,517804,4,5,14629.0,41,37.5157
626,YT00625,290,3,1,2,520284,49662,7108,1559,94418.65,3194195,9,4,1942.0,41,37.8572
627,YT00626,259,2,4,2,489202,39737,3113,3286,46950.4,1383424,4,9,12751.0,41,34.7359
628,YT00627,299,1,2,5,417508,13636,1310,257,107286.77,1809587,7,13,6100.0,37,20.7133
629,YT00628,34,1,4,7,259515,8488,580,630,38736.4,1839732,7,6,462.0,44,15.0413
630,YT00629,111,1,2,8,348677,15030,625,708,49112.75,1540574,14,15,8273.0,45,20.4836
631,YT00630,186,4,1,6,192844,14443,2096,384,46657.86,429886,8,10,2825.0,41,20.7811
632,YT00631,20,5,4,3,494337,43104,6819,2848,21901.83,2203080,12,13,3621.0,50,35.8898
633,YT00632,98,1,1,8,364449,13668,900,649,89937.3,1250642,11,6,10558.0,45,19.913
634,YT00633,144,1,1,4,416962,17888,1071,1422,63472.51,2678454,12,3,7025.0,41,23.4389
635,YT00634,196,2,3,4,511767,58717,3675,2810,95849.48,2047277,11,15,7179.0,41,39.0598
636,YT00635,173,2,3,3,585891,19879,3437,664,57450.18,3700083,3,17,2875.0,50,27.6343
637,YT00636,146,4,2,8,466204,24309,4078,1409,34417.66,2638265,9,15,7372.0,45,27.1021
638,YT00637,280,4,1,2,697326,72910,6787,2994,114470.1,3844062,9,14,2655.0,41,45.9651
639,YT00638,251,4,1,6,140788,11283,1281,798,21315.58,177497,9,11,1872.0,41,20.7286
640,YT00639,116,4,1,4,449388,23466,1113,759,28902.42,781235,12,8,14294.0,41,26.1309
641,YT00640,183,4,4,2,496696,56751,2433,4890,93742.11,1805259,11,14,1277.0,41,39.5632
642,YT00641,36,2,1,3,251169,26796,2238,1519,58472.24,395820,7,13,6160.0,50,29.0809
643,YT00642,151,4,2,8,182701,13265,841,670,17458.54,3155057,11,9,283.0,45,20.3483
644,YT00643,251,3,2,1,603045,22896,1808,1266,29869.13,2086120,10,10,9754.0,40,29.3494
645,YT00644,90,5,1,2,258437,17184,1318,1487,32955.42,2939613,6,6,1438.0,41,22.588
646,YT00645,279,1,3,5,479121,52774,6299,2188,52300.98,605307,9,14,7097.0,37,37.5612
647,YT00646,123,3,4,6,496441,45540,7016,2321,74153.66,3774590,13,13,16612.0,41,36.6074
648,YT00647,129,4,2,4,473158,51086,1852,889,82442.68,3173361,6,10,4761.0,41,36.6577
649,YT00648,77,2,1,5,1027340,90443,13247,4801,159363.25,3883493,10,10,17673.0,37,56.4806
650,YT00649,75,4,3,1,249791,11841,1925,654,22848.69,2594234,13,10,754.0,40,17.6507
651,YT00650,175,3,4,7,602941,19688,2313,1419,38791.79,3917459,5,16,14840.0,44,28.3461
652,YT00651,164,3,2,3,971399,28198,856,1034,216931.86,3870634,14,6,15289.0,50,41.6048
653,YT00652,300,1,4,4,371343,18784,1387,910,71269.86,569588,11,13,12115.0,41,22.9643
654,YT00653,96,5,3,8,581345,17669,2081,987,62968.76,1375987,12,17,9873.0,45,26.8917
655,YT00654,126,3,4,5,788950,77038,8085,3231,196269.89,1186924,8,6,11927.0,37,49.0022
656,YT00655,290,5,4,7,123700,14490,2282,706,33376.83,1248063,12,8,11752.0,44,24.0466
657,YT00656,165,3,1,4,697670,58194,4204,5159,98019.1,2463800,9,13,10130.0,41,43.4361
658,YT00657,122,1,4,2,327764,25454,2978,1793,82550.33,1433422,10,2,6947.0,41,27.4424
659,YT00658,282,1,2,3,419755,49775,8040,3778,42346.2,1474298,10,13,5223.0,50,36.3647
660,YT00659,226,2,3,7,697488,75572,12245,6552,30101.88,3983568,6,14,14868.0,44,47.2464
661,YT00660,131,4,2,2,460061,29637,4806,2232,28373.06,603257,5,14,8602.0,41,29.7763
662,YT00661,41,4,2,5,750636,68478,3670,3199,188940.49,1445407,10,11,11077.0,37,46.2723
663,YT00662,218,2,3,2,452590,45095,2704,2480,93977.05,1795617,1,11,6229.0,41,36.6869
664,YT00663,278,1,2,2,608000,43863,2608,771,169335.61,2728393,11,13,7743.0,41,36.1691
665,YT00664,29,3,3,8,309080,18998,3250,1437,67357.17,3298711,9,16,4024.0,45,23.273
666,YT00665,239,4,2,3,325711,24141,1366,1352,13275.47,3589033,8,14,998.0,50,26.3245
667,YT00666,53,4,1,7,194855,19427,2222,650,27410.39,2793052,11,12,5732.0,44,26.1564
668,YT00667,132,3,4,1,444083,12026,544,1044,106011.08,1728738,3,12,8935.0,40,21.063
669,YT00668,180,2,4,2,450616,42750,6720,3761,70952.36,444337,3,16,10347.0,41,36.3734
670,YT00669,200,2,1,3,262934,14699,981,262,53316.23,3926864,8,3,4469.0,50,19.4556
671,YT00670,65,1,3,3,256828,7320,669,393,64850.7,2014255,3,9,80.0,50,13.8715
672,YT00671,66,2,2,7,350151,15741,2111,1364,52589.48,3220371,7,12,11231.0,44,21.3769
673,YT00672,304,5,1,6,149600,15637,2158,535,29917.03,1436390,10,3,63.0,41,24.5194
674,YT00673,204,1,3,3,713780,29715,5276,2044,81063.97,3890426,14,18,8661.0,50,34.5726
675,YT00674,67,5,2,3,884442,50016,6515,2870,39198.06,2801401,2,18,17480.0,50,44.2782
676,YT00675,197,2,4,6,286549,21301,3284,700,38477.55,1729706,8,18,6322.0,41,24.4206
677,YT00676,1,4,3,4,295356,18264,692,309,77538.53,353183,1,3,9817.0,41,21.9136
678,YT00677,225,5,1,2,455286,13473,574,1180,110272.33,513679,3,15,7165.0,41,22.0605
679,YT00678,107,3,4,7,281061,21877,1287,1953,40438.2,2817452,3,5,3504.0,44,26.0341
680,YT00679,69,1,2,3,390884,33389,1717,1148,20973.06,633173,8,3,12245.0,50,30.8117
681,YT00680,235,2,2,7,195980,18528,1395,1234,35458.29,135256,4,2,11998.0,44,25.9083
682,YT00681,97,3,1,6,244621,28114,943,1165,18656.21,977116,2,13,2958.0,41,28.5053
683,YT00682,169,1,2,3,872353,76039,4305,3336,101257.22,2569935,6,4,15850.0,50,50.0765
684,YT00683,204,1,1,8,413187,16657,2069,261,90146.92,1307211,14,12,8827.0,45,22.0802
685,YT00684,184,4,4,4,584596,49609,5024,2549,111665.25,3551047,8,11,3816.0,41,38.5769
686,YT00685,219,2,1,5,109888,13119,1539,249,12357.56,45824,2,6,336.0,37,22.65
687,YT00686,8,5,4,7,163610,13565,1340,308,20099.24,681153,1,3,1242.0,44,21.2221
688,YT00687,50,1,3,6,321097,32926,1974,1054,14667.49,2561406,9,5,109.0,41,31.1046
689,YT00688,194,2,4,3,722202,31691,1479,1083,136671.31,2358022,14,17,17030.0,50,35.0087
690,YT00689,147,3,3,8,205415,12367,633,576,15510.68,1791004,9,11,4820.0,45,18.5345
691,YT00690,294,4,4,6,252653,9605,1400,729,46217.99,3815795,14,8,16547.0,41,15.9512
692,YT00691,42,4,2,6,460353,53776,1706,4336,57225.23,1548552,10,6,14437.0,41,38.0456
693,YT00692,93,3,3,6,312769,8566,457,638,42071.55,44024,3,8,16959.0,41,15.9481
694,YT00693,180,1,2,1,841080,61376,3981,4011,109701.63,3134226,12,13,15495.0,40,46.26
695,YT00694,105,1,4,5,477219,42386,3553,1602,55785.74,2309512,9,9,10205.0,37,34.9487
696,YT00695,289,4,1,8,408897,33416,5951,2603,60132.13,851554,8,4,13161.0,45,31.6289
697,YT00696,13,1,4,4,518629,60079,10342,3931,112387.12,1295855,9,15,15838.0,41,39.8484
698,YT00697,185,4,3,1,580890,23484,4168,1502,51623.3,1970148,13,13,6013.0,40,29.1028
699,YT00698,130,5,1,8,148349,6457,541,142,29040.57,2655622,7,7,2404.0,45,12.5212
700,YT00699,259,4,2,3,422066,42171,1466,2400,101243.96,201573,4,3,16032.0,50,35.609
701,YT00700,257,4,2,3,341465,11156,1116,875,61171.78,376915,8,4,13153.0,50,18.2496
702,YT00701,94,4,2,7,729239,83992,9943,1629,114902.31,1035130,2,13,17138.0,44,46.6892
703,YT00702,34,1,1,1,390541,27120,2197,1127,34401.47,1587665,12,13,2647.0,40,27.5901
704,YT00703,260,4,2,6,319986,24404,2992,1556,61159.42,2827759,11,16,15454.0,41,26.7097
705,YT00704,94,1,3,1,342067,32441,2321,1514,39284.96,2590865,14,8,10363.0,40,31.1723
706,YT00705,17,5,1,5,348182,28542,4844,1525,54949.74,1583236,3,16,1248.0,37,28.8255
707,YT00706,264,2,1,5,402721,35474,5291,1099,42840.53,743392,2,9,6714.0,37,31.7526
708,YT00707,103,4,1,2,833420,98805,15156,2056,231144.89,3386552,5,13,7277.0,41,50.7925
709,YT00708,234,1,2,7,311159,11725,1671,332,40847.36,3037988,9,17,2975.0,44,17.7012
710,YT00709,229,2,2,4,663875,58279,6397,1760,167068.89,3991621,11,12,14908.0,41,41.8129
711,YT00710,296,1,1,3,505679,25426,4356,1280,43084.77,2123318,10,6,11187.0,50,28.1397
712,YT00711,28,2,2,8,455165,24839,2375,942,105715.15,302750,14,13,14311.0,45,26.9211
713,YT00712,84,1,4,1,628322,55773,2105,3057,46046.5,148198,10,16,17390.0,40,41.1818
714,YT00713,102,2,2,4,599655,37946,5216,908,98677.34,1074227,5,13,11178.0,41,34.134
715,YT00714,212,3,4,1,437373,12980,949,908,94918.56,2289897,13,10,6922.0,40,21.2531
716,YT00715,219,3,1,4,982035,72716,5917,2323,157817.36,3032221,6,13,12279.0,41,51.3466
717,YT00716,110,2,2,8,415891,12642,1737,587,61395.75,1363127,7,14,13161.0,45,20.3969
718,YT00717,240,1,2,5,307308,19957,3098,1711,52251.23,876648,3,8,5354.0,37,24.1288
719,YT00718,114,3,2,6,270978,27613,4053,1344,48529.63,2567621,6,13,10944.0,41,29.578
720,YT00719,101,1,2,1,443822,42438,4798,2984,69777.56,3450729,3,8,4485.0,40,35.8537
721,YT00720,220,4,2,8,335124,14872,875,820,62584.21,3600978,9,9,3514.0,45,20.3159
722,YT00721,38,2,1,3,600839,38964,3304,2056,36312.22,2756253,10,8,1991.0,50,34.9708
723,YT00722,154,3,2,7,307472,9622,846,351,36284.6,2352096,12,9,9754.0,44,16.2992
724,YT00723,30,3,4,1,403982,44468,4747,3602,41321.49,3963511,4,13,2349.0,40,35.7312
725,YT00724,184,4,4,8,356307,36558,3284,2931,93244.27,478685,8,8,9041.0,45,33.7076
726,YT00725,127,2,4,1,725932,77232,6240,2922,102523.4,2926742,9,8,12982.0,40,47.0087
727,YT00726,236,4,1,8,497812,22034,3310,1593,33287.65,1739628,2,8,11556.0,45,26.7976
728,YT00727,111,3,3,1,263007,10703,712,417,42767.99,1670527,11,5,940.0,40,16.5639
729,YT00728,61,5,4,6,328718,37181,1619,671,91302.75,3593543,2,8,2410.0,41,31.0902
730,YT00729,198,4,4,5,552384,43004,5158,3622,64589.16,1891911,11,11,14117.0,37,36.4737
731,YT00730,78,3,1,6,384890,15189,1280,1094,52414.06,2648169,13,16,8241.0,41,21.3641
732,YT00731,92,5,4,4,1127402,45085,7410,1188,263434.35,3080424,7,18,12176.0,41,49.8516
733,YT00732,120,3,2,2,364089,38862,6411,2519,81038.55,3233841,4,3,9744.0,41,33.6829
734,YT00733,16,4,4,6,292784,24598,2085,1279,69382.8,3638186,10,11,17270.0,41,27.0796
735,YT00734,300,4,1,5,561327,14470,1035,535,82599.33,1736991,6,13,7706.0,37,25.0052
736,YT00735,31,1,4,3,461058,54726,6135,1827,67221.2,1981258,13,2,14505.0,50,36.7089
737,YT00736,164,5,1,4,496387,54204,7569,3898,132381.09,3720922,4,4,2411.0,41,39.0531
738,YT00737,122,1,1,7,207014,24411,3113,2044,19537.81,3797079,11,5,5355.0,44,28.323
739,YT00738,271,4,4,4,400653,26762,1521,524,83097.2,3635921,3,2,9026.0,41,27.0591
740,YT00739,291,5,4,8,213779,20358,1015,486,59810.79,147495,3,3,3925.0,45,25.7314
741,YT00740,119,3,4,4,599471,37434,2015,3034,129074.32,1077755,14,9,15541.0,41,34.8466
742,YT00741,110,3,2,3,424310,50272,8884,1010,108122.33,1933923,8,9,6801.0,50,34.8865
743,YT00742,156,4,4,6,608816,66083,6535,5912,117537.9,1564133,1,7,17124.0,41,43.8828
744,YT00743,8,4,4,7,468205,40076,2623,2715,129114.34,3851289,10,18,17468.0,44,34.5644
745,YT00744,115,1,2,8,428498,41538,1574,3004,60542.39,1851336,4,5,297.0,45,35.5944
746,YT00745,113,3,1,7,686942,21145,2177,1251,180763.78,3769263,6,18,11509.0,44,31.1001
747,YT00746,228,1,2,5,560664,14757,2347,1237,98543.97,238987,6,15,16059.0,37,25.4013
748,YT00747,72,4,3,3,234795,15893,1489,824,13158.83,599374,6,7,2187.0,50,21.3483
749,YT00748,29,5,2,3,489423,29286,4049,2487,64860.24,1452339,1,18,1382.0,50,30.0575
750,YT00749,205,1,3,3,994282,35828,1079,1233,242092.0,1530255,5,9,12829.0,50,43.9383
751,YT00750,212,2,4,7,576398,38298,5929,2530,80603.08,2549713,9,14,9583.0,44,34.5825
752,YT00751,259,5,1,2,310183,17755,1405,979,73626.16,480577,4,5,10298.0,41,22.0974
753,YT00752,157,5,4,6,402896,13456,1290,355,27557.6,3631230,5,17,9241.0,41,20.3599
754,YT00753,108,4,4,8,261295,27618,2317,659,34935.09,465171,14,3,9428.0,45,28.5926
755,YT00754,216,2,4,2,789464,37094,6547,2967,201799.37,3748734,4,15,8520.0,41,38.8059
756,YT00755,149,1,2,8,1013034,117938,8337,10354,198298.96,3843735,6,9,9409.0,45,59.7048
757,YT00756,133,3,3,7,209897,7133,1236,603,43228.39,3758429,3,6,4296.0,44,13.4814
758,YT00757,156,2,3,3,852674,69959,10639,2256,127578.49,3609800,4,15,3328.0,50,47.9941
759,YT00758,301,1,4,4,390457,40170,5268,2323,95643.66,1285922,10,12,2240.0,41,34.4644
760,YT00759,230,1,3,6,395744,36291,5617,1998,73052.6,167735,14,16,17906.0,41,32.7851
761,YT00760,54,2,1,5,1007358,120834,7823,3195,50638.38,2481466,12,5,17817.0,37,57.7221
762,YT00761,48,5,1,8,803243,83245,2693,2900,53482.33,2008738,13,11,9398.0,45,49.9067
763,YT00762,213,2,2,6,386401,15040,2520,1329,85066.93,3623800,13,9,10319.0,41,21.4641
764,YT00763,220,1,2,7,429756,45820,6879,1268,48655.57,2621725,11,3,14923.0,44,35.2405
765,YT00764,296,5,2,2,631477,73614,3873,4384,58642.28,2695592,9,10,8718.0,41,44.0706
766,YT00765,267,1,2,3,492769,21744,890,1073,60370.77,2910702,14,11,17043.0,50,26.3191
767,YT00766,287,2,3,2,633223,48538,5768,2799,171227.62,3123983,8,8,14662.0,41,38.8383
768,YT00767,143,4,2,5,269286,28459,4422,1757,35012.15,814818,13,18,3022.0,37,29.9035
769,YT00768,214,3,4,4,491526,23799,3064,1418,32543.67,767315,11,5,16278.0,41,27.3061
770,YT00769,91,5,2,8,382791,34388,3788,996,34170.6,3413438,14,17,5362.0,45,31.2968
771,YT00770,153,5,1,6,222352,21804,1479,1607,24468.34,462642,8,10,7454.0,41,27.869
772,YT00771,36,5,4,8,724908,48199,7415,3284,82625.55,2962978,1,9,2230.0,45,40.3931
773,YT00772,193,2,4,4,318711,16485,2551,550,25370.85,774034,14,10,13089.0,41,20.9676
774,YT00773,84,4,1,8,255732,23276,1252,622,30360.28,3807229,12,9,2545.0,45,26.5576
775,YT00774,65,4,1,8,420628,36480,5755,1242,74020.41,1522472,10,10,9778.0,45,32.2321
776,YT00775,65,2,1,4,935212,90192,15638,1876,93940.0,2410982,2,4,15115.0,41,53.9175
777,YT00776,34,3,1,5,825346,71064,5701,2179,148501.49,3081381,13,3,12722.0,37,47.7427
778,YT00777,96,4,2,6,312515,13610,1876,1042,27216.95,787784,3,15,2110.0,41,19.4943
779,YT00778,80,4,3,8,384429,30011,4198,2192,64560.12,881125,6,11,7359.0,45,29.7817
780,YT00779,193,3,3,2,411593,44665,2061,2485,76256.94,2259021,10,4,5452.0,41,35.307
781,YT00780,141,2,1,2,418741,32947,5399,1008,53743.35,2236189,13,18,6378.0,41,30.4132
782,YT00781,227,3,3,7,194933,14994,1890,291,40483.41,3240399,9,3,5123.0,44,21.1424
783,YT00782,37,5,3,8,820621,26167,3844,1207,146826.38,123446,1,4,17477.0,45,36.4239
784,YT00783,286,1,4,1,308922,28995,1531,1796,47110.14,1405077,5,3,11232.0,40,30.0365
785,YT00784,157,3,4,7,424398,11713,1293,745,49492.59,1545367,7,15,9079.0,44,20.2535
786,YT00785,43,5,1,6,279436,33208,5104,1149,43598.14,1098766,1,12,1088.0,41,29.6944
787,YT00786,50,1,4,1,179761,16960,954,697,47398.21,2651297,7,7,1264.0,40,24.6352
788,YT00787,75,5,2,3,550299,56614,9850,2258,125449.41,1836863,8,10,6406.0,50,40.2089
789,YT00788,298,1,4,2,421040,15083,2308,401,51836.78,1065516,10,10,9841.0,41,21.5672
790,YT00789,216,4,3,7,295938,31555,5360,2689,14522.48,3085586,6,17,286.0,44,31.5788
791,YT00790,49,4,1,7,255169,15165,1301,838,27158.64,2808685,4,2,600.0,44,20.4315
792,YT00791,21,3,4,5,218380,12216,491,403,9833.15,2263790,12,5,213.0,37,17.945
793,YT00792,15,1,4,7,441532,14589,1765,880,30877.67,1037542,4,5,12372.0,44,22.0667
794,YT00793,172,1,2,7,194983,9349,1602,512,27130.74,1766196,7,10,4208.0,44,15.6334
795,YT00794,163,2,3,6,209400,13681,2429,777,44964.74,1512021,10,9,2324.0,41,19.9417
796,YT00795,223,4,2,1,490534,58724,8574,1156,54192.83,1160729,11,3,14991.0,40,37.4518
797,YT00796,77,2,2,6,215593,10742,1317,959,8783.59,3168785,14,15,6519.0,41,17.2648
798,YT00797,11,3,1,5,139844,5502,323,475,21966.47,1772344,7,6,639.0,37,11.9645
799,YT00798,199,4,3,5,1229461,67168,10729,3612,226110.52,3878550,5,8,3237.0,37,57.2136
800,YT00799,291,1,4,4,1019761,42851,3846,3700,268986.43,2250775,8,7,11965.0,41,46.722
801,YT00800,241,3,1,7,217583,24605,1904,1820,15193.47,440535,8,14,4026.0,44,28.3561
802,YT00801,184,4,1,1,432578,14629,901,1212,103005.71,511583,8,10,12157.0,40,22.0765
803,YT00802,88,3,2,2,709254,80768,4384,2634,170988.67,1497743,13,7,16935.0,41,46.2833
804,YT00803,249,4,1,3,1040271,77096,5708,6263,282605.42,1845489,1,13,16810.0,50,54.5345
805,YT00804,61,4,1,3,759512,73573,6548,5850,206558.25,1503152,12,14,13592.0,50,48.6055
806,YT00805,283,5,1,6,255013,6438,764,113,18912.09,240274,4,14,3585.0,41,12.8781
807,YT00806,168,1,1,2,434327,11651,462,927,105390.77,3654679,11,17,1389.0,41,20.579
808,YT00807,154,2,1,5,148681,13793,600,910,16273.88,1117790,13,2,2325.0,37,23.6736
809,YT00808,219,1,1,7,431288,38039,1971,2234,55122.14,3468693,7,13,12173.0,44,33.497
810,YT00809,48,1,3,6,613502,46760,5613,3193,147181.1,3511924,5,10,11272.0,41,38.1819
811,YT00810,219,3,4,3,441763,33954,2905,1610,88415.13,2556815,10,4,12256.0,50,31.2522
812,YT00811,279,3,1,2,396394,43838,4589,3101,61652.26,741955,12,18,8121.0,41,35.1633
813,YT00812,11,5,1,1,433891,40836,2612,2785,102644.52,2387648,8,2,9265.0,40,35.0912
814,YT00813,85,2,2,4,1266729,67697,11459,1364,337055.45,2172441,3,11,17905.0,41,57.9574
815,YT00814,274,2,4,4,677117,78153,10432,2867,96336.58,1285951,13,8,13942.0,41,45.1656
816,YT00815,210,1,4,1,502406,37640,2029,2642,111332.14,1862459,13,11,15434.0,40,33.6222
817,YT00816,195,5,2,3,516515,43445,5430,1999,112419.84,3702373,1,8,3392.0,50,35.6613
818,YT00817,24,2,3,6,356711,34400,2114,3085,16565.04,2532686,8,9,7343.0,41,33.1162
819,YT00818,159,2,1,2,534252,30067,1769,1387,128709.99,552589,4,17,6927.0,41,30.4649
820,YT00819,122,5,1,6,327732,23576,2178,1468,86264.01,1733976,6,6,8218.0,41,26.0488
821,YT00820,50,1,2,8,724875,72839,8306,2929,73967.01,3880094,3,6,698.0,45,46.9715
822,YT00821,106,3,1,1,758207,63331,3915,3009,116810.23,1095262,8,10,15007.0,40,44.9531
823,YT00822,292,4,2,1,733188,55116,2410,3433,147528.21,3369824,4,4,10459.0,40,42.4893
824,YT00823,144,5,3,2,300652,19707,3197,1511,51611.58,754771,2,16,6549.0,41,23.8561
825,YT00824,227,2,4,5,782360,44494,1800,1898,117349.73,27102,3,18,17838.0,37,40.1741
826,YT00825,234,4,2,2,356667,42200,2277,1122,72415.75,1098206,14,18,684.0,41,32.4515
827,YT00826,191,1,4,3,456306,41349,2772,1072,84120.86,274287,14,7,16810.0,50,34.2444
828,YT00827,115,3,4,4,615177,40992,5280,3595,153204.53,3513385,6,10,11816.0,41,36.49
829,YT00828,71,3,2,6,294272,19893,3350,834,37967.12,813780,13,3,17561.0,41,23.4712
830,YT00829,122,5,2,3,264432,28153,4605,957,70746.59,153168,3,18,392.0,50,28.9887
831,YT00830,19,5,4,6,85756,6579,734,182,11223.4,207340,13,7,2129.0,41,17.0206
832,YT00831,79,1,2,3,531159,27985,4142,1401,21683.02,3064897,6,11,1837.0,50,29.6367
833,YT00832,232,2,3,1,1164672,110812,18332,7164,222115.53,2692019,3,15,17891.0,40,63.6038
834,YT00833,81,4,3,3,546752,51719,6410,3555,127724.65,1465802,7,14,9216.0,50,39.5896
835,YT00834,69,4,2,7,437817,32591,1300,2930,103600.59,1584761,5,11,15032.0,44,31.3769
836,YT00835,55,4,1,4,525810,40415,6345,2173,48280.0,741133,9,13,14872.0,41,34.638
837,YT00836,126,1,4,7,580158,67814,9084,5256,94199.2,3694259,4,16,12830.0,44,42.6074
838,YT00837,125,1,2,3,585966,33080,2349,1596,76194.83,1452579,10,16,9311.0,50,32.5397
839,YT00838,174,5,4,2,583977,55061,7958,4149,99667.85,2774063,11,8,14543.0,41,41.1242
840,YT00839,186,1,1,8,738279,67039,8454,4751,194080.03,1034287,2,6,11669.0,45,46.2515
841,YT00840,252,3,1,1,796851,68644,5628,5584,58433.0,3544742,7,14,1396.0,40,47.7366
842,YT00841,212,5,4,4,908519,69386,5243,1119,58804.11,3900960,5,18,12972.0,41,48.6741
843,YT00842,36,2,1,7,269676,12106,1198,327,59519.54,1636476,11,5,10078.0,44,17.5688
844,YT00843,123,2,2,2,357418,20776,2763,936,33870.16,2801239,4,10,3922.0,41,23.9745
845,YT00844,144,1,4,6,151721,6590,621,160,7744.39,2434977,2,12,1855.0,41,12.6583
846,YT00845,101,3,1,1,719939,30429,1960,1406,172175.57,2699249,13,7,10445.0,40,34.7111
847,YT00846,102,1,3,7,574694,15538,734,1198,96641.47,2378082,9,17,16953.0,44,26.0589
848,YT00847,96,3,1,5,903343,29141,5022,2043,183745.31,1159140,7,17,17209.0,37,39.9079
849,YT00848,289,4,3,8,591133,40803,2031,2175,160402.21,1621680,6,11,6763.0,45,35.4934
850,YT00849,38,4,3,4,463772,13568,1811,1150,115881.56,3655307,14,3,3604.0,41,22.2947
851,YT00850,55,4,4,2,166345,16850,1679,1406,10560.91,46114,14,9,4169.0,41,26.3886
852,YT00851,136,2,2,6,292811,12182,2161,810,33040.96,987066,13,15,13714.0,41,18.1981
853,YT00852,286,5,3,6,489154,44122,6547,2793,34663.6,3481196,7,9,9271.0,41,36.2767
854,YT00853,19,4,3,1,371884,19491,724,406,40753.04,3778175,9,5,2954.0,40,23.0111
855,YT00854,27,5,1,2,1167120,128297,10379,3847,168357.24,3397990,2,15,12269.0,41,63.9563
856,YT00855,180,4,4,6,483160,52633,3242,3567,19354.28,49929,3,10,17251.0,41,38.422
857,YT00856,108,1,4,4,490565,46930,3319,1579,78598.77,3179520,12,17,14372.0,41,36.8016
858,YT00857,63,5,3,2,271762,9966,467,409,48606.12,2770985,5,5,6240.0,41,16.0791
859,YT00858,178,4,4,7,399900,25324,2158,1146,52168.37,1949468,2,13,5800.0,44,26.7253
860,YT00859,99,4,4,3,352940,18137,2303,1233,22887.57,890002,13,8,8551.0,50,22.6714
861,YT00860,296,3,4,4,382265,18094,1439,319,62011.61,721008,7,14,6434.0,41,22.3343
862,YT00861,208,4,4,7,328713,34591,1941,2067,24381.26,1602625,14,5,8563.0,44,32.1517
863,YT00862,296,4,3,3,1202855,94966,4659,7060,169053.13,3079187,10,7,16795.0,50,61.7771
864,YT00863,302,1,1,2,222372,18792,2718,1105,31597.51,43567,11,9,4963.0,41,24.5945
865,YT00864,215,5,2,7,428718,13227,1103,601,49087.04,1517844,8,10,14413.0,44,20.9835
866,YT00865,227,2,4,5,556806,29258,2976,1039,121643.8,1612101,2,15,2245.0,37,30.4115
867,YT00866,112,5,3,7,387419,10697,1267,294,73883.2,1752919,1,5,14977.0,44,18.571
868,YT00867,105,4,4,1,303246,25124,3502,1138,58230.48,17396,10,17,1132.0,40,27.0991
869,YT00868,262,3,2,2,691991,51776,4456,3268,192076.15,1303675,10,13,12642.0,41,40.8296
870,YT00869,176,2,1,5,427240,46095,7453,3008,41973.42,3269207,6,13,5359.0,37,36.1653
871,YT00870,179,3,2,5,861767,28387,1427,1705,59072.68,2653773,7,3,10300.0,37,38.3591
872,YT00871,245,4,3,7,321537,29727,2471,2099,49959.65,186348,5,8,15538.0,44,30.4237
873,YT00872,238,4,1,2,431023,16214,2095,641,17979.14,2054353,9,12,4861.0,41,22.4473
874,YT00873,100,3,4,2,630436,47085,8079,3115,100160.89,2098240,1,14,14387.0,41,38.4671
875,YT00874,177,1,1,6,230330,13978,1638,1176,30938.05,977199,2,15,2123.0,41,20.1736
876,YT00875,51,3,4,2,484920,38559,1340,843,71553.18,1871241,9,12,2956.0,41,32.9825
877,YT00876,279,3,1,8,411802,19593,1548,616,40400.7,2124470,10,13,16666.0,45,23.6955
878,YT00877,51,2,4,5,841755,91233,16170,4879,205908.02,3165854,5,14,5321.0,37,51.9484
879,YT00878,68,4,2,7,331306,31781,4969,503,58001.12,2380855,5,5,8846.0,44,30.2452
880,YT00879,217,4,4,1,335271,10140,1349,830,88941.54,276537,13,12,10759.0,40,17.5021
881,YT00880,191,3,3,7,407696,23920,2473,800,78992.87,3938827,5,10,2354.0,44,25.8711
882,YT00881,305,4,4,6,237463,19869,3427,1111,38848.76,643548,11,8,7336.0,41,24.9408
883,YT00882,171,4,3,2,661430,68258,12242,1052,162973.6,1517448,4,9,10973.0,41,43.8956
884,YT00883,212,5,3,3,401814,16417,2677,992,96867.41,736721,7,5,12726.0,50,22.2066
885,YT00884,8,3,1,7,324181,11704,510,675,53019.76,2181822,6,2,17554.0,44,18.1449
886,YT00885,17,1,2,8,338583,34108,5991,567,65723.3,1321520,9,17,3697.0,45,31.3816
887,YT00886,107,3,2,2,807461,68934,9782,5508,187443.4,3557938,5,7,4708.0,41,47.9475
888,YT00887,177,4,2,8,302843,19632,2484,344,80175.61,84180,13,13,8658.0,45,22.8244
889,YT00888,225,1,4,4,527903,53031,9230,1722,111976.7,2138743,2,13,1439.0,41,39.1291
890,YT00889,161,3,3,5,328336,17757,2951,471,90286.37,124059,1,7,4306.0,37,21.7401
891,YT00890,240,2,1,6,613475,30109,1269,2302,77660.9,241256,1,10,16448.0,41,32.39
892,YT00891,241,2,1,1,346876,9651,1516,849,76491.79,718334,7,2,14169.0,40,17.4613
893,YT00892,275,1,3,1,483117,42928,1442,3094,30222.1,1498439,9,7,10563.0,40,35.947
894,YT00893,67,3,3,7,407624,15773,2339,550,110705.71,2983851,10,15,9567.0,44,21.7199
895,YT00894,220,4,2,4,229843,22463,3062,1092,16399.66,2022446,12,5,3359.0,41,27.4751
896,YT00895,165,1,1,5,690360,25895,1150,526,150867.23,2837080,4,15,1403.0,37,32.3136
897,YT00896,82,2,1,2,286912,33199,2302,701,29020.75,1519609,11,12,7613.0,41,29.5675
898,YT00897,36,2,2,4,550522,32269,4060,1650,82077.73,3875818,7,14,3092.0,41,31.6641
899,YT00898,222,4,2,1,346066,10152,1775,803,31110.02,3772782,12,9,655.0,40,17.7006
900,YT00899,235,4,3,3,828972,56248,1850,1934,83076.2,3011816,1,11,5219.0,50,44.1569
901,YT00900,80,3,3,5,595649,30164,5213,1000,64266.79,1203218,8,16,12986.0,37,31.4918
902,YT00901,46,1,4,2,1047803,45814,4148,1570,225942.23,2428518,2,11,16943.0,41,47.6189
903,YT00902,99,3,1,6,294981,12835,637,1081,79808.0,558545,14,13,16412.0,41,18.8884
904,YT00903,141,2,4,6,313651,18810,2947,671,38709.55,2194825,8,11,3704.0,41,22.524
905,YT00904,233,2,2,1,468614,30790,4308,717,24078.75,3992801,9,11,11236.0,40,29.535
906,YT00905,262,2,4,3,232047,9520,1245,626,45212.02,2668942,12,8,840.0,50,15.7062
907,YT00906,237,5,4,5,804244,49275,7916,1068,153755.49,1959888,11,16,10895.0,37,41.6287
908,YT00907,257,5,2,8,585912,67046,6768,5361,72459.53,1360329,3,18,6053.0,45,42.8533
909,YT00908,17,5,3,6,386662,44425,5798,1791,80091.67,2556178,11,14,9577.0,41,33.9877
910,YT00909,40,2,1,6,122243,5596,541,123,5008.12,3249333,11,2,3203.0,41,11.9703
911,YT00910,36,3,3,2,405782,44465,7964,2512,20185.55,2429080,2,7,6626.0,41,35.1197
912,YT00911,96,1,1,8,577902,17541,1173,1244,136548.55,969609,7,7,13866.0,45,26.8636
913,YT00912,266,3,2,8,671787,33245,5143,2114,140561.2,1089230,8,14,14274.0,45,34.5843
914,YT00913,90,1,2,4,1425184,36721,2633,2222,129498.45,2893274,8,4,17254.0,41,58.6949
915,YT00914,149,4,2,5,1367628,161030,6105,10922,71081.77,2672122,2,18,12250.0,37,72.9138
916,YT00915,245,2,4,3,214937,21240,3132,773,10204.57,894888,14,3,3710.0,50,26.8252
917,YT00916,221,5,1,8,542246,23066,3167,1845,127800.65,905403,1,12,9170.0,45,28.2287
918,YT00917,163,3,1,2,244388,17770,2068,504,16038.59,2360230,6,5,1329.0,41,22.3637
919,YT00918,257,1,4,1,448845,11849,1044,452,97745.08,2811211,11,10,5056.0,40,20.7756
920,YT00919,37,3,3,8,857146,97518,11086,6760,99976.88,2239684,7,10,15896.0,45,53.0686
921,YT00920,41,4,3,1,833885,52291,5008,4068,55804.99,3673351,13,7,16698.0,40,43.955
922,YT00921,254,4,4,4,166773,18466,1190,806,11692.11,1423206,12,10,48.0,41,25.5004
923,YT00922,250,3,4,7,406970,15124,730,810,105571.09,3674674,7,2,4910.0,44,21.5482
924,YT00923,258,2,3,1,549341,59156,5324,4425,126421.85,377023,2,14,8710.0,40,41.1597
925,YT00924,26,4,4,4,412504,13152,2029,655,112081.92,1320747,11,6,5429.0,41,20.6067
926,YT00925,186,5,3,5,451169,41294,2995,3412,32761.04,1682076,7,17,9362.0,37,35.5302
927,YT00926,143,1,1,2,246349,9823,703,226,28390.45,810186,11,8,6980.0,41,15.586
928,YT00927,150,5,3,3,1044210,65709,6526,2924,133207.61,2309326,2,10,17150.0,50,51.6455
929,YT00928,213,5,2,7,543306,49516,2020,1972,139711.83,2998787,14,7,17556.0,44,38.0467
930,YT00929,171,3,3,2,503937,34175,3475,1282,70814.23,2834313,6,16,14373.0,41,31.5823
931,YT00930,289,3,3,4,1044108,47543,7128,2764,63740.99,3592792,10,13,12560.0,41,48.1248
932,YT00931,255,5,3,3,419959,36260,2196,558,79515.88,2824538,5,17,6233.0,50,31.723
933,YT00932,232,5,4,3,533520,18371,1397,863,136278.32,1010243,1,12,2309.0,50,25.8228
934,YT00933,126,3,2,6,139720,13108,1552,462,38939.15,1975461,7,2,2034.0,41,22.8316
935,YT00934,131,5,2,6,278930,23485,1427,1348,71131.22,308937,11,10,10750.0,41,26.6943
936,YT00935,142,3,4,8,765851,20593,2772,925,127227.88,2854555,12,17,3264.0,45,33.2321
937,YT00936,267,1,3,7,134445,8434,887,663,32828.16,641557,8,12,1672.0,44,16.8162
938,YT00937,145,3,1,3,985944,108138,4073,3500,89899.09,3651400,12,13,4434.0,50,56.9852
939,YT00938,24,5,4,1,607638,20276,977,457,149776.14,3072198,12,7,7865.0,40,28.2712
940,YT00939,48,3,4,6,167652,9961,1727,241,16549.74,24352,10,2,10976.0,41,16.5686
941,YT00940,3,2,3,4,1859114,90425,13506,3143,469544.7,3538483,2,11,13449.0,41,80.1504
942,YT00941,103,1,1,1,402630,26013,3710,715,40847.46,3676102,6,3,14062.0,40,26.8152
943,YT00942,177,4,2,1,406511,39031,4413,1643,69161.73,537696,8,16,8089.0,40,33.8137
944,YT00943,71,2,3,4,1184098,30801,1659,2045,268739.89,1547131,2,18,15363.0,41,49.4256
945,YT00944,123,4,4,5,521714,51396,8087,1243,96335.08,1191222,13,12,12070.0,37,38.3717
946,YT00945,119,2,2,3,723715,83522,11050,5390,170291.07,1527502,8,15,15221.0,50,47.7782
947,YT00946,192,1,2,8,356667,28486,3394,1076,85675.91,612011,3,4,9614.0,45,28.3927
948,YT00947,98,5,3,3,829013,46476,4724,777,65463.62,2659101,14,12,14827.0,50,41.4513
949,YT00948,48,2,1,3,872556,51486,5794,1139,160219.03,1112138,2,7,14362.0,50,43.8228
950,YT00949,96,1,2,5,759412,73949,12038,6586,44933.71,720175,2,18,6273.0,37,48.9457
951,YT00950,116,1,4,2,880333,41904,1402,3468,112277.25,3487620,10,7,14037.0,41,42.5021
952,YT00951,219,4,2,1,487212,47542,2913,3832,24940.44,300801,13,9,17494.0,40,38.2159
953,YT00952,74,3,2,2,512765,38400,3399,2912,135797.4,1892951,5,12,7881.0,41,34.1232
954,YT00953,220,1,1,4,189688,21881,1943,594,44433.61,126412,7,9,1201.0,41,25.9647
955,YT00954,110,3,2,6,529906,49725,6519,2328,119314.94,1976783,1,13,5546.0,41,38.2571
956,YT00955,3,2,2,8,497295,30619,4243,1852,24490.38,1798513,4,16,8168.0,45,30.3704
957,YT00956,264,3,4,5,273725,29381,3596,972,28075.27,3866171,13,5,2532.0,37,29.3325
958,YT00957,141,1,2,6,290449,7878,1331,465,47984.49,968452,5,9,10350.0,41,14.919
959,YT00958,89,1,2,3,627508,57617,2708,2587,170922.03,3334889,11,10,3895.0,50,41.5753
960,YT00959,8,5,1,7,498437,15669,2797,527,26873.25,2553500,4,10,13978.0,44,23.7211
961,YT00960,108,4,3,2,352544,23555,3281,1270,28534.21,3195517,3,3,7896.0,41,25.7685
962,YT00961,14,2,1,7,470138,18192,2405,790,36189.85,2752929,4,6,9208.0,44,24.2299
963,YT00962,111,3,1,6,458485,27376,1139,2449,58661.51,1701495,11,13,17025.0,41,28.8956
964,YT00963,201,1,3,3,744705,45180,2916,703,85781.32,1601728,9,13,17371.0,50,39.1009
965,YT00964,294,5,4,8,252629,28150,3841,1539,22421.17,2974294,3,3,594.0,45,29.1486
966,YT00965,50,3,1,6,365429,15010,1595,1103,23014.12,34291,4,18,17582.0,41,20.9749
967,YT00966,266,1,4,3,427677,24356,3356,555,93959.52,730519,4,15,5272.0,50,26.1365
968,YT00967,116,3,3,4,753564,75893,7594,1676,148891.15,2417968,6,2,17261.0,41,47.6313
969,YT00968,12,5,2,5,845803,27608,2544,607,49831.52,577778,1,4,16986.0,37,37.3642
970,YT00969,230,2,3,8,632167,19227,2545,1344,91393.57,2650144,5,18,2064.0,45,28.9762
971,YT00970,145,3,4,4,792536,41801,2614,2412,54057.73,796137,3,7,12857.0,41,39.8979
972,YT00971,298,5,2,5,122836,10167,976,436,20641.79,363494,6,4,107.0,37,20.0273
973,YT00972,245,4,4,4,486570,14530,1759,986,94883.96,3662885,10,8,17205.0,41,23.1878
974,YT00973,16,5,2,1,366038,21023,1377,869,94915.06,913618,9,10,13377.0,40,24.1092
975,YT00974,24,1,3,5,852734,26683,4168,1633,36628.69,2205006,9,15,12101.0,37,37.6626
976,YT00975,174,1,1,3,401414,22753,1032,1528,102053.9,1246589,7,6,14395.0,50,25.6905
977,YT00976,35,3,2,3,488496,36149,4632,1538,135394.09,3769974,1,4,2544.0,50,32.3708
978,YT00977,262,1,4,1,118440,9085,943,555,25220.13,236975,8,5,1779.0,40,18.9281
979,YT00978,285,3,3,7,520359,52759,8674,1391,63933.81,2452680,9,17,17855.0,44,38.689
980,YT00979,141,1,1,6,221702,10600,691,578,58300.08,318741,10,12,6911.0,41,16.639
981,YT00980,74,1,1,8,544324,53703,4208,4248,25618.82,3349811,4,5,7944.0,45,40.6342
982,YT00981,130,2,2,8,577753,29762,4709,1034,99556.26,1924432,3,8,165.0,45,30.9992
983,YT00982,27,1,1,1,1101354,43770,2089,1229,261009.81,3795722,1,13,17060.0,40,48.8061
984,YT00983,174,3,1,4,931216,35983,6415,2359,178200.82,2110823,10,17,17075.0,41,42.3343
985,YT00984,270,3,4,6,335631,16625,2005,1421,14247.98,3402824,11,6,6480.0,41,21.8135
986,YT00985,76,4,2,3,187256,9958,671,517,45378.21,353508,6,5,4132.0,50,16.4134
987,YT00986,298,5,1,1,432771,25617,3558,1908,65837.61,776422,6,6,9713.0,40,27.5607
988,YT00987,30,2,1,4,621927,43181,2111,1796,110945.29,2425343,5,10,2156.0,41,36.5724
989,YT00988,289,3,1,6,158866,4264,739,197,40799.37,2844341,13,2,5621.0,41,9.6632
990,YT00989,158,1,1,8,457481,52085,7927,1921,35549.36,1380257,7,14,4255.0,45,36.6291
991,YT00990,22,5,3,1,348506,14209,2491,372,27046.48,1541779,2,9,279.0,40,19.7693
992,YT00991,72,2,2,8,845745,60063,6844,4543,165711.74,3800323,9,15,13340.0,45,46.2008
993,YT00992,162,3,1,2,230716,7505,657,318,22480.22,1072172,13,8,4.0,41,13.6252
994,YT00993,184,2,2,5,659666,65623,11214,5205,49063.38,3741660,4,16,2552.0,37,45.2979
995,YT00994,159,3,2,3,309039,19792,2778,506,46949.92,1586230,14,2,2550.0,50,23.0339
996,YT00995,48,3,4,4,797218,68802,8951,4441,171101.39,3135909,5,17,2281.0,41,47.4234
997,YT00996,130,4,1,2,806069,91803,3221,3777,66710.24,1525837,10,15,12390.0,41,50.2853
998,YT00997,181,5,2,5,463336,12335,1536,664,69859.21,3704750,14,3,4296.0,37,21.4894
999,YT00998,60,3,4,7,308915,20241,3418,425,68990.42,3012900,13,6,9780.0,44,23.2595
1000,YT00999,202,3,1,6,447347,45634,6218,2783,44873.09,784388,5,13,15175.0,41,36.7411
1001,YT01000,117,2,1,7,222585,19819,954,1526,50444.23,1080462,4,11,4528.0,45,25.9811
1002,YT01001,258,3,2,3,427771,39949,5545,3517,26530.39,424431,10,16,16941.0,51,35.159
1003,YT01002,264,5,3,2,513750,22035,887,519,60733.03,1335948,7,10,9741.0,42,26.5947
1004,YT01003,204,3,2,8,335181,37376,5194,1905,39016.19,630204,2,12,6503.0,46,32.2517
1005,YT01004,204,3,4,4,396353,44549,5705,1096,45490.79,1048484,14,12,2001.0,42,33.8972
1006,YT01005,79,2,3,4,890400,29381,4922,776,52509.46,3433726,8,6,12600.0,42,39.2055
1007,YT01006,303,5,4,3,578306,58521,2024,898,122388.97,3850374,12,17,9328.0,51,40.6588
1008,YT01007,242,3,2,2,681117,67444,5253,3086,135121.83,2768850,2,9,3654.0,42,45.199
1009,YT01008,109,1,4,6,624318,52907,9496,989,55336.33,3347366,8,17,17431.0,42,39.4018
1010,YT01009,112,2,3,8,894287,65247,10139,4472,182223.08,949347,1,15,15925.0,46,48.3812
1011,YT01010,146,3,4,5,715476,83819,10310,5681,73734.08,2524524,4,8,9223.0,38,47.5814
1012,YT01011,156,3,2,4,1247985,115990,5672,8979,273749.86,2443681,4,11,17821.0,42,66.659
1013,YT01012,256,5,2,7,74046,6448,876,137,8934.85,1219306,10,3,715.0,45,18.5706
1014,YT01013,25,4,2,3,394426,32672,5076,2658,64568.22,2945103,7,3,3422.0,51,31.3827
1015,YT01014,140,4,4,8,714674,71028,9957,5164,122843.53,324365,14,18,16616.0,46,47.2487
1016,YT01015,151,4,3,6,818026,55272,1735,3897,149081.98,3992446,6,18,11387.0,42,44.2826
1017,YT01016,280,2,1,4,684362,57535,7098,4420,83036.01,3150549,8,6,9299.0,42,42.8172
1018,YT01017,23,3,3,7,283789,16779,1342,1379,36803.35,401416,1,4,8466.0,45,21.8753
1019,YT01018,273,4,1,5,496970,23315,881,433,51474.3,2809549,11,4,1352.0,38,26.7132
1020,YT01019,260,4,2,4,267038,20220,1907,659,29535.09,419075,5,7,2341.0,42,23.9459
1021,YT01020,258,2,2,2,849985,80680,4004,6827,160968.12,3692068,5,18,1482.0,42,51.8108
1022,YT01021,99,2,1,5,555280,48916,8387,1182,126578.59,370285,13,11,16951.0,38,37.5272
1023,YT01022,199,2,1,2,227037,5938,433,150,43126.04,754310,1,7,1269.0,42,12.028
1024,YT01023,163,3,2,5,808799,43917,5023,2756,176305.15,2823459,8,15,2737.0,38,40.9315
1025,YT01024,37,5,2,5,1009202,96987,12081,2662,273222.39,3042589,5,7,12983.0,38,56.8808
1026,YT01025,58,1,4,3,445191,50668,8491,2982,57378.84,2259243,13,8,1639.0,51,36.7767
1027,YT01026,188,4,2,1,693674,35817,3632,796,43067.7,2653833,13,6,9028.0,41,35.3635
1028,YT01027,9,3,3,7,443939,37090,5774,2648,45064.74,2274220,8,8,15176.0,45,33.2542
1029,YT01028,215,4,2,8,135191,4046,563,171,28710.69,786334,12,6,155.0,46,9.3677
1030,YT01029,178,5,4,6,325188,32371,2077,989,42318.36,273502,7,15,8741.0,42,31.1123
1031,YT01030,108,3,1,5,407506,33844,1114,1001,70659.05,3194914,13,7,3026.0,38,30.8634
1032,YT01031,74,4,2,8,264959,21485,1976,1707,60306.24,3642792,14,10,6437.0,46,25.9326
1033,YT01032,42,3,3,5,900787,49973,6611,2258,242476.78,2547876,1,3,15609.0,38,44.5135
1034,YT01033,195,2,1,8,340338,36037,3974,2491,49842.2,1250568,8,16,9351.0,46,32.8609
1035,YT01034,172,5,4,7,566589,45777,5739,1633,131995.41,2767545,14,18,6251.0,45,36.695
1036,YT01035,161,5,4,5,694950,46244,5239,1580,78207.57,2438827,10,7,11571.0,38,38.6764
1037,YT01036,261,4,3,6,277519,10251,1749,254,23725.87,2504895,7,11,3427.0,42,16.2084
1038,YT01037,126,4,2,5,477232,37362,1268,1686,53993.55,1577317,3,18,923.0,38,32.8872
1039,YT01038,82,2,2,4,727458,65534,4487,1443,146981.15,2288391,12,18,1026.0,42,44.5748
1040,YT01039,21,1,3,5,527931,61803,6627,2464,95844.16,1391939,11,16,14568.0,38,39.4815
1041,YT01040,49,4,2,3,552505,50093,7248,2111,123571.9,2829933,7,8,7705.0,51,38.357
1042,YT01041,110,5,1,6,134658,9801,1635,584,17261.16,1517951,10,15,5902.0,42,18.6863
1043,YT01042,227,1,4,8,402228,37382,5519,1232,52656.8,8859,10,7,14462.0,46,32.7873
1044,YT01043,67,5,4,7,505002,35757,1179,2394,41855.5,1169312,13,17,9718.0,45,32.7707
1045,YT01044,162,5,2,5,617031,63532,8095,3851,152313.9,673965,6,10,10550.0,38,43.3344
1046,YT01045,69,5,1,8,370407,43128,2618,1836,49348.32,1253988,7,13,8867.0,46,33.4377
1047,YT01046,181,2,1,8,718411,81360,4836,3313,97165.81,624408,5,13,17074.0,46,46.8633
1048,YT01047,206,2,1,1,974667,50930,4946,2583,139738.64,3252351,1,8,5384.0,41,46.7732
1049,YT01048,92,3,2,4,385631,40767,5656,3097,83206.48,709767,5,12,5924.0,42,34.7974
1050,YT01049,280,2,4,7,223925,7375,496,496,16705.93,677669,9,8,7459.0,45,13.6519
1051,YT01050,269,2,4,7,621880,59483,5619,4933,93573.56,3860142,6,8,17642.0,45,43.0755
1052,YT01051,209,2,4,8,603981,34847,2418,1430,155941.46,3283546,10,4,156.0,46,33.3984
1053,YT01052,244,1,2,7,321796,33341,5047,2115,59956.48,3661404,3,14,436.0,45,31.9543
1054,YT01053,51,3,2,2,460521,32605,5294,1041,31914.8,1902440,11,3,9122.0,42,30.4225
1055,YT01054,238,5,1,3,308303,34969,4818,2463,37608.99,149299,12,8,10704.0,51,31.7845
1056,YT01055,140,3,4,5,1133657,40597,3988,2781,99654.0,1261802,1,16,13764.0,38,49.6084
1057,YT01056,5,3,1,2,592908,58937,4001,3920,37597.59,3833957,7,8,5741.0,42,42.371
1058,YT01057,112,2,1,6,193359,16900,2903,904,35398.45,331709,12,6,5613.0,42,23.9736
1059,YT01058,86,1,4,4,494233,48989,2210,1938,48827.22,344120,8,6,13925.0,42,37.8109
1060,YT01059,134,5,3,6,215651,7665,1104,300,47162.6,793183,7,9,14425.0,42,13.6464
1061,YT01060,76,3,4,7,682477,29863,2634,1495,183846.14,2801444,13,10,17469.0,45,33.6142
1062,YT01061,118,2,1,6,187017,8537,1066,696,14767.63,1699125,14,9,2835.0,42,15.1382
1063,YT01062,20,5,1,3,533233,25371,4299,960,130417.37,3188237,11,4,926.0,51,28.4865
1064,YT01063,298,1,2,3,1072927,80548,13085,4330,289632.98,3071364,9,5,15418.0,51,55.4986
1065,YT01064,267,4,1,3,700101,45227,7009,3718,134845.75,1395011,5,4,14331.0,51,39.2472
1066,YT01065,293,3,2,7,756184,70292,5788,1274,80401.45,2220916,3,14,17065.0,45,46.1894
1067,YT01066,45,3,1,6,389045,23100,3819,1436,90680.59,3711978,1,2,13331.0,42,25.7202
1068,YT01067,300,5,1,2,123171,10084,606,696,9064.39,493871,8,7,658.0,42,20.3859
1069,YT01068,70,4,3,4,504566,60049,4325,3212,55324.52,3710939,2,5,10311.0,42,38.999
1070,YT01069,196,2,1,8,623693,41684,3714,2659,114843.84,319399,3,6,14220.0,46,36.4654
1071,YT01070,189,1,1,1,391653,15696,1774,299,72271.92,2398582,8,7,0.0,41,21.2296
1072,YT01071,130,5,1,2,660123,63434,7019,3378,69849.85,3443138,5,16,8024.0,42,43.9454
1073,YT01072,111,1,4,7,430223,30053,5298,2108,88146.94,3708073,5,11,4391.0,45,29.7168
1074,YT01073,67,3,1,2,933548,81888,5341,2411,154414.74,3216812,6,2,11495.0,42,52.2525
1075,YT01074,182,1,4,6,247222,10306,1578,364,64227.99,1848447,13,9,6409.0,42,16.1212
1076,YT01075,169,2,3,2,551903,31801,2038,841,98164.84,3653702,12,12,17497.0,42,31.1505
1077,YT01076,2,5,3,7,603937,52110,5870,4578,131251.5,2532553,3,9,7560.0,45,40.4176
1078,YT01077,290,5,3,4,414997,12426,550,707,35567.67,53124,3,5,11341.0,42,20.3442
1079,YT01078,213,4,1,1,255129,13435,1345,1149,55013.47,2887966,5,12,241.0,41,19.3805
1080,YT01079,188,1,2,4,1248246,61168,2904,3420,328367.22,3204220,1,7,12379.0,42,56.7677
1081,YT01080,231,3,1,7,934079,80982,7624,3670,111108.24,3299584,8,14,17706.0,45,52.4057
1082,YT01081,100,1,3,8,464811,41485,6306,1242,127695.84,1762274,5,9,9859.0,46,34.3822
1083,YT01082,286,1,4,3,1023434,35050,4674,812,193151.37,2992892,2,4,11036.0,51,44.6012
1084,YT01083,272,2,2,5,866007,86209,4942,7412,157361.45,3146206,9,13,15225.0,38,53.4903
1085,YT01084,158,1,2,8,907644,74171,10417,1201,136894.08,929972,1,13,17731.0,46,49.7321
1086,YT01085,12,3,1,4,329942,17066,1947,1108,73664.32,500969,13,11,5386.0,42,21.8118
1087,YT01086,274,3,1,2,677338,63827,9988,3302,161467.01,2628154,5,10,14790.0,42,44.1808
1088,YT01087,130,5,3,5,677490,77607,6544,2234,136257.07,1762563,4,8,12830.0,38,44.9459
1089,YT01088,261,3,2,7,492173,21070,2266,1727,60900.14,3908403,14,16,1832.0,45,26.3656
1090,YT01089,99,2,4,5,587831,38717,3333,955,116120.95,1581684,12,12,10306.0,38,34.2194
1091,YT01090,227,4,2,6,226919,19284,2639,1240,40129.0,3788064,9,4,4151.0,42,24.9899
1092,YT01091,224,2,4,6,1036567,68390,7498,3436,238800.8,3496886,4,17,17230.0,42,52.0875
1093,YT01092,150,5,4,1,599972,46366,7027,2542,75388.7,3148567,4,9,561.0,41,37.627
1094,YT01093,299,2,3,4,660047,57450,5660,3666,163975.91,2824666,11,7,4027.0,42,42.2407
1095,YT01094,209,5,4,5,653347,32192,2628,978,83867.49,1851601,8,3,16002.0,38,33.4129
1096,YT01095,93,2,1,4,288991,19881,2326,1628,79188.06,285035,9,9,5986.0,42,24.2047
1097,YT01096,246,5,2,1,712790,34672,1639,2634,153145.67,1488956,1,14,16033.0,41,36.1445
1098,YT01097,299,5,1,7,599677,40700,5029,2827,76730.94,2132928,6,17,15860.0,45,35.8528
1099,YT01098,299,4,3,8,690474,58611,3149,1786,59610.78,2082488,5,9,17657.0,46,42.2494
1100,YT01099,21,4,2,1,330801,24337,2382,458,24664.67,422009,6,4,9076.0,41,25.7209
1101,YT01100,173,4,3,1,594508,45162,6410,2826,63652.47,3334282,1,7,7312.0,41,37.2811
1102,YT01101,259,1,3,7,416548,39836,4279,1587,35310.19,934994,10,11,17769.0,45,34.0692
1103,YT01102,128,1,1,5,549260,41885,6244,3757,42606.22,3132710,9,12,4257.0,38,36.1043
1104,YT01103,257,2,3,5,335520,13109,1528,834,92332.85,259046,14,13,6632.0,38,19.2796
1105,YT01104,110,4,2,1,323454,19344,2565,948,36803.89,2095087,10,6,13290.0,41,23.0691
1106,YT01105,58,3,1,3,489249,46280,4952,991,42119.21,1559242,4,10,11698.0,51,36.238
1107,YT01106,283,1,4,1,637492,39031,4129,1789,31435.71,1369180,11,5,12379.0,41,35.5153
1108,YT01107,191,3,4,3,776552,87267,15204,5655,33483.35,3911494,6,12,9595.0,51,49.7883
1109,YT01108,211,1,2,7,447387,16292,741,478,40430.99,2298242,11,6,11205.0,45,22.7377
1110,YT01109,181,2,2,1,628124,33542,4960,2751,103361.82,1563886,10,9,16290.0,41,33.9798
1111,YT01110,36,5,3,3,426228,51089,2789,2284,51317.49,1156567,3,7,10383.0,51,35.7055
1112,YT01111,75,2,1,6,318769,15141,2721,478,52919.99,2370989,7,4,10265.0,42,20.0682
1113,YT01112,97,4,4,1,429144,43629,7100,2339,83784.44,176392,3,16,8921.0,41,35.8417
1114,YT01113,136,4,4,3,502974,15522,1778,1104,32677.78,3803470,5,3,8850.0,51,24.0665
1115,YT01114,61,1,1,8,217233,23250,920,1897,34630.24,17932,4,10,1905.0,46,28.4345
1116,YT01115,190,5,4,7,264255,11730,611,591,53835.48,975577,7,8,10131.0,45,17.5139
1117,YT01116,159,2,2,4,375688,30054,3378,2524,27663.29,561598,10,18,4946.0,42,30.0826
1118,YT01117,186,5,2,7,310061,19027,1837,791,36151.37,868951,10,8,15841.0,45,22.7664
1119,YT01118,111,4,4,7,83954,3306,195,276,20106.82,1020225,2,2,199.0,45,9.7742
1120,YT01119,295,4,3,7,274423,14673,1491,789,36201.15,3485863,11,10,6093.0,45,19.8843
1121,YT01120,280,1,3,5,400788,36504,1524,1458,65523.79,178886,11,6,8359.0,38,32.5037
1122,YT01121,192,1,1,6,503375,60323,3887,4617,67516.01,3938354,11,8,10063.0,42,39.6543
1123,YT01122,202,1,1,5,725097,62426,7631,2046,91951.42,2629812,7,10,15731.0,38,43.894
1124,YT01123,262,2,2,3,429484,44407,6452,2255,88303.43,3115368,1,17,2662.0,51,35.8049
1125,YT01124,86,3,4,3,404013,34745,3139,705,112269.98,3477400,11,2,5563.0,51,31.1395
1126,YT01125,91,4,2,8,346683,19247,1243,631,51343.72,16254,12,10,14053.0,46,22.836
1127,YT01126,68,2,2,6,310769,12859,954,562,38763.74,3895391,14,18,1779.0,42,18.6107
1128,YT01127,139,4,4,8,495481,47600,7547,2355,86861.94,538620,4,16,12199.0,46,37.4566
1129,YT01128,51,3,3,6,78959,7623,1364,138,3329.82,444225,9,14,567.0,42,20.6283
1130,YT01129,34,1,4,5,846465,93994,16826,3651,173174.11,723083,1,4,15808.0,38,51.7606
1131,YT01130,45,2,1,4,354920,10226,332,174,48571.23,882333,10,8,11799.0,42,17.4822
1132,YT01131,7,4,4,8,336218,19296,3393,1726,63654.69,1088064,5,10,6960.0,46,23.6328
1133,YT01132,161,1,4,6,180959,12317,2126,388,14669.6,2204310,13,18,3830.0,42,18.992
1134,YT01133,126,1,1,7,456117,42503,3619,3265,115848.51,2611522,11,6,1952.0,45,35.9528
1135,YT01134,82,4,1,5,627282,21065,2984,1275,78996.79,3232997,11,17,6833.0,38,29.3966
1136,YT01135,254,3,4,5,137622,16316,1618,348,5765.9,535329,13,2,3210.0,38,23.7925
1137,YT01136,181,2,1,5,325781,14852,2601,910,79678.94,1218579,3,3,7990.0,38,20.282
1138,YT01137,55,2,4,3,914019,99706,17573,6836,96381.67,3433620,13,17,17737.0,51,55.1749
1139,YT01138,33,1,2,1,1199327,107135,14403,7314,52785.19,3552761,11,14,17147.0,41,63.7732
1140,YT01139,131,2,2,2,534578,59679,10641,2096,126737.65,3072860,3,5,9787.0,42,39.553
1141,YT01140,107,2,4,8,493901,41928,4049,1057,63830.12,781596,8,18,7046.0,46,34.5067
1142,YT01141,19,5,1,3,785171,38548,4428,1494,93094.41,2830677,11,6,9911.0,51,38.5971
1143,YT01142,292,4,2,3,196424,13252,1646,273,38527.41,1141850,10,6,673.0,51,19.2841
1144,YT01143,65,2,4,1,601334,25354,2204,1351,64251.01,371283,6,17,13567.0,41,30.1589
1145,YT01144,125,1,2,6,183652,19118,1615,664,9191.17,2629279,9,17,327.0,42,25.8514
1146,YT01145,60,1,4,6,474732,52868,4661,3637,25181.3,2180231,2,8,14195.0,42,38.1644
1147,YT01146,119,2,2,3,1263188,145717,4547,10898,235205.25,2175405,3,13,14718.0,51,69.0191
1148,YT01147,119,1,2,4,579922,68611,11120,5865,122257.38,3512651,14,15,7008.0,42,42.8617
1149,YT01148,195,5,1,8,586728,70258,5724,6015,36997.91,3459469,8,6,10389.0,46,43.1605
1150,YT01149,168,4,2,2,262708,12724,2054,1009,16463.5,1094786,12,16,539.0,42,18.664
1151,YT01150,240,4,2,7,545047,57227,4552,1777,36322.18,3611716,11,12,12741.0,45,39.7943
1152,YT01151,205,4,1,1,220989,12061,1505,192,59392.93,1849637,13,7,572.0,41,17.5298
1153,YT01152,124,5,3,8,222135,14621,1685,1016,61496.63,1062193,7,4,3130.0,46,20.7492
1154,YT01153,192,1,4,7,335179,29492,4148,1812,37711.01,3533401,4,14,4480.0,45,29.78
1155,YT01154,244,4,2,5,983662,96387,8780,6725,194743.85,2629939,12,15,15109.0,38,57.3159
1156,YT01155,151,3,3,5,935100,53680,6132,3232,81917.24,1529180,2,17,9932.0,38,46.4689
1157,YT01156,61,1,4,6,305290,8917,428,249,19323.45,530961,6,5,12146.0,42,15.7158
1158,YT01157,63,3,3,4,278118,12257,1970,915,21386.32,371337,13,6,7137.0,42,18.252
1159,YT01158,234,5,2,1,992720,84093,5052,3709,214602.28,3352187,4,5,9576.0,41,54.2368
1160,YT01159,65,4,4,7,149088,13755,1696,497,34006.58,1428694,3,4,502.0,45,22.8911
1161,YT01160,53,2,4,8,294013,29881,5171,2600,45850.74,1762101,4,4,6339.0,46,31.4432
1162,YT01161,18,5,1,7,76974,5703,858,428,20323.25,1404097,2,2,132.0,45,17.0136
1163,YT01162,122,5,2,5,1113063,106340,16514,5872,202708.98,3694207,4,4,17824.0,38,61.4599
1164,YT01163,38,4,4,5,547728,26416,2275,2079,132466.56,1729579,7,8,9997.0,38,29.6779
1165,YT01164,302,5,4,4,560575,63680,6693,3847,79075.34,2074276,9,9,17485.0,42,41.2978
1166,YT01165,112,5,1,3,540274,47087,3398,3631,33426.56,3023813,12,16,10762.0,51,37.9049
1167,YT01166,220,5,3,8,622269,61425,6980,4557,49515.31,2483199,13,13,10027.0,46,43.5506
1168,YT01167,119,4,1,3,626313,72006,3204,3206,32344.08,2157400,3,3,9881.0,51,43.4142
1169,YT01168,306,1,1,7,408119,13617,591,784,33584.85,2262390,12,14,16592.0,45,20.8161
1170,YT01169,73,4,2,6,464465,24437,1121,1701,114667.49,3382918,8,10,6429.0,42,27.2887
1171,YT01170,271,4,4,7,153239,15905,2310,370,9011.35,1852722,4,3,5619.0,45,24.3703
1172,YT01171,209,3,3,3,232173,9022,1468,277,44032.69,2467304,8,7,2421.0,51,14.9014
1173,YT01172,202,1,4,6,133121,11101,1054,324,9151.76,1188717,8,4,6798.0,42,20.2721
1174,YT01173,140,3,1,7,279080,18794,2024,1046,15883.97,2172797,14,6,9879.0,45,23.0582
1175,YT01174,242,3,4,3,473273,13588,2331,792,25230.08,357452,1,18,7889.0,51,22.353
1176,YT01175,48,5,2,4,159246,12020,640,320,26355.05,1590176,12,6,1728.0,42,19.5984
1177,YT01176,83,1,4,5,824112,41548,2624,2821,183841.04,3644301,10,16,389.0,38,40.7532
1178,YT01177,283,3,2,2,432664,46946,5685,2517,19554.97,1103745,12,4,15843.0,42,36.0701
1179,YT01178,130,3,1,7,305174,20152,2933,489,46231.29,1593465,5,13,13790.0,45,23.2733
1180,YT01179,197,5,2,2,289269,27620,4714,774,61126.4,3990974,8,4,2023.0,42,28.8136
1181,YT01180,156,1,1,2,995605,70651,8950,5945,179389.87,3836540,3,9,4363.0,42,52.1583
1182,YT01181,202,5,2,1,384058,34595,5503,2158,40150.21,3502809,14,7,12810.0,41,32.1488
1183,YT01182,194,2,4,1,969894,102930,6032,4242,230482.07,3360577,13,9,13644.0,41,56.568
1184,YT01183,276,1,1,4,805786,22217,3186,1000,118020.39,3375885,10,16,6043.0,42,34.9275
1185,YT01184,223,3,2,1,183853,8819,308,781,44898.27,472480,12,17,479.0,41,15.6108
1186,YT01185,98,3,3,1,506890,19445,2687,1625,69957.82,2712962,2,4,2429.0,41,25.9715
1187,YT01186,260,1,1,5,353937,28353,3369,1089,18195.84,558248,8,16,9414.0,38,28.3498
1188,YT01187,111,3,3,6,763888,35163,2264,1059,37644.28,3248945,10,17,7657.0,42,37.029
1189,YT01188,35,3,4,7,570067,28226,2312,1042,91651.75,3143023,12,17,7147.0,45,30.3103
1190,YT01189,38,4,4,6,619936,25729,3779,1041,112954.38,2765544,1,16,4564.0,42,30.6072
1191,YT01190,211,5,3,4,556211,30448,5410,730,70385.36,3855112,14,11,867.0,42,30.6892
1192,YT01191,49,3,2,1,468053,51939,1925,2781,81234.55,691704,2,2,10824.0,41,37.4752
1193,YT01192,186,5,4,4,1093960,32468,2997,1568,222643.14,3408262,10,9,15746.0,42,46.5859
1194,YT01193,42,2,2,7,329620,37939,4556,2868,62622.98,2554293,12,16,6982.0,45,32.7902
1195,YT01194,294,1,4,6,378523,18703,2512,890,60425.45,1365651,5,5,12232.0,42,22.9836
1196,YT01195,255,5,1,6,391452,30676,4336,757,28168.5,1256895,2,15,12234.0,42,29.172
1197,YT01196,160,1,4,8,692680,63635,4148,2501,144029.55,114866,12,16,15807.0,46,43.9875
1198,YT01197,163,3,1,4,601175,32106,3860,1508,161209.69,3872158,5,3,11486.0,42,32.4667
1199,YT01198,255,1,1,3,503285,15386,1759,1074,26260.45,2987629,5,5,1571.0,51,24.0055
1200,YT01199,230,3,1,8,488182,54062,8269,3886,122792.65,1741378,5,8,14935.0,46,38.7614
1201,YT01200,48,2,2,6,386930,22394,3799,1847,64374.45,1951334,5,8,10735.0,42,25.6087
1202,YT01201,183,4,4,7,277403,15925,2081,1160,15015.89,1260092,13,8,5119.0,45,21.1144
1203,YT01202,19,1,3,7,435756,50962,3000,2580,114485.81,3589816,5,2,649.0,45,36.216
1204,YT01203,162,5,3,6,194795,13094,1610,364,50887.07,1595600,2,14,2173.0,42,19.2912
1205,YT01204,301,1,1,2,341515,39075,1577,3184,94881.27,3351811,11,9,2682.0,42,33.4076
1206,YT01205,113,3,4,6,380591,22950,2697,583,25956.3,1188094,5,6,12704.0,42,25.0371
1207,YT01206,274,5,4,3,583741,40324,2312,2463,75050.26,3284382,6,2,15318.0,51,35.3521
1208,YT01207,46,1,3,1,594420,28518,1916,2007,33095.5,999433,3,7,13884.0,41,31.3355
1209,YT01208,98,4,4,1,588535,48914,4997,1043,148316.11,2451502,6,5,8393.0,41,37.7331
1210,YT01209,18,2,4,7,634236,25014,2231,784,138036.01,3761996,8,18,14302.0,45,30.6391
1211,YT01210,192,2,4,2,765101,91329,6421,1952,172233.86,3875862,8,12,13848.0,42,48.161
1212,YT01211,143,2,4,1,944176,24480,1515,2054,165585.65,2410106,2,14,6481.0,41,40.2054
1213,YT01212,97,1,3,5,606426,19692,1375,778,105330.76,2824384,5,10,12580.0,38,28.1775
1214,YT01213,133,1,3,2,617994,62140,3911,3851,54272.41,3061652,11,18,10182.0,42,43.3694
1215,YT01214,129,1,2,3,634030,52343,5668,3319,94140.0,3605834,3,9,9459.0,51,40.254
1216,YT01215,272,2,3,8,157423,13516,667,475,25888.01,108241,13,5,6618.0,46,21.855
1217,YT01216,199,4,2,5,1400126,133329,12723,11916,207301.45,1451079,1,14,17478.0,38,73.352
1218,YT01217,66,4,1,8,625858,67727,9085,3371,89961.07,3713095,12,7,9828.0,46,43.4634
1219,YT01218,49,3,1,8,569319,17677,2626,1457,58582.83,2487098,13,4,6052.0,46,26.7713
1220,YT01219,275,3,4,8,290062,14635,541,763,70176.59,630234,14,12,9414.0,46,19.8276
1221,YT01220,151,3,2,1,526950,34966,5311,668,22641.88,1239520,5,13,16437.0,41,31.8646
1222,YT01221,209,5,1,4,996879,73722,12091,1777,82179.47,2755333,4,15,15102.0,42,51.7585
1223,YT01222,157,2,4,3,724542,84423,10679,3225,82070.1,2534595,5,4,17122.0,51,47.0612
1224,YT01223,143,3,3,8,288935,31494,4103,2790,73808.12,71712,13,3,10118.0,46,31.4493
1225,YT01224,183,2,1,8,444228,38392,4557,2605,63453.74,2504086,7,12,1071.0,46,33.8156
1226,YT01225,118,4,2,5,299180,13304,515,404,41339.91,864910,7,9,4918.0,38,18.6643
1227,YT01226,152,1,1,2,878704,97607,9542,3500,235824.97,3671630,5,10,6572.0,42,52.9298
1228,YT01227,76,1,2,4,392138,29550,2641,824,95316.49,901971,2,12,6125.0,42,28.6388
1229,YT01228,255,1,1,8,822315,64328,2706,4971,219105.94,2224988,2,3,9909.0,46,46.9015
1230,YT01229,91,4,4,4,1105905,52452,5790,4200,81721.03,2745599,3,14,13223.0,42,51.1907
1231,YT01230,164,3,4,2,786896,49867,1579,2622,72465.81,1311786,5,16,8138.0,42,41.8768
1232,YT01231,118,4,4,2,233220,19453,2800,1123,55852.17,11335,8,8,6310.0,42,24.7579
1233,YT01232,106,2,4,6,287160,28466,2442,2475,61714.3,1496973,10,3,14476.0,42,30.9469
1234,YT01233,159,1,3,1,665750,68677,4663,5925,163736.77,3224713,9,13,7378.0,41,45.8906
1235,YT01234,251,1,4,1,309502,36966,6477,2701,28865.23,2110275,14,4,5517.0,41,32.0155
1236,YT01235,76,4,4,1,683304,32644,5666,2313,46146.84,3717987,5,18,14112.0,41,34.7483
1237,YT01236,157,5,2,4,663815,66686,6365,3382,136135.44,3975368,9,6,12988.0,42,44.8643
1238,YT01237,128,1,2,4,296528,12616,943,970,72430.72,745790,10,12,5393.0,42,18.657
1239,YT01238,101,1,3,5,792413,31525,1464,902,220508.69,2632107,2,13,3298.0,38,36.8249
1240,YT01239,190,3,1,5,231421,7079,1063,238,55136.57,1168190,8,11,1595.0,38,13.1772
1241,YT01240,11,1,1,5,570655,48476,4091,3995,40328.05,2681390,8,2,14070.0,38,38.7133
1242,YT01241,294,2,2,1,88663,3591,427,241,11859.84,170180,12,11,720.0,41,10.0393
1243,YT01242,293,3,4,7,608551,53664,2943,2702,59404.9,3870462,1,18,5918.0,45,40.1915
1244,YT01243,187,3,3,8,708806,82850,10391,4158,191253.56,1017953,4,13,14664.0,46,46.804
1245,YT01244,121,2,3,8,123965,10786,1834,836,29022.81,500969,13,3,3773.0,46,21.7177
1246,YT01245,71,2,3,3,754290,42079,7409,2415,60946.94,1785270,10,16,11210.0,51,39.0611
1247,YT01246,133,3,3,7,402358,45436,3833,2493,37508.45,984604,5,16,13559.0,45,34.9881
1248,YT01247,294,2,2,1,637799,17647,2879,1005,104304.59,2819586,9,8,7462.0,41,28.5081
1249,YT01248,61,5,4,3,730063,42853,1859,1928,154471.62,1199288,12,17,13621.0,51,38.5625
1250,YT01249,234,1,1,5,532645,40057,3984,2619,135498.84,73027,11,4,12679.0,38,34.7677
1251,YT01250,18,4,1,3,262867,11395,1233,429,63082.56,1393044,6,13,4125.0,51,17.1009
1252,YT01251,119,5,4,2,498794,28415,1889,2407,105626.86,1544074,12,6,16750.0,42,29.7833
1253,YT01252,208,5,4,7,323936,20765,955,759,30494.43,1595192,8,9,15264.0,45,23.8004
1254,YT01253,266,1,1,8,402018,26075,1006,985,71990.3,2602134,5,2,2188.0,46,27.0105
1255,YT01254,246,3,2,5,353296,36489,3923,3156,34515.89,1975452,14,7,1198.0,38,33.7674
1256,YT01255,220,3,1,2,124884,9620,1069,799,6141.83,293044,9,4,5324.0,42,19.6715
1257,YT01256,23,2,4,8,824479,94458,13782,7457,85276.05,1243567,2,15,12212.0,46,52.0897
1258,YT01257,61,5,2,5,65546,4126,689,171,2955.55,120295,10,3,104.0,38,13.6037
1259,YT01258,69,5,3,6,290017,26290,4211,1203,27993.36,1145728,10,14,13086.0,42,28.2443
1260,YT01259,243,3,1,5,250829,17829,794,1302,63222.77,900341,11,9,4620.0,38,23.0695
1261,YT01260,120,3,2,3,257975,23749,2331,581,41210.71,2147831,7,8,4867.0,51,26.8081
1262,YT01261,282,4,4,8,485919,52232,5842,3171,59468.87,3340516,1,11,6672.0,46,38.3149
1263,YT01262,96,5,1,6,217960,24858,3792,1707,52553.46,393029,12,11,8925.0,42,28.2375
1264,YT01263,197,1,1,1,172034,18363,2915,1479,43483.57,89419,4,2,3471.0,41,26.6457
1265,YT01264,292,4,4,7,124901,9207,1003,737,16054.56,2067650,4,16,1244.0,45,18.8844
1266,YT01265,227,5,4,8,216289,24916,1642,792,17305.4,1329439,11,2,7881.0,46,27.1301
1267,YT01266,133,4,2,7,288134,15280,1558,295,45658.3,3554557,12,12,12468.0,45,19.8663
1268,YT01267,98,1,4,6,274927,25723,3263,1723,66541.47,980519,12,5,9022.0,42,28.7708
1269,YT01268,121,3,1,6,287393,21550,747,574,74659.1,1256356,11,7,2730.0,42,24.4716
1270,YT01269,126,1,2,4,537996,50528,8815,790,21900.88,2819082,10,8,571.0,42,37.8563
1271,YT01270,289,1,4,8,609215,67278,10740,2030,120014.33,1443094,6,18,8007.0,46,42.3037
1272,YT01271,113,2,2,4,420996,15795,2048,732,97154.83,1303224,1,3,4343.0,42,22.1011
1273,YT01272,22,2,2,5,729376,60831,5492,1145,63437.42,2775872,9,7,16314.0,38,43.2088
1274,YT01273,161,1,2,3,358648,13760,1051,625,82775.39,1603652,1,4,5359.0,51,19.8509
1275,YT01274,210,5,4,3,341839,36268,3297,1415,47940.1,1843009,13,11,6662.0,51,32.1242
1276,YT01275,94,3,1,7,316580,33159,5768,2968,36452.82,90374,5,8,14715.0,45,32.4524
1277,YT01276,227,4,2,8,985785,89766,14414,4200,187412.52,2830368,5,8,17485.0,46,55.3688
1278,YT01277,119,3,3,4,254207,28682,4811,2033,66677.73,1896382,8,5,3946.0,42,29.6862
1279,YT01278,32,4,1,6,401654,31211,4038,1841,51327.68,1024709,5,16,10427.0,42,30.0989
1280,YT01279,285,1,1,8,817615,76423,10527,6209,200573.8,3114573,13,9,15961.0,46,50.1548
1281,YT01280,131,1,1,2,1254050,149284,10525,4029,135082.34,3321117,9,12,17902.0,42,67.3106
1282,YT01281,278,4,1,2,846205,51245,9185,787,87196.76,3608900,9,17,6168.0,42,43.0164
1283,YT01282,148,2,4,1,443505,13099,1317,930,97710.87,567696,11,17,4655.0,41,21.468
1284,YT01283,193,1,2,7,327972,30958,2584,2269,43008.51,2959882,3,4,938.0,45,31.1589
1285,YT01284,188,1,1,2,690359,18542,900,1252,92750.97,884293,3,9,16647.0,42,30.4463
1286,YT01285,140,4,4,5,684675,25621,2198,660,97040.85,2422561,7,7,3315.0,38,32.1256
1287,YT01286,28,4,3,2,497570,52278,7759,1569,85754.14,816728,9,10,12477.0,42,37.9242
1288,YT01287,202,5,4,7,418582,28135,3571,1484,46899.67,2259721,5,14,6988.0,45,28.3983
1289,YT01288,132,4,2,4,1054729,88237,9963,3520,210547.17,2852852,10,17,13598.0,42,56.3345
1290,YT01289,13,2,3,2,856293,55367,3639,953,75663.98,1743095,1,15,2240.0,42,44.2739
1291,YT01290,239,3,1,2,1103032,43148,1356,2931,270926.46,3675809,11,15,14174.0,42,49.1317
1292,YT01291,14,3,4,8,332288,36295,1299,1998,60268.66,1986911,13,2,17997.0,46,32.2217
1293,YT01292,159,4,4,2,1124809,56093,6709,1322,93749.41,2555437,1,17,14360.0,42,51.757
1294,YT01293,242,4,4,8,511109,58290,8950,4173,52856.2,849520,8,16,13993.0,46,39.7027
1295,YT01294,216,4,2,1,218848,24074,2065,1097,55607.82,795284,11,8,4418.0,41,27.5672
1296,YT01295,153,1,2,7,372990,32228,2823,2584,28576.34,2908978,2,16,5962.0,45,31.3117
1297,YT01296,260,2,4,3,139786,15747,1415,574,33927.71,91859,10,8,5378.0,51,24.2709
1298,YT01297,242,2,3,3,267944,30861,1165,1197,74215.32,3120891,13,4,1768.0,51,29.3371
1299,YT01298,140,2,1,3,604817,35858,4367,1328,33815.03,1941493,13,18,13318.0,51,33.7063
1300,YT01299,188,1,1,1,219230,25271,3134,1836,16380.71,204367,4,3,9166.0,41,28.4225
1301,YT01300,45,5,3,8,688555,76666,9718,3944,48389.01,592295,1,17,10708.0,46,45.9831
1302,YT01301,143,4,3,7,444917,11337,513,611,96639.85,2608599,11,7,15947.0,45,20.5311
1303,YT01302,241,3,2,7,179664,18381,1041,1073,36451.31,1784686,4,10,3682.0,45,26.2857
1304,YT01303,304,4,4,2,339764,31291,4994,1402,14394.24,1324545,10,7,572.0,42,30.4596
1305,YT01304,147,2,2,6,400949,46681,1867,3323,69763.58,1460731,5,14,14159.0,42,35.4563
1306,YT01305,200,1,1,2,589302,54819,4692,901,130229.24,1641720,10,12,15130.0,42,39.6845
1307,YT01306,63,4,3,5,173029,17373,2015,449,18072.27,828073,9,2,5924.0,38,25.1838
1308,YT01307,106,5,1,3,385632,15542,1923,1178,78887.39,3230657,11,2,5900.0,51,21.6139
1309,YT01308,139,4,3,2,187769,20685,1982,429,43168.18,538554,2,2,5245.0,42,25.6785
1310,YT01309,124,1,2,4,475344,22497,924,1754,87758.44,144305,12,17,11133.0,42,26.661
1311,YT01310,118,2,4,6,122336,4340,524,373,11313.07,506871,13,8,2821.0,42,10.4242
1312,YT01311,200,1,1,7,318219,25979,934,2127,56884.18,1952730,12,10,9245.0,45,28.171
1313,YT01312,284,1,1,2,481872,55145,2538,4711,50106.47,688742,2,10,5649.0,42,38.9705
1314,YT01313,73,2,4,8,336594,13511,2066,1101,80120.48,1604020,3,9,7592.0,46,19.7315
1315,YT01314,115,3,1,2,658185,51081,8141,3854,70785.63,2326749,7,4,9584.0,42,40.3576
1316,YT01315,189,1,1,7,329190,29221,4667,2252,83988.86,2893084,6,10,9862.0,45,30.0618
1317,YT01316,293,1,3,1,540223,31037,3846,2308,146747.85,2661979,6,14,287.0,41,31.3504
1318,YT01317,99,1,2,4,219879,17406,1411,755,22091.87,1066897,13,3,5280.0,42,23.0448
1319,YT01318,294,1,3,8,107106,8220,954,719,25820.6,1057905,9,7,1095.0,46,19.003
1320,YT01319,93,3,2,1,383778,21464,1283,1046,52505.32,1533661,4,7,5000.0,41,24.5847
1321,YT01320,197,1,2,1,173736,15175,1518,574,18987.67,975993,10,13,413.0,41,22.8575
1322,YT01321,119,4,1,7,442977,48343,5972,996,31718.72,2327096,5,6,11160.0,45,35.5783
1323,YT01322,166,4,1,4,580727,45634,2300,801,69613.82,2111798,8,6,7325.0,42,36.4255
1324,YT01323,53,2,2,4,705226,74855,10995,1805,66445.95,3203055,10,4,2853.0,42,45.8383
1325,YT01324,295,4,4,3,170210,13855,2105,1223,14197.69,1139627,14,9,627.0,51,22.5018
1326,YT01325,80,2,2,8,936285,110406,8915,7781,76456.63,1834283,4,18,16594.0,46,56.2473
1327,YT01326,62,5,1,3,1245040,111209,15023,4025,247980.2,3481580,3,8,17829.0,51,64.8301
1328,YT01327,135,5,4,7,116435,6842,1095,481,10721.48,1628284,5,5,1995.0,45,15.1229
1329,YT01328,13,4,4,2,383554,20847,1551,594,82462.8,1034121,2,2,8213.0,42,23.9666
1330,YT01329,159,4,3,5,605234,47550,7226,3931,57849.62,3850502,7,7,9511.0,38,38.6528
1331,YT01330,236,5,1,8,674227,49355,2037,2453,56278.37,2318468,11,15,1038.0,46,39.5449
1332,YT01331,91,5,4,5,712769,81804,3775,6733,53048.72,762472,1,12,4247.0,38,47.8529
1333,YT01332,106,2,3,8,454009,39910,2743,2312,84627.26,1145804,10,17,8046.0,46,34.2988
1334,YT01333,164,5,3,4,482009,13634,443,935,88741.6,829523,9,15,7964.0,42,22.6738
1335,YT01334,74,4,4,8,513515,24829,3228,1213,70747.97,2894696,14,5,8963.0,46,28.0157
1336,YT01335,168,5,2,5,577498,54798,3524,2219,55915.59,173812,13,11,13565.0,38,40.1775
1337,YT01336,116,3,3,3,521011,18374,985,699,141030.5,2955616,13,16,4350.0,51,25.4346
1338,YT01337,33,1,2,5,656740,40005,2765,3489,87290.31,166080,2,9,15542.0,38,36.8269
1339,YT01338,264,3,2,7,767941,91355,14989,4551,73640.25,1697716,2,18,15683.0,45,49.115
1340,YT01339,152,5,3,6,262009,18405,1303,1279,69818.79,2576642,2,10,10004.0,42,23.2593
1341,YT01340,188,1,4,2,534989,49823,8794,1137,33923.96,1178066,8,8,14515.0,42,37.7458
1342,YT01341,175,1,3,2,263940,17820,1320,930,18180.18,971088,13,7,11552.0,42,22.4487
1343,YT01342,151,3,1,8,494015,13376,2013,1052,25623.28,206817,8,17,11841.0,46,22.9454
1344,YT01343,87,1,1,1,527546,55484,6154,4085,129405.43,3875898,8,16,13362.0,41,40.2356
1345,YT01344,273,5,2,6,363418,12771,544,1027,53282.76,3733383,5,4,15669.0,42,19.6619
1346,YT01345,233,2,2,7,501376,25197,1179,1484,98777.83,3042518,5,15,13082.0,45,28.0747
1347,YT01346,45,3,1,3,442400,43774,3959,1007,24977.29,1196777,12,13,7650.0,51,35.3522
1348,YT01347,34,2,1,5,458427,43400,3414,1728,21938.55,3650466,8,3,4669.0,38,35.4927
1349,YT01348,298,4,2,4,203638,6183,861,520,53766.25,1547155,3,8,3081.0,42,12.4344
1350,YT01349,10,4,1,7,80423,3532,149,317,20845.19,667869,12,3,1332.0,45,10.7084
1351,YT01350,111,5,3,7,286773,22810,3362,1036,15623.42,869900,11,15,7265.0,45,25.7625
1352,YT01351,273,3,4,7,548110,55550,6755,1338,88460.61,1977786,1,11,9631.0,45,39.7084
1353,YT01352,145,1,1,7,200344,15913,1314,532,22047.17,306093,12,4,17306.0,45,22.1451
1354,YT01353,289,3,1,8,452526,24126,4232,683,63631.5,2652009,9,4,3550.0,46,26.4271
1355,YT01354,166,5,3,8,560895,24308,4182,1012,43998.78,2555469,5,8,9207.0,46,28.7132
1356,YT01355,152,4,2,1,504174,34023,1154,805,72361.07,1918920,3,11,4228.0,41,31.288
1357,YT01356,97,3,4,3,442659,15364,1813,881,32575.8,2411981,11,2,6395.0,51,22.4431
1358,YT01357,150,5,4,1,797889,67917,9827,5655,202136.52,2255196,14,3,15629.0,41,47.5923
1359,YT01358,115,1,3,6,181311,20065,1533,1714,14941.16,2484438,4,9,1414.0,42,27.2199
1360,YT01359,258,2,3,7,522337,19738,2001,894,97422.47,2180092,5,11,17536.0,45,26.0829
1361,YT01360,175,1,1,2,710427,57573,5694,2201,41909.33,1284371,7,9,15794.0,42,42.3829
1362,YT01361,210,2,2,7,338951,39444,2762,1026,73913.28,3488351,8,18,2779.0,45,31.734
1363,YT01362,48,4,1,2,406292,45951,4321,3572,58027.35,2768161,14,6,5563.0,42,35.7898
1364,YT01363,251,3,3,2,1038526,53648,6485,867,260550.66,3947874,6,11,3437.0,42,48.6796
1365,YT01364,66,1,1,6,482923,15826,1506,1379,87444.49,2014454,4,15,8008.0,42,23.8353
1366,YT01365,147,2,4,8,511114,43643,5192,2415,139572.26,3561071,10,5,13636.0,46,35.9206
1367,YT01366,123,4,2,7,434413,18898,1319,387,68322.57,1206616,10,15,9377.0,45,23.6069
1368,YT01367,102,2,1,4,256602,7802,967,525,14087.31,771263,8,8,1658.0,42,14.3724
1369,YT01368,274,2,3,6,182142,5854,732,360,48315.99,200551,14,3,8897.0,42,11.8109
1370,YT01369,14,4,3,4,409873,37912,3487,2289,99189.6,368989,10,12,11369.0,42,33.6264
1371,YT01370,47,3,1,2,421878,22213,2000,1535,87858.53,2008234,1,16,934.0,42,25.6371
1372,YT01371,95,3,4,3,587896,58912,10561,4321,117208.59,3564892,10,4,17549.0,51,42.4804
1373,YT01372,187,2,1,1,804912,94314,4447,3279,50120.42,2556021,8,5,13681.0,41,50.0873
1374,YT01373,126,4,4,8,496017,32110,4823,2690,51383.79,1239551,5,17,9585.0,46,31.3785
1375,YT01374,105,3,1,2,781980,25698,1427,1081,169137.59,287729,10,17,17240.0,42,35.0967
1376,YT01375,173,4,3,2,108358,5028,298,116,17009.21,1923729,6,4,416.0,42,11.5721
1377,YT01376,142,2,2,1,382080,43637,2147,3708,96081.37,412000,3,14,4626.0,41,35.078
1378,YT01377,164,4,2,4,705441,29366,4312,461,151799.52,2624611,4,16,8467.0,42,33.6957
1379,YT01378,270,5,4,1,439954,17375,2525,1431,89338.73,3663406,3,10,864.0,41,23.6105
1380,YT01379,298,1,1,6,390747,29465,1287,2212,25060.27,931852,7,6,16789.0,42,29.4849
1381,YT01380,244,2,2,2,843040,54599,5970,4640,199227.48,769551,2,18,16456.0,42,44.8781
1382,YT01381,143,1,4,7,127409,11280,1373,258,33060.01,947976,12,8,3476.0,45,20.9768
1383,YT01382,189,5,1,1,634175,73032,6204,5045,130119.23,2639091,7,13,6547.0,41,44.4286
1384,YT01383,155,1,1,3,240820,16394,790,447,53792.35,1431462,8,6,3390.0,51,21.2463
1385,YT01384,151,3,1,1,705667,21691,989,417,179049.15,3471886,12,2,10563.0,41,31.5109
1386,YT01385,108,1,2,3,636759,67956,6388,3484,100441.31,2203358,11,11,15124.0,51,43.908
1387,YT01386,197,3,3,6,229031,14499,2420,1014,30777.35,843691,5,17,3541.0,42,20.4774
1388,YT01387,8,2,3,6,670098,50507,7507,4534,169745.61,2575859,1,17,16807.0,42,40.6006
1389,YT01388,49,3,2,1,315251,13100,1619,1165,76499.02,492097,4,11,2443.0,41,19.2917
1390,YT01389,297,2,3,4,706638,26559,1520,1410,123022.94,2778671,14,2,17531.0,42,33.2691
1391,YT01390,52,5,2,5,721055,84674,6492,1311,155177.6,459319,11,14,16325.0,38,46.2676
1392,YT01391,293,5,1,2,740100,66972,10673,2010,173647.88,2961646,14,17,16342.0,42,45.3295
1393,YT01392,85,2,4,4,226958,9217,1218,735,25139.45,630236,3,8,2714.0,42,15.5607
1394,YT01393,151,1,4,7,261151,22780,1392,1666,39660.79,1140380,6,11,4628.0,45,26.9972
1395,YT01394,114,5,1,3,1000695,94576,8394,6906,95191.76,3565156,12,11,4507.0,51,57.2979
1396,YT01395,268,3,4,4,814599,56049,2569,4298,87466.43,3615027,6,9,10853.0,42,44.5252
1397,YT01396,214,2,3,8,902408,35474,4905,1725,77567.51,3423739,2,4,13924.0,46,41.1943
1398,YT01397,9,5,1,1,670781,66898,10743,2370,146457.1,371108,1,16,14278.0,41,44.6907
1399,YT01398,133,2,2,5,536924,52519,1766,3045,49986.77,1879467,5,18,395.0,38,39.6446
1400,YT01399,185,4,4,7,416122,40325,5153,1339,98761.4,3943581,8,6,10953.0,45,34.1593
1401,YT01400,153,4,3,4,1018963,34549,2960,3036,61375.1,3121580,3,13,16052.0,42,44.9059
1402,YT01401,201,2,4,5,332984,9836,764,461,57101.06,3990361,6,5,5216.0,38,16.9994
1403,YT01402,258,5,2,4,536999,46605,6461,2852,115079.21,50674,2,13,8686.0,42,37.3521
1404,YT01403,39,3,2,1,467716,33343,5718,1974,41597.98,1254938,7,17,2153.0,41,31.2897
1405,YT01404,92,3,3,4,1159885,111554,13409,7110,234417.77,3639583,7,9,16987.0,42,63.6191
1406,YT01405,14,1,2,3,555266,23299,1886,1472,54057.04,1364224,14,13,12561.0,51,28.4308
1407,YT01406,68,2,3,3,808882,24509,4302,2168,64956.05,3790377,5,8,8951.0,51,35.9531
1408,YT01407,121,5,1,8,704531,29120,3104,2326,102373.95,3992193,11,3,9866.0,46,34.2633
1409,YT01408,33,4,3,1,665154,36484,5738,794,171829.62,3627320,2,10,10538.0,41,34.9111
1410,YT01409,145,5,3,1,218013,22270,2717,990,33754.39,1368234,6,10,3426.0,41,27.4169
1411,YT01410,67,2,2,5,416527,22619,3226,1495,41121.24,1582480,13,4,10579.0,38,25.7473
1412,YT01411,279,1,1,8,621559,42570,2014,3637,36287.17,3289829,3,6,10293.0,46,37.1106
1413,YT01412,263,4,4,5,771326,34693,5652,1800,159054.06,3463273,4,10,13668.0,38,37.344
1414,YT01413,141,1,1,1,611697,40634,6100,3476,47155.88,3963273,9,17,15739.0,41,36.2733
1415,YT01414,287,5,4,1,712030,43063,4867,2215,116653.73,3688101,5,16,13263.0,41,38.3362
1416,YT01415,267,2,2,6,409382,15429,2348,967,50492.94,2131679,3,5,12508.0,42,21.84
1417,YT01416,196,4,3,5,551142,34921,3250,990,44838.99,1030411,10,3,14735.0,38,32.3372
1418,YT01417,233,1,4,8,402812,13156,420,429,100527.58,84790,2,17,11363.0,46,20.2551
1419,YT01418,223,2,3,1,1374689,91217,3769,7307,224054.88,2790631,2,8,17704.0,41,65.7912
1420,YT01419,85,4,4,7,409952,35936,4662,3132,92524.93,3773562,7,7,187.0,45,33.1757
1421,YT01420,18,5,2,5,604400,62569,2032,4169,72760.42,441707,12,10,15906.0,38,43.0081
1422,YT01421,127,1,3,1,304604,34725,3471,792,52705.8,226153,7,9,10283.0,41,30.2937
1423,YT01422,125,4,3,4,465593,31315,2625,2339,38161.05,1397059,11,2,12612.0,42,30.6019
1424,YT01423,71,2,3,5,546716,64569,9217,5065,117102.57,2559417,12,17,218.0,38,41.3601
1425,YT01424,54,3,4,1,695472,31534,4483,1417,37969.18,1484458,4,3,13729.0,41,34.3975
1426,YT01425,238,5,3,7,151737,7887,1319,465,36682.56,321424,8,5,4285.0,45,14.8701
1427,YT01426,109,2,4,7,352116,42043,4880,3658,84533.6,135544,6,10,17578.0,45,34.0855
1428,YT01427,203,3,2,5,882772,79752,11168,3137,184838.32,2532448,14,12,15188.0,38,51.0489
1429,YT01428,224,2,2,1,477889,50692,6990,3209,47036.41,3090843,12,4,14712.0,41,38.0504
1430,YT01429,209,3,3,2,823921,82770,13940,1644,113836.03,2252752,6,14,6066.0,42,50.3058
1431,YT01430,158,4,1,4,800616,39770,4634,1209,43537.9,3263231,3,17,5662.0,42,39.2145
1432,YT01431,85,1,4,3,341738,27803,2981,727,80669.1,1149513,3,2,9757.0,51,27.8888
1433,YT01432,69,3,3,4,777699,92911,9870,7108,109426.15,3572854,4,10,12471.0,42,50.2973
1434,YT01433,212,5,1,3,500178,16530,2952,637,98386.65,953462,6,18,2798.0,51,24.1651
1435,YT01434,231,4,3,7,259319,19866,1340,1624,43101.59,3551269,12,18,329.0,45,24.7727
1436,YT01435,106,3,3,2,140443,14721,472,717,32260.53,1574128,1,5,3075.0,42,24.5461
1437,YT01436,178,5,3,8,387296,43135,4024,1079,27045.55,432169,1,7,6787.0,46,33.5508
1438,YT01437,182,5,2,8,547556,15879,791,1251,30541.71,2560310,14,7,7456.0,46,25.4478
1439,YT01438,166,4,2,5,840748,60447,8663,3091,223070.98,3374050,7,8,15529.0,38,45.7588
1440,YT01439,284,1,4,3,438925,35566,6168,2892,39831.62,1609316,13,7,14277.0,51,32.712
1441,YT01440,43,2,2,4,676965,57196,6438,1218,162606.16,3043441,9,18,13270.0,42,41.4487
1442,YT01441,93,3,2,3,267336,10606,462,210,33167.25,572260,9,3,9945.0,51,16.3276
1443,YT01442,248,1,2,6,398485,47680,6687,2055,79458.55,2346813,11,11,14426.0,42,34.578
1444,YT01443,180,5,1,1,845720,50538,5691,1485,92703.07,3447643,14,16,8302.0,41,43.0438
1445,YT01444,74,2,1,3,706726,84718,13122,2166,188312.73,2115175,14,10,17651.0,51,46.0229
1446,YT01445,22,5,2,3,574513,54948,2941,4820,94864.82,3355684,9,15,11907.0,51,41.3493
1447,YT01446,282,5,1,1,454024,34849,3214,1966,19995.75,1509940,9,17,147.0,41,31.8788
1448,YT01447,129,5,3,6,109653,3569,598,95,7604.71,1014577,3,11,52.0,42,8.8006
1449,YT01448,162,3,2,2,209475,15601,2675,1036,31677.37,937459,6,10,3634.0,42,22.0819
1450,YT01449,85,4,1,2,276450,15936,993,376,43178.55,455104,1,6,8849.0,42,20.4196
1451,YT01450,294,3,4,1,543251,28845,875,1889,31406.92,1877835,4,5,13978.0,41,30.3982
1452,YT01451,113,5,2,3,691751,79431,5355,5468,55617.93,1143394,1,3,7246.0,51,46.6514
1453,YT01452,192,2,1,4,1779017,54036,6608,1854,372034.55,3334506,1,14,17520.0,42,73.2255
1454,YT01453,166,4,3,7,233566,14745,561,1312,38580.46,917849,13,14,9250.0,45,20.9158
1455,YT01454,126,3,1,2,618568,38055,1807,766,47319.82,2382526,13,11,16182.0,42,34.4476
1456,YT01455,204,5,2,4,758823,51785,3768,2387,170190.36,3874088,11,10,6606.0,42,41.7146
1457,YT01456,181,2,2,4,684326,48439,3380,2760,69115.06,1086068,9,4,14618.0,42,39.552
1458,YT01457,138,2,4,8,637701,47896,1662,4077,28040.57,3273937,1,14,4554.0,46,39.1964
1459,YT01458,168,3,4,4,662255,66584,6473,5818,77692.67,504040,10,17,10181.0,42,45.7263
1460,YT01459,34,1,1,6,112695,11843,917,1063,30473.4,2119315,10,5,1854.0,42,24.5506
1461,YT01460,63,5,3,3,1109815,118037,10605,9057,183439.73,3300339,2,8,8646.0,51,62.9475
1462,YT01461,194,5,4,8,384655,11507,753,282,40747.79,2675991,8,13,5469.0,46,18.9181
1463,YT01462,299,3,3,4,348738,22947,3125,1875,88982.43,224839,11,9,14719.0,42,25.8614
1464,YT01463,307,5,3,3,639484,16783,669,1361,147305.67,1194778,14,18,13389.0,51,28.4269
1465,YT01464,191,3,4,8,595294,24253,2485,646,39037.07,2921303,2,14,6722.0,46,29.3497
1466,YT01465,269,3,4,6,334674,10627,1731,902,67748.89,2210290,7,6,17743.0,42,17.8356
1467,YT01466,47,5,4,5,739668,29701,2193,985,124475.18,2311507,8,12,17408.0,38,34.8995
1468,YT01467,204,5,1,6,205924,23808,2460,1314,30151.77,229707,13,10,10108.0,42,27.4075
1469,YT01468,51,2,2,6,264761,26317,1836,1715,58585.76,1181192,8,16,3686.0,42,29.5959
1470,YT01469,271,5,1,1,325387,21274,1485,484,71372.14,3887849,10,3,490.0,41,23.8986
1471,YT01470,282,5,1,4,331380,26296,3393,2216,48249.06,1164870,5,6,7754.0,42,28.2257
1472,YT01471,294,2,4,2,507796,38376,6384,2244,85425.8,2460885,4,16,6230.0,42,33.7524
1473,YT01472,167,5,1,3,227130,17004,1163,936,22878.56,299458,10,9,4450.0,51,22.6388
1474,YT01473,297,3,3,4,648049,56700,6444,3905,72808.35,2235538,12,8,8223.0,42,41.9836
1475,YT01474,91,2,4,1,365946,11537,516,238,70751.23,1688351,14,13,5565.0,41,18.4932
1476,YT01475,15,5,1,8,391025,42259,4605,2131,62296.31,1173053,6,15,5658.0,46,34.3615
1477,YT01476,39,2,3,2,434127,24045,3975,1194,93695.12,1801556,5,11,4016.0,42,26.4376
1478,YT01477,173,5,1,5,1284881,32493,4882,942,144805.61,1825580,2,8,17588.0,38,52.9455
1479,YT01478,98,5,1,8,358171,42977,5683,1502,95202.11,2243881,1,3,5352.0,46,32.7718
1480,YT01479,24,1,2,7,105700,5264,668,121,14236.25,196671,13,13,1037.0,45,12.1673
1481,YT01480,88,1,4,8,768490,27012,1969,2227,52289.02,3690339,10,2,14838.0,46,35.4091
1482,YT01481,200,4,3,4,1407537,118142,7343,4266,326986.38,3958736,14,14,14575.0,42,70.0116
1483,YT01482,71,1,2,3,462765,39112,5123,2363,104779.34,2668269,12,16,6286.0,51,33.9647
1484,YT01483,271,1,3,5,594823,19810,2530,484,24388.62,368519,7,14,16948.0,38,27.7761
1485,YT01484,168,5,3,2,351662,33129,1265,595,52743.74,2044060,6,5,7772.0,42,30.7351
1486,YT01485,246,2,1,3,302931,19286,2018,1590,81950.98,217692,7,15,1434.0,51,23.6238
1487,YT01486,214,1,2,6,252777,24292,4032,1390,17303.21,1423031,4,14,7082.0,42,28.2262
1488,YT01487,144,2,1,2,354343,42264,3444,1852,26901.87,3930686,2,18,2585.0,42,32.8815
1489,YT01488,225,2,1,2,168472,10549,1794,785,38669.37,956865,12,4,1339.0,42,18.0461
1490,YT01489,131,3,2,5,591870,17497,1137,591,30621.49,2495360,9,5,16738.0,38,26.9593
1491,YT01490,164,2,4,3,293314,24092,1652,989,56481.16,638429,1,16,5449.0,51,26.4757
1492,YT01491,47,4,1,7,218563,7441,875,573,26748.64,615759,11,10,13084.0,45,13.7674
1493,YT01492,236,2,4,8,323807,20598,626,1494,37438.74,1214290,12,12,7070.0,46,24.2651
1494,YT01493,107,5,3,7,267192,8361,696,693,53488.05,2847104,5,2,11278.0,45,15.0979
1495,YT01494,59,3,3,3,928455,43839,1527,3748,214425.97,758846,5,18,16637.0,51,44.3183
1496,YT01495,12,1,1,1,346693,11309,1080,495,63808.78,3864016,14,8,5922.0,41,18.1587
1497,YT01496,22,2,2,7,338707,17916,561,1286,61762.87,2244410,10,8,5862.0,45,22.496
1498,YT01497,176,2,4,8,1023424,117723,10097,9774,141064.99,3599947,1,14,1944.0,46,59.9406
1499,YT01498,271,3,3,6,268659,8359,1213,599,19314.55,3743153,14,12,1625.0,42,15.0282
1500,YT01499,58,3,4,6,249245,18366,2171,356,51926.2,2124033,5,9,8456.0,42,22.5886
