video_id,title,category,subcategory,region,channel_type,published_at,trending_date,views,likes,comments,shares,watch_time_minutes,subscriber_count,days_since_published,tag_count,ad_spend
YT00000,Hip Hop creator video 0: trending ideas,Music,Hip Hop,United States,Individual,2025-06-20,2025-07-02,246060,7087,333,210,48184.95,73376,12,14,9639
YT00001,Technology creator video 1: trending ideas,Education,Technology,Canada,Educational,2025-03-26,2025-04-03,364519,19984,1358,745,83047.22,502235,8,15,9951
YT00002,Technology creator video 2: trending ideas,Education,Technology,Canada,Media Company,2025-06-04,2025-06-07,275288,26122,3180,521,46537.49,675963,3,2,10901
YT00003,Walkthrough creator video 3: trending ideas,Gaming,Walkthrough,United States,Media Company,2025-09-19,2025-09-23,652630,33350,1141,2347,182113.31,1275379,4,17,12084
YT00004,Comedy creator video 4: trending ideas,Entertainment,Comedy,India,Individual,2025-10-11,2025-10-12,675495,40310,2279,1965,123002.18,3280868,1,8,3298
YT00005,Technology creator video 5: trending ideas,Education,Technology,Australia,Educational,2025-09-02,2025-09-09,222746,16978,2620,561,18687.11,546623,7,7,10138
YT00006,Esports creator video 6: trending ideas,Gaming,Esports,India,Media Company,2025-04-28,2025-05-02,424334,16159,485,924,98278.25,3713171,4,15,9349
YT00007,Technology creator video 7: trending ideas,Education,Technology,United Kingdom,Individual,2025-07-23,2025-07-27,335930,20335,2606,873,76644.23,3418248,4,4,13951
YT00008,Science creator video 8: trending ideas,Education,Science,India,Brand,2025-06-13,2025-06-15,585015,51276,1679,3598,64995.99,843689,2,18,14608
YT00009,Walkthrough creator video 9: trending ideas,Gaming,Walkthrough,Australia,Individual,2025-03-24,2025-04-06,576077,25227,3601,2128,133645.97,1668994,13,7,15025
YT00010,Comedy creator video 10: trending ideas,Entertainment,Comedy,United States,Media Company,2025-04-28,2025-05-09,620472,41260,4038,2523,58935.73,701924,11,9,17579
YT00011,Esports creator video 11: trending ideas,Gaming,Esports,Canada,Educational,2025-08-19,2025-08-25,491353,31884,2348,536,103441.33,2602055,6,2,13860
YT00012,Walkthrough creator video 12: trending ideas,Gaming,Walkthrough,United Kingdom,Media Company,2025-09-24,2025-09-28,703422,61501,8382,2692,140066.26,3683387,4,8,15813
YT00013,Hip Hop creator video 13: trending ideas,Music,Hip Hop,United States,Individual,2025-01-07,2025-01-19,865363,101523,8877,7848,57814.85,3900530,12,6,2819
YT00014,Film & Animation creator video 14: trending ideas,Entertainment,Film & Animation,Canada,Individual,2025-02-23,2025-03-08,523003,41694,4532,3608,41965.9,2455555,13,14,7506
YT00015,Hip Hop creator video 15: trending ideas,Music,Hip Hop,United Kingdom,Brand,2025-05-09,2025-05-18,280616,22028,2184,607,24466.2,187995,9,17,1808
YT00016,Walkthrough creator video 16: trending ideas,Gaming,Walkthrough,Canada,Media Company,2025-08-27,2025-09-09,393041,29741,4328,795,105194.61,3405106,13,14,2755
YT00017,Pop creator video 17: trending ideas,Music,Pop,United Kingdom,Media Company,2025-01-14,2025-01-28,464930,19450,1632,1200,78780.97,241196,14,10,13723
YT00018,Esports creator video 18: trending ideas,Gaming,Esports,Australia,Educational,2025-05-27,2025-06-10,447750,49561,4489,4086,113106.84,2840778,14,6,14044
YT00019,Hip Hop creator video 19: trending ideas,Music,Hip Hop,Canada,Brand,2025-03-09,2025-03-10,781872,66887,11023,2317,120876.79,151913,1,14,9893
YT00020,Walkthrough creator video 20: trending ideas,Gaming,Walkthrough,United States,Media Company,2025-07-19,2025-08-02,387968,33210,2753,1021,87401.31,2347451,14,18,4909
YT00021,Technology creator video 21: trending ideas,Education,Technology,Australia,Media Company,2025-01-04,2025-01-09,168907,4249,487,163,32586.35,422334,5,11,1431
YT00022,Hip Hop creator video 22: trending ideas,Music,Hip Hop,India,Educational,2025-07-28,2025-08-09,188696,6194,519,512,39796.02,1000393,12,2,3025
YT00023,Hip Hop creator video 23: trending ideas,Music,Hip Hop,Australia,Individual,2025-08-08,2025-08-16,1093250,71354,11020,5364,125697.45,3566141,8,18,14693
YT00024,Pop creator video 24: trending ideas,Music,Pop,Australia,Individual,2025-06-20,2025-06-23,677925,48812,3098,775,47022.62,252653,3,10,14290
YT00025,Walkthrough creator video 25: trending ideas,Gaming,Walkthrough,United Kingdom,Media Company,2025-08-18,2025-08-30,567562,16897,2896,788,45660.98,1882888,12,14,11346
YT00026,Science creator video 26: trending ideas,Education,Science,Canada,Individual,2025-07-27,2025-08-08,545214,18915,1399,1239,93939.28,1507916,12,6,17936
YT00027,Comedy creator video 27: trending ideas,Entertainment,Comedy,Australia,Brand,2025-01-11,2025-01-18,693696,51538,8563,3731,53314.98,3652506,7,18,6538
YT00028,Walkthrough creator video 28: trending ideas,Gaming,Walkthrough,Australia,Media Company,2025-04-15,2025-04-28,537560,55171,7816,4626,141209.98,2026994,13,10,10046
YT00029,Science creator video 29: trending ideas,Education,Science,United Kingdom,Brand,2025-01-08,2025-01-15,348257,37478,4870,2982,57357.17,740297,7,17,13475
YT00030,Pop creator video 30: trending ideas,Music,Pop,Canada,Brand,2025-10-25,2025-11-05,544753,55591,7050,2272,50667.48,2601159,11,8,11724
YT00031,Hip Hop creator video 31: trending ideas,Music,Hip Hop,Australia,Brand,2025-10-09,2025-10-12,924671,110837,12916,4092,211527.92,1683006,3,10,16830
YT00032,Walkthrough creator video 32: trending ideas,Gaming,Walkthrough,Australia,Educational,2025-10-06,2025-10-12,178308,4902,622,439,36677.67,6738,6,14,2150
YT00033,Hip Hop creator video 33: trending ideas,Music,Hip Hop,Australia,Educational,2025-06-04,2025-06-07,107537,11641,745,536,14217.64,628400,3,4,907
YT00034,Walkthrough creator video 34: trending ideas,Gaming,Walkthrough,United Kingdom,Educational,2025-01-04,2025-01-09,736974,73062,11922,3452,48943.34,942005,5,15,12744
YT00035,Science creator video 35: trending ideas,Education,Science,Canada,Individual,2025-07-20,2025-07-25,302851,26776,1695,637,24708.92,3053280,5,9,2877
YT00036,Walkthrough creator video 36: trending ideas,Gaming,Walkthrough,United Kingdom,Individual,2025-03-27,2025-03-29,635706,18883,1881,937,140240.29,2395603,2,7,8817
YT00037,Comedy creator video 37: trending ideas,Entertainment,Comedy,United Kingdom,Individual,2025-07-27,2025-07-28,455121,27807,2955,1830,106716.35,1753915,1,10,2788
YT00038,Walkthrough creator video 38: trending ideas,Gaming,Walkthrough,India,Brand,2025-06-28,2025-07-02,823192,64828,2683,4226,218897.78,3405428,4,5,1537
YT00039,Esports creator video 39: trending ideas,Gaming,Esports,United Kingdom,Brand,2025-09-29,2025-10-01,1326640,91589,5476,7038,141189.86,3975991,2,17,103
YT00040,Esports creator video 40: trending ideas,Gaming,Esports,Australia,Educational,2025-09-03,2025-09-10,462233,39028,2455,1300,105235.04,3308741,7,13,7823
YT00041,Science creator video 41: trending ideas,Education,Science,United Kingdom,Individual,2025-03-26,2025-03-31,558877,20482,2426,644,125548.36,3364687,5,13,1
YT00042,Esports creator video 42: trending ideas,Gaming,Esports,United Kingdom,Individual,2025-08-01,2025-08-06,523512,49286,3816,1523,27781.0,2375188,5,6,2666
YT00043,Esports creator video 43: trending ideas,Gaming,Esports,United Kingdom,Educational,2025-09-29,2025-10-01,364621,30137,2106,1296,44482.91,646532,2,2,7579
YT00044,Technology creator video 44: trending ideas,Education,Technology,United Kingdom,Brand,2025-07-27,2025-07-30,495452,41659,4935,2963,94015.06,3237912,3,3,17393
YT00045,Science creator video 45: trending ideas,Education,Science,India,Media Company,2025-08-30,2025-09-05,315806,22277,2946,1489,16677.42,2045103,6,6,16064
YT00046,Esports creator video 46: trending ideas,Gaming,Esports,Canada,Individual,2025-02-15,2025-02-28,648531,35554,5355,1309,115791.63,3160247,13,7,10962
YT00047,Hip Hop creator video 47: trending ideas,Music,Hip Hop,United Kingdom,Educational,2025-08-09,2025-08-13,398268,25712,2483,1528,83248.87,2121938,4,3,570
YT00048,Film & Animation creator video 48: trending ideas,Entertainment,Film & Animation,India,Educational,2025-02-14,2025-02-20,632797,52715,3662,4630,105693.26,2509898,6,13,6171
YT00049,Esports creator video 49: trending ideas,Gaming,Esports,India,Brand,2025-05-05,2025-05-12,341859,15238,1570,319,74698.96,2266907,7,12,1667
YT00050,Film & Animation creator video 50: trending ideas,Entertainment,Film & Animation,United States,Media Company,2025-04-25,2025-05-01,360720,20964,1647,794,96700.51,2647925,6,8,689
YT00051,Pop creator video 51: trending ideas,Music,Pop,United Kingdom,Media Company,2025-08-29,2025-09-10,636374,44004,4246,3049,153476.23,3237625,12,4,17048
YT00052,Technology creator video 52: trending ideas,Education,Technology,India,Brand,2025-10-07,2025-10-14,483651,55191,7870,3935,41939.02,449501,7,16,15905
YT00053,Esports creator video 53: trending ideas,Gaming,Esports,United Kingdom,Educational,2025-06-17,2025-06-28,492976,17104,2260,334,117911.18,2878700,11,14,1120
YT00054,Hip Hop creator video 54: trending ideas,Music,Hip Hop,United Kingdom,Individual,2025-03-14,2025-03-26,643306,34611,3744,2975,145135.06,2487997,12,5,17432
YT00055,Esports creator video 55: trending ideas,Gaming,Esports,United Kingdom,Media Company,2025-03-09,2025-03-21,235855,18741,1528,477,17835.83,280885,12,5,5481
YT00056,Walkthrough creator video 56: trending ideas,Gaming,Walkthrough,India,Individual,2025-03-29,2025-03-31,587960,38872,1901,708,163290.51,2638660,2,3,13442
YT00057,Comedy creator video 57: trending ideas,Entertainment,Comedy,Canada,Brand,2025-07-15,2025-07-29,478483,26431,3674,1455,112020.53,365008,14,15,12410
YT00058,Walkthrough creator video 58: trending ideas,Gaming,Walkthrough,Australia,Individual,2025-07-29,2025-08-12,434351,32546,3979,2348,66387.85,1082949,14,7,14512
YT00059,Esports creator video 59: trending ideas,Gaming,Esports,Canada,Individual,2025-05-20,2025-05-22,736230,22478,1140,402,55142.97,3315170,2,10,6224
YT00060,Technology creator video 60: trending ideas,Education,Technology,United Kingdom,Brand,2025-07-11,2025-07-17,359650,39885,3215,2995,59321.4,2108965,6,5,12018
YT00061,Esports creator video 61: trending ideas,Gaming,Esports,India,Educational,2025-02-19,2025-03-01,292155,14538,1050,900,78636.76,1512851,10,5,8061
YT00062,Walkthrough creator video 62: trending ideas,Gaming,Walkthrough,Canada,Individual,2025-04-26,2025-05-07,212520,21214,1873,320,43509.32,556930,11,18,6099
YT00063,Science creator video 63: trending ideas,Education,Science,India,Individual,2025-08-23,2025-08-26,718319,42726,2625,846,128165.25,3487615,3,17,14916
YT00064,Walkthrough creator video 64: trending ideas,Gaming,Walkthrough,United Kingdom,Educational,2025-05-01,2025-05-14,254744,22562,2892,665,39839.87,1385557,13,3,6890
YT00065,Walkthrough creator video 65: trending ideas,Gaming,Walkthrough,Canada,Media Company,2025-01-22,2025-01-27,776440,70376,11199,1846,159267.56,3270429,5,11,5973
YT00066,Comedy creator video 66: trending ideas,Entertainment,Comedy,United Kingdom,Educational,2025-07-17,2025-07-27,674127,17585,3012,1051,188257.32,3536636,10,4,15511
YT00067,Walkthrough creator video 67: trending ideas,Gaming,Walkthrough,India,Brand,2025-05-23,2025-05-29,409346,30576,3103,2334,51430.25,863088,6,7,9875
YT00068,Technology creator video 68: trending ideas,Education,Technology,Australia,Educational,2025-01-28,2025-02-01,427965,21885,872,1968,115924.09,1159868,4,8,11067
YT00069,Technology creator video 69: trending ideas,Education,Technology,United Kingdom,Educational,2025-09-23,2025-09-28,381539,19589,2798,506,29583.12,2718974,5,2,2031
YT00070,Technology creator video 70: trending ideas,Education,Technology,India,Media Company,2025-10-12,2025-10-16,459958,46871,6586,3482,24838.65,3267671,4,5,11843
YT00071,Hip Hop creator video 71: trending ideas,Music,Hip Hop,Australia,Individual,2025-08-18,2025-08-31,187926,8727,1248,747,47948.47,1094676,13,2,3161
YT00072,Hip Hop creator video 72: trending ideas,Music,Hip Hop,Australia,Educational,2025-05-27,2025-06-10,451224,17563,2082,340,97058.44,3532929,14,6,10742
YT00073,Hip Hop creator video 73: trending ideas,Music,Hip Hop,United Kingdom,Individual,2025-07-31,2025-08-05,411670,31989,5693,1829,19101.18,2657532,5,4,7439
YT00074,Hip Hop creator video 74: trending ideas,Music,Hip Hop,India,Educational,2025-09-07,2025-09-18,681777,54702,7502,2008,132790.39,2928533,11,8,9326
YT00075,Technology creator video 75: trending ideas,Education,Technology,India,Media Company,2025-07-21,2025-07-24,487712,32057,3915,1408,25308.02,1925271,3,11,11343
YT00076,Pop creator video 76: trending ideas,Music,Pop,Canada,Brand,2025-06-10,2025-06-22,497003,38363,5726,3451,69945.98,1275314,12,11,11764
YT00077,Esports creator video 77: trending ideas,Gaming,Esports,United Kingdom,Brand,2025-03-09,2025-03-17,496354,47068,3681,781,133645.95,1917166,8,2,11738
YT00078,Film & Animation creator video 78: trending ideas,Entertainment,Film & Animation,India,Individual,2025-04-26,2025-04-29,313127,18624,2796,688,59438.94,445128,3,4,10031
YT00079,Walkthrough creator video 79: trending ideas,Gaming,Walkthrough,Canada,Educational,2025-05-17,2025-05-19,291296,28950,991,2125,78981.5,963129,2,6,1072
YT00080,Walkthrough creator video 80: trending ideas,Gaming,Walkthrough,India,Media Company,2025-10-25,2025-11-02,409756,41919,7405,1742,62911.58,18178,8,18,10476
YT00081,Comedy creator video 81: trending ideas,Entertainment,Comedy,United Kingdom,Individual,2025-01-05,2025-01-12,559421,64084,6447,3382,142720.37,3870747,7,14,7836
YT00082,Walkthrough creator video 82: trending ideas,Gaming,Walkthrough,United Kingdom,Educational,2025-02-05,2025-02-18,971187,42720,2088,1593,62826.71,3972078,13,7,14676
YT00083,Hip Hop creator video 83: trending ideas,Music,Hip Hop,India,Media Company,2025-08-30,2025-09-10,442614,40758,3185,2552,45979.12,2909636,11,9,12185
YT00084,Pop creator video 84: trending ideas,Music,Pop,India,Educational,2025-09-04,2025-09-17,474030,54673,7557,2162,89447.22,3375457,13,4,4701
YT00085,Science creator video 85: trending ideas,Education,Science,India,Media Company,2025-10-10,2025-10-20,406802,47144,6102,3261,75824.59,179575,10,18,15591
YT00086,Walkthrough creator video 86: trending ideas,Gaming,Walkthrough,Australia,Media Company,2025-05-31,2025-06-01,400645,10214,572,859,44544.56,2151954,1,12,1627
YT00087,Film & Animation creator video 87: trending ideas,Entertainment,Film & Animation,United Kingdom,Individual,2025-09-25,2025-09-26,628443,28394,2887,640,48491.08,449830,1,15,12246
YT00088,Science creator video 88: trending ideas,Education,Science,India,Educational,2025-04-20,2025-04-30,380186,32191,2856,1795,35793.53,2059577,10,10,5938
YT00089,Film & Animation creator video 89: trending ideas,Entertainment,Film & Animation,Australia,Educational,2025-03-06,2025-03-10,908959,28976,1072,1375,137798.25,2758986,4,12,17643
YT00090,Science creator video 90: trending ideas,Education,Science,India,Media Company,2025-09-13,2025-09-26,382812,22554,3489,1984,104970.5,746860,13,17,14628
YT00091,Esports creator video 91: trending ideas,Gaming,Esports,India,Individual,2025-07-08,2025-07-18,513617,28454,1483,1496,132864.7,3322699,10,17,101
YT00092,Comedy creator video 92: trending ideas,Entertainment,Comedy,United Kingdom,Educational,2025-04-07,2025-04-13,215835,22872,2832,1490,14588.13,605014,6,4,5522
YT00093,Pop creator video 93: trending ideas,Music,Pop,United States,Educational,2025-07-31,2025-08-14,595176,31612,3680,1690,148022.61,1399087,14,11,10733
YT00094,Esports creator video 94: trending ideas,Gaming,Esports,India,Educational,2025-05-28,2025-06-05,221968,10062,1182,796,49098.74,553897,8,13,6082
YT00095,Science creator video 95: trending ideas,Education,Science,Canada,Educational,2025-08-07,2025-08-16,166282,15749,1399,983,46482.9,67491,9,18,288
YT00096,Film & Animation creator video 96: trending ideas,Entertainment,Film & Animation,United Kingdom,Media Company,2025-03-23,2025-04-06,610399,45149,6143,2828,73276.89,3147033,14,3,15220
YT00097,Pop creator video 97: trending ideas,Music,Pop,Canada,Media Company,2025-08-15,2025-08-29,334713,37818,2262,2458,26889.08,1266897,14,10,12665
YT00098,Science creator video 98: trending ideas,Education,Science,India,Individual,2025-07-12,2025-07-17,306381,33604,2459,2060,13258.91,30852,5,10,12988
YT00099,Technology creator video 99: trending ideas,Education,Technology,Australia,Brand,2025-02-12,2025-02-13,294914,28814,1314,1402,61644.36,1100400,1,13,5020
YT00100,Science creator video 100: trending ideas,Education,Science,Canada,Brand,2025-02-04,2025-02-18,249243,20248,2585,1045,22885.23,1295059,14,12,1913
YT00101,Science creator video 101: trending ideas,Education,Science,Australia,Individual,2025-01-09,2025-01-11,579920,56228,3361,2198,96201.72,918752,2,11,16635
YT00102,Technology creator video 102: trending ideas,Education,Technology,United Kingdom,Media Company,2025-04-15,2025-04-19,382942,14071,799,1160,20459.26,1906805,4,7,15721
YT00103,Comedy creator video 103: trending ideas,Entertainment,Comedy,Canada,Brand,2025-10-24,2025-10-31,856668,44470,2175,820,37138.42,3276304,7,5,15133
YT00104,Pop creator video 104: trending ideas,Music,Pop,United Kingdom,Individual,2025-07-02,2025-07-09,1167232,96027,16657,4632,196263.46,2268246,7,11,16558
YT00105,Film & Animation creator video 105: trending ideas,Entertainment,Film & Animation,Australia,Educational,2025-10-22,2025-10-25,906552,68953,6899,1365,118064.64,1955995,3,15,17040
YT00106,Science creator video 106: trending ideas,Education,Science,United States,Brand,2025-08-21,2025-08-30,332887,35053,3738,2533,21371.68,3435195,9,10,7706
YT00107,Film & Animation creator video 107: trending ideas,Entertainment,Film & Animation,Australia,Brand,2025-09-03,2025-09-06,1113068,31242,5620,1725,115236.44,3719440,3,12,14435
YT00108,Technology creator video 108: trending ideas,Education,Technology,Australia,Individual,2025-03-02,2025-03-08,394104,43444,7471,972,62221.04,2081987,6,5,13194
YT00109,Science creator video 109: trending ideas,Education,Science,United States,Individual,2025-06-29,2025-07-13,333753,11313,561,1008,75530.64,3679010,14,5,9439
YT00110,Film & Animation creator video 110: trending ideas,Entertainment,Film & Animation,Australia,Brand,2025-09-08,2025-09-22,575527,21511,1520,668,90590.96,3631433,14,2,9054
YT00111,Pop creator video 111: trending ideas,Music,Pop,United States,Media Company,2025-04-27,2025-04-29,569879,66739,5995,2584,133076.59,838567,2,12,9069
YT00112,Walkthrough creator video 112: trending ideas,Gaming,Walkthrough,India,Media Company,2025-07-29,2025-08-10,350077,30392,1263,2147,90131.96,1226109,12,5,8288
YT00113,Hip Hop creator video 113: trending ideas,Music,Hip Hop,Australia,Educational,2025-09-14,2025-09-20,906431,59274,4915,1568,194414.48,3391791,6,3,14848
YT00114,Pop creator video 114: trending ideas,Music,Pop,Canada,Media Company,2025-10-06,2025-10-11,693691,47014,3443,3374,75702.51,1671056,5,10,6993
YT00115,Technology creator video 115: trending ideas,Education,Technology,India,Individual,2025-05-23,2025-05-27,540438,23853,3982,1518,46136.15,3959363,4,18,16089
YT00116,Film & Animation creator video 116: trending ideas,Entertainment,Film & Animation,Australia,Media Company,2025-10-01,2025-10-12,131312,4480,805,279,7613.21,695479,11,7,110
YT00117,Technology creator video 117: trending ideas,Education,Technology,United States,Individual,2025-02-11,2025-02-14,122674,3993,247,309,33708.0,955276,3,11,1123
YT00118,Comedy creator video 118: trending ideas,Entertainment,Comedy,United Kingdom,Individual,2025-05-07,2025-05-13,200503,12863,1335,1030,53935.15,755712,6,4,4495
YT00119,Science creator video 119: trending ideas,Education,Science,United Kingdom,Educational,2025-08-29,2025-09-02,442456,13645,529,1160,50876.56,2783078,4,18,5902
YT00120,Walkthrough creator video 120: trending ideas,Gaming,Walkthrough,Canada,Media Company,2025-08-28,2025-09-01,307052,33284,3693,799,20474.01,709845,4,7,4964
YT00121,Pop creator video 121: trending ideas,Music,Pop,United Kingdom,Individual,2025-03-13,2025-03-23,893634,88972,4836,5502,89479.49,2702505,10,15,13869
YT00122,Science creator video 122: trending ideas,Education,Science,United States,Individual,2025-02-04,2025-02-16,371352,10846,1319,641,62418.07,808827,12,10,14767
YT00123,Technology creator video 123: trending ideas,Education,Technology,Canada,Individual,2025-10-07,2025-10-09,520718,55234,7312,3180,127491.63,1070986,2,8,16272
YT00124,Science creator video 124: trending ideas,Education,Science,Australia,Brand,2025-06-07,2025-06-09,573903,33834,2283,1539,155499.18,508797,2,16,15793
YT00125,Science creator video 125: trending ideas,Education,Science,Australia,Brand,2025-04-09,2025-04-11,356421,39828,2891,2607,59113.01,2486444,2,4,6670
YT00126,Walkthrough creator video 126: trending ideas,Gaming,Walkthrough,United States,Brand,2025-08-02,2025-08-11,184471,15199,1756,1012,18186.84,348342,9,17,1043
YT00127,Pop creator video 127: trending ideas,Music,Pop,India,Educational,2025-05-10,2025-05-11,888481,42236,6061,2964,185258.4,3188641,1,18,13952
YT00128,Technology creator video 128: trending ideas,Education,Technology,United States,Educational,2025-07-31,2025-08-08,382602,17263,2448,1417,56460.17,572965,8,15,13801
YT00129,Pop creator video 129: trending ideas,Music,Pop,United Kingdom,Individual,2025-03-13,2025-03-19,688984,22349,3455,616,133595.06,2085766,6,5,4166
YT00130,Comedy creator video 130: trending ideas,Entertainment,Comedy,India,Media Company,2025-05-10,2025-05-24,796893,31121,2259,615,51688.9,1724979,14,10,14706
YT00131,Esports creator video 131: trending ideas,Gaming,Esports,India,Brand,2025-02-28,2025-03-05,582230,52007,2135,2501,134776.4,626134,5,9,15894
YT00132,Walkthrough creator video 132: trending ideas,Gaming,Walkthrough,United States,Educational,2025-06-01,2025-06-15,547612,15301,1945,901,44116.46,1469001,14,14,10584
YT00133,Film & Animation creator video 133: trending ideas,Entertainment,Film & Animation,India,Educational,2025-07-04,2025-07-18,188858,21531,2560,1195,49241.25,475710,14,5,2417
YT00134,Science creator video 134: trending ideas,Education,Science,Canada,Educational,2025-07-27,2025-08-10,254423,15437,2255,329,52691.07,3746707,14,6,4738
YT00135,Technology creator video 135: trending ideas,Education,Technology,United States,Individual,2025-05-12,2025-05-20,299358,27377,2991,1592,79158.4,1499951,8,17,6001
YT00136,Science creator video 136: trending ideas,Education,Science,Canada,Individual,2025-06-01,2025-06-02,686633,61056,3066,1184,163163.41,3588159,1,16,573
YT00137,Technology creator video 137: trending ideas,Education,Technology,United Kingdom,Individual,2025-02-04,2025-02-11,103635,12104,414,287,19387.18,26049,7,7,4819
YT00138,Comedy creator video 138: trending ideas,Entertainment,Comedy,United States,Brand,2025-05-13,2025-05-20,980166,82031,13693,5075,171102.08,3546095,7,15,14641
YT00139,Comedy creator video 139: trending ideas,Entertainment,Comedy,India,Media Company,2025-10-24,2025-11-04,497825,28756,2769,2486,28336.72,1468594,11,14,10835
YT00140,Comedy creator video 140: trending ideas,Entertainment,Comedy,United Kingdom,Individual,2025-01-19,2025-01-31,643480,69707,10054,2841,174490.95,2196403,12,11,15197
YT00141,Comedy creator video 141: trending ideas,Entertainment,Comedy,United Kingdom,Individual,2025-09-13,2025-09-18,482278,21523,3195,642,52438.33,1875676,5,10,176
YT00142,Walkthrough creator video 142: trending ideas,Gaming,Walkthrough,Australia,Brand,2025-10-24,2025-10-29,214146,12595,1633,1093,27626.91,677334,5,13,836
YT00143,Walkthrough creator video 143: trending ideas,Gaming,Walkthrough,United Kingdom,Educational,2025-01-25,2025-02-08,406212,30523,4993,1257,26164.87,2321415,14,6,11666
YT00144,Comedy creator video 144: trending ideas,Entertainment,Comedy,United Kingdom,Media Company,2025-03-26,2025-04-09,339930,24803,1564,1615,42067.71,2888747,14,7,10053
YT00145,Film & Animation creator video 145: trending ideas,Entertainment,Film & Animation,United Kingdom,Brand,2025-08-08,2025-08-11,626634,67470,10602,5279,131312.39,2668777,3,2,17088
YT00146,Hip Hop creator video 146: trending ideas,Music,Hip Hop,Australia,Educational,2025-06-04,2025-06-09,684988,76857,3528,1774,80578.55,2216085,5,9,13542
YT00147,Walkthrough creator video 147: trending ideas,Gaming,Walkthrough,United Kingdom,Individual,2025-07-22,2025-07-23,311266,10288,1265,171,22924.43,1700066,1,6,2730
YT00148,Technology creator video 148: trending ideas,Education,Technology,Canada,Media Company,2025-07-08,2025-07-21,308939,9919,1562,469,44578.33,1911558,13,7,12999
YT00149,Pop creator video 149: trending ideas,Music,Pop,Australia,Educational,2025-01-05,2025-01-17,815430,76642,3376,2689,130330.78,1966584,12,16,4806
YT00150,Hip Hop creator video 150: trending ideas,Music,Hip Hop,United Kingdom,Media Company,2025-02-09,2025-02-17,353229,24060,2818,1792,17908.24,1555232,8,2,13638
YT00151,Esports creator video 151: trending ideas,Gaming,Esports,India,Individual,2025-07-04,2025-07-05,1645174,159047,8221,4417,98845.5,3714635,1,4,16319
YT00152,Pop creator video 152: trending ideas,Music,Pop,India,Individual,2025-02-13,2025-02-23,163212,5928,569,411,21180.75,1498574,10,3,3146
YT00153,Comedy creator video 153: trending ideas,Entertainment,Comedy,Canada,Individual,2025-02-16,2025-02-20,292165,29352,2692,1218,55177.64,436306,4,11,4773
YT00154,Science creator video 154: trending ideas,Education,Science,Canada,Brand,2025-09-03,2025-09-09,603643,63888,11154,5690,100217.29,3823126,6,14,2627
YT00155,Science creator video 155: trending ideas,Education,Science,United Kingdom,Brand,2025-10-11,2025-10-14,261212,23635,2795,1948,41795.16,1502152,3,11,936
YT00156,Film & Animation creator video 156: trending ideas,Entertainment,Film & Animation,Australia,Individual,2025-08-30,2025-09-08,746922,64935,10725,1224,149232.39,1490673,9,10,17906
YT00157,Pop creator video 157: trending ideas,Music,Pop,Australia,Brand,2025-07-14,2025-07-23,516874,21079,2289,772,83773.24,2435508,9,7,2902
YT00158,Technology creator video 158: trending ideas,Education,Technology,United Kingdom,Individual,2025-01-01,2025-01-09,400024,21084,3155,1795,72600.01,2158398,8,16,1051
YT00159,Esports creator video 159: trending ideas,Gaming,Esports,United Kingdom,Brand,2025-01-06,2025-01-07,632722,17706,937,1059,53934.3,754444,1,6,17594
YT00160,Comedy creator video 160: trending ideas,Entertainment,Comedy,United States,Individual,2025-05-11,2025-05-23,419660,32243,4112,2344,36753.12,734967,12,5,9532
YT00161,Hip Hop creator video 161: trending ideas,Music,Hip Hop,India,Individual,2025-07-12,2025-07-26,622510,23338,1993,833,61814.91,1905499,14,13,11310
YT00162,Walkthrough creator video 162: trending ideas,Gaming,Walkthrough,Australia,Media Company,2025-04-18,2025-05-01,285037,32810,4670,857,45210.11,1228796,13,15,3145
YT00163,Walkthrough creator video 163: trending ideas,Gaming,Walkthrough,United States,Media Company,2025-03-03,2025-03-04,551943,39894,6245,2513,129015.79,1116461,1,9,4824
YT00164,Pop creator video 164: trending ideas,Music,Pop,United States,Individual,2025-09-29,2025-09-30,650768,75981,8376,1928,131950.86,918339,1,17,8188
YT00165,Comedy creator video 165: trending ideas,Entertainment,Comedy,Australia,Brand,2025-04-13,2025-04-14,703832,77044,8302,1174,111924.39,7937,1,10,15365
YT00166,Pop creator video 166: trending ideas,Music,Pop,Australia,Brand,2025-08-31,2025-09-07,228973,20482,1106,1705,30523.23,737128,7,8,3656
YT00167,Esports creator video 167: trending ideas,Gaming,Esports,Australia,Individual,2025-02-08,2025-02-22,275230,16434,1497,371,14294.77,1594385,14,11,1401
YT00168,Science creator video 168: trending ideas,Education,Science,Canada,Individual,2025-06-16,2025-06-26,484513,45385,3365,1188,54125.89,3855550,10,11,13261
YT00169,Science creator video 169: trending ideas,Education,Science,United Kingdom,Media Company,2025-07-17,2025-07-18,299640,14315,2395,932,49521.97,320818,1,6,9037
YT00170,Esports creator video 170: trending ideas,Gaming,Esports,Australia,Educational,2025-06-05,2025-06-09,1086110,116461,12932,4683,235304.35,3488191,4,15,11994
YT00171,Science creator video 171: trending ideas,Education,Science,Australia,Individual,2025-04-04,2025-04-15,275001,8393,434,746,42211.87,2584048,11,18,8844
YT00172,Science creator video 172: trending ideas,Education,Science,United States,Individual,2025-08-14,2025-08-21,143527,15385,1319,1219,18293.82,548847,7,9,943
YT00173,Comedy creator video 173: trending ideas,Entertainment,Comedy,Australia,Individual,2025-10-03,2025-10-04,1785133,68824,5367,2055,278825.53,3647519,1,13,13228
YT00174,Comedy creator video 174: trending ideas,Entertainment,Comedy,United Kingdom,Brand,2025-03-23,2025-03-25,1062418,116768,8769,4605,276514.13,1790360,2,4,17518
YT00175,Esports creator video 175: trending ideas,Gaming,Esports,Australia,Individual,2025-08-06,2025-08-07,955179,112441,15075,2782,201769.46,835539,1,2,17045
YT00176,Film & Animation creator video 176: trending ideas,Entertainment,Film & Animation,Australia,Media Company,2025-07-31,2025-08-06,383038,36041,2007,2763,23914.25,3820556,6,6,12748
YT00177,Esports creator video 177: trending ideas,Gaming,Esports,India,Media Company,2025-03-23,2025-03-24,572022,51585,3917,4147,48644.3,910747,1,6,7810
YT00178,Esports creator video 178: trending ideas,Gaming,Esports,Canada,Educational,2025-03-27,2025-04-08,459012,47894,4212,1459,59886.54,1549515,12,18,15904
YT00179,Science creator video 179: trending ideas,Education,Science,India,Brand,2025-10-26,2025-11-03,429267,37508,1694,2944,64938.58,1443689,8,17,11230
YT00180,Comedy creator video 180: trending ideas,Entertainment,Comedy,Canada,Individual,2025-06-19,2025-07-03,477909,12224,1355,372,81030.58,1325455,14,16,8687
YT00181,Hip Hop creator video 181: trending ideas,Music,Hip Hop,Australia,Educational,2025-02-24,2025-03-05,862992,59677,7932,2934,35762.64,222390,9,11,16366
YT00182,Hip Hop creator video 182: trending ideas,Music,Hip Hop,United Kingdom,Educational,2025-06-25,2025-06-26,663829,28809,2731,2472,165903.68,2082053,1,4,5369
YT00183,Technology creator video 183: trending ideas,Education,Technology,India,Individual,2025-09-17,2025-09-22,644709,43729,2911,3132,130869.1,3444762,5,12,15215
YT00184,Esports creator video 184: trending ideas,Gaming,Esports,United Kingdom,Media Company,2025-06-02,2025-06-13,340874,38768,5039,2747,71221.74,872651,11,5,10999
YT00185,Pop creator video 185: trending ideas,Music,Pop,Canada,Media Company,2025-09-28,2025-10-09,914062,25735,4456,830,127898.49,3242729,11,13,8018
YT00186,Film & Animation creator video 186: trending ideas,Entertainment,Film & Animation,Australia,Individual,2025-09-10,2025-09-18,441881,42473,5060,2644,28269.94,3682964,8,11,7550
YT00187,Comedy creator video 187: trending ideas,Entertainment,Comedy,Canada,Media Company,2025-10-20,2025-11-03,568830,19117,2407,1627,84136.64,2410485,14,18,14476
YT00188,Science creator video 188: trending ideas,Education,Science,India,Educational,2025-03-23,2025-04-03,345303,35200,1946,2500,15840.4,2654199,11,12,8918
YT00189,Technology creator video 189: trending ideas,Education,Technology,India,Individual,2025-09-14,2025-09-20,348904,12088,1834,1029,86468.51,3427461,6,14,12837
YT00190,Science creator video 190: trending ideas,Education,Science,United Kingdom,Media Company,2025-08-02,2025-08-09,416792,16565,2078,1451,66437.87,3754595,7,4,6267
YT00191,Science creator video 191: trending ideas,Education,Science,Canada,Media Company,2025-08-17,2025-08-30,356773,26197,3925,2070,33101.01,569726,13,17,17420
YT00192,Hip Hop creator video 192: trending ideas,Music,Hip Hop,India,Brand,2025-01-13,2025-01-21,355656,15988,2428,451,74203.73,1093793,8,14,1384
YT00193,Science creator video 193: trending ideas,Education,Science,Australia,Brand,2025-04-05,2025-04-19,344242,13094,974,221,49695.53,1968597,14,6,15129
YT00194,Technology creator video 194: trending ideas,Education,Technology,United States,Individual,2025-02-04,2025-02-14,346171,32334,1132,904,76211.5,362134,10,10,14404
YT00195,Walkthrough creator video 195: trending ideas,Gaming,Walkthrough,Canada,Media Company,2025-04-28,2025-04-29,169130,5550,512,293,46581.43,1258034,1,3,827
YT00196,Science creator video 196: trending ideas,Education,Science,Australia,Media Company,2025-05-21,2025-05-27,309492,15803,1552,901,42510.88,2327678,6,7,3975
YT00197,Esports creator video 197: trending ideas,Gaming,Esports,United States,Educational,2025-10-13,2025-10-18,867485,71516,10310,3279,108803.15,3702813,5,17,3387
YT00198,Pop creator video 198: trending ideas,Music,Pop,Canada,Individual,2025-02-15,2025-02-22,495018,39826,1873,1002,112398.61,3467673,7,17,2137
YT00199,Esports creator video 199: trending ideas,Gaming,Esports,India,Educational,2025-07-21,2025-08-04,324794,26078,3534,924,52387.82,1300582,14,6,8951
YT00200,Film & Animation creator video 200: trending ideas,Entertainment,Film & Animation,Canada,Media Company,2025-02-22,2025-02-26,502442,17963,2076,1459,56326.07,975275,4,3,12112
YT00201,Film & Animation creator video 201: trending ideas,Entertainment,Film & Animation,Canada,Media Company,2025-04-26,2025-04-29,634139,43838,2485,3052,55734.23,1535731,3,11,16344
YT00202,Comedy creator video 202: trending ideas,Entertainment,Comedy,India,Educational,2025-06-18,2025-06-22,399092,45660,7950,3004,111246.11,99606,4,3,13235
YT00203,Esports creator video 203: trending ideas,Gaming,Esports,United Kingdom,Educational,2025-10-13,2025-10-19,719474,59815,5398,1207,142304.7,3572504,6,14,7342
YT00204,Pop creator video 204: trending ideas,Music,Pop,United States,Educational,2025-01-08,2025-01-22,415770,47572,6509,1265,77130.86,1057217,14,5,11765
YT00205,Walkthrough creator video 205: trending ideas,Gaming,Walkthrough,India,Educational,2025-05-09,2025-05-10,842194,89525,14865,4952,105819.62,418204,1,17,10492
YT00206,Hip Hop creator video 206: trending ideas,Music,Hip Hop,United Kingdom,Media Company,2025-04-02,2025-04-06,338598,15784,1306,1391,78595.58,2126851,4,2,4677
YT00207,Technology creator video 207: trending ideas,Education,Technology,United Kingdom,Media Company,2025-05-05,2025-05-15,291092,15250,1315,671,57506.68,1635605,10,16,398
YT00208,Walkthrough creator video 208: trending ideas,Gaming,Walkthrough,United Kingdom,Brand,2025-03-16,2025-03-25,452929,42841,2340,2041,56423.94,3258655,9,12,8412
YT00209,Esports creator video 209: trending ideas,Gaming,Esports,Canada,Brand,2025-04-25,2025-05-09,423416,46464,5453,2715,69767.69,3241751,14,5,12809
YT00210,Pop creator video 210: trending ideas,Music,Pop,United Kingdom,Educational,2025-04-22,2025-04-30,489626,30456,4811,873,59344.23,668891,8,15,7881
YT00211,Hip Hop creator video 211: trending ideas,Music,Hip Hop,India,Educational,2025-09-18,2025-09-27,301073,25027,1670,746,16838.39,1114954,9,2,6330
YT00212,Comedy creator video 212: trending ideas,Entertainment,Comedy,India,Media Company,2025-06-14,2025-06-21,730832,48920,5398,2064,196005.94,698165,7,9,16769
YT00213,Science creator video 213: trending ideas,Education,Science,United Kingdom,Educational,2025-02-02,2025-02-14,387039,15493,1149,1342,89580.8,348449,12,13,13361
YT00214,Science creator video 214: trending ideas,Education,Science,Australia,Brand,2025-04-06,2025-04-09,238921,21355,2895,1161,42984.69,3196741,3,4,2303
YT00215,Hip Hop creator video 215: trending ideas,Music,Hip Hop,India,Media Company,2025-06-20,2025-07-04,486885,29711,1404,527,89874.06,418955,14,6,15422
YT00216,Comedy creator video 216: trending ideas,Entertainment,Comedy,Australia,Educational,2025-04-02,2025-04-13,374977,38461,3060,3152,58737.86,1327290,11,15,7536
YT00217,Film & Animation creator video 217: trending ideas,Entertainment,Film & Animation,United Kingdom,Media Company,2025-05-14,2025-05-25,431178,11047,505,497,64001.73,1579395,11,7,12552
YT00218,Pop creator video 218: trending ideas,Music,Pop,Canada,Educational,2025-05-03,2025-05-13,597605,32778,4351,2918,129589.03,3853496,10,2,4900
YT00219,Pop creator video 219: trending ideas,Music,Pop,United Kingdom,Individual,2025-01-01,2025-01-07,684625,64816,8102,1757,96515.21,876862,6,3,13733
YT00220,Science creator video 220: trending ideas,Education,Science,India,Individual,2025-05-21,2025-05-22,316527,9442,1552,694,69281.93,2838685,1,11,8055
YT00221,Technology creator video 221: trending ideas,Education,Technology,United Kingdom,Brand,2025-10-04,2025-10-18,462943,21471,2976,1677,46068.66,2312877,14,4,10257
YT00222,Science creator video 222: trending ideas,Education,Science,India,Media Company,2025-02-14,2025-02-26,508668,20335,803,1692,110302.61,3447362,12,8,17177
YT00223,Pop creator video 223: trending ideas,Music,Pop,United States,Brand,2025-08-09,2025-08-22,592941,48084,4899,3078,45775.45,2666743,13,8,7286
YT00224,Technology creator video 224: trending ideas,Education,Technology,Canada,Media Company,2025-03-30,2025-04-12,326270,36316,6387,1844,89747.7,2449999,13,2,11701
YT00225,Film & Animation creator video 225: trending ideas,Entertainment,Film & Animation,Canada,Educational,2025-04-17,2025-04-23,456014,51216,6009,4467,37467.64,3264252,6,18,2147
YT00226,Film & Animation creator video 226: trending ideas,Entertainment,Film & Animation,Australia,Brand,2025-08-24,2025-08-28,212342,17449,1684,988,41843.98,2396071,4,3,779
YT00227,Pop creator video 227: trending ideas,Music,Pop,India,Educational,2025-03-19,2025-03-31,339707,33761,4377,2516,42617.27,2954903,12,2,9440
YT00228,Technology creator video 228: trending ideas,Education,Technology,Canada,Brand,2025-06-17,2025-06-20,706730,22984,2872,615,184993.22,1013140,3,18,15243
YT00229,Hip Hop creator video 229: trending ideas,Music,Hip Hop,India,Brand,2025-06-18,2025-07-01,392674,29030,1195,2597,63917.22,923623,13,4,14631
YT00230,Science creator video 230: trending ideas,Education,Science,India,Individual,2025-08-12,2025-08-24,372497,23605,1840,1567,36018.96,486442,12,16,14832
YT00231,Film & Animation creator video 231: trending ideas,Entertainment,Film & Animation,Canada,Media Company,2025-04-18,2025-04-20,969657,29294,4043,1859,189742.94,1500383,2,8,15005
YT00232,Science creator video 232: trending ideas,Education,Science,India,Brand,2025-01-07,2025-01-12,129296,4600,546,187,26372.09,3456902,5,3,309
YT00233,Esports creator video 233: trending ideas,Gaming,Esports,United Kingdom,Individual,2025-09-02,2025-09-14,265470,22642,1065,1516,31808.82,1479828,12,5,7292
YT00234,Comedy creator video 234: trending ideas,Entertainment,Comedy,United Kingdom,Media Company,2025-07-31,2025-08-05,447434,13209,1611,489,99521.27,3237171,5,7,533
YT00235,Film & Animation creator video 235: trending ideas,Entertainment,Film & Animation,United Kingdom,Brand,2025-01-08,2025-01-18,535097,59866,5370,4177,131186.75,1472151,10,2,17654
YT00236,Esports creator video 236: trending ideas,Gaming,Esports,United States,Individual,2025-10-14,2025-10-23,546749,36091,4235,1128,101354.66,111804,9,18,12333
YT00237,Science creator video 237: trending ideas,Education,Science,Canada,Educational,2025-03-05,2025-03-13,224029,21895,3509,673,30706.84,167351,8,13,5926
YT00238,Technology creator video 238: trending ideas,Education,Technology,Canada,Brand,2025-03-31,2025-04-04,139124,14851,740,1315,22135.54,704334,4,10,1727
YT00239,Film & Animation creator video 239: trending ideas,Entertainment,Film & Animation,Australia,Individual,2025-08-31,2025-09-09,717135,40356,2836,1594,181390.44,3617682,9,15,15568
YT00240,Hip Hop creator video 240: trending ideas,Music,Hip Hop,United Kingdom,Educational,2025-02-20,2025-02-27,508648,41133,2815,3701,38266.29,2169941,7,2,5840
YT00241,Hip Hop creator video 241: trending ideas,Music,Hip Hop,India,Media Company,2025-01-25,2025-01-28,870974,57682,7114,1584,220617.05,1677864,3,12,11662
YT00242,Science creator video 242: trending ideas,Education,Science,United States,Media Company,2025-06-29,2025-07-05,672451,33993,4734,2631,129585.78,2463670,6,18,10986
YT00243,Pop creator video 243: trending ideas,Music,Pop,Australia,Individual,2025-04-14,2025-04-25,918737,66929,8893,4710,43692.31,3875325,11,14,15726
YT00244,Esports creator video 244: trending ideas,Gaming,Esports,United Kingdom,Individual,2025-09-03,2025-09-06,340102,40775,3825,1163,59114.73,1684697,3,13,8353
YT00245,Esports creator video 245: trending ideas,Gaming,Esports,United States,Brand,2025-08-12,2025-08-15,541878,35360,3138,2153,131838.36,3515469,3,17,12280
YT00246,Walkthrough creator video 246: trending ideas,Gaming,Walkthrough,India,Educational,2025-01-27,2025-01-30,875117,48277,5909,2657,172942.73,3026026,3,2,10341
YT00247,Technology creator video 247: trending ideas,Education,Technology,Canada,Individual,2025-03-26,2025-04-08,257767,15665,542,764,57698.25,900332,13,6,11409
YT00248,Pop creator video 248: trending ideas,Music,Pop,Australia,Media Company,2025-08-27,2025-08-31,860387,28329,3314,806,40948.08,3617077,4,14,2592
YT00249,Comedy creator video 249: trending ideas,Entertainment,Comedy,India,Educational,2025-10-25,2025-11-05,466393,13761,1452,874,94723.36,1276998,11,7,8638
YT00250,Walkthrough creator video 250: trending ideas,Gaming,Walkthrough,Australia,Brand,2025-09-13,2025-09-25,407799,23127,2821,537,78428.13,45115,12,18,9945
YT00251,Pop creator video 251: trending ideas,Music,Pop,India,Educational,2025-10-24,2025-10-28,521349,40133,4309,2320,132866.34,281768,4,15,12055
YT00252,Science creator video 252: trending ideas,Education,Science,India,Educational,2025-01-09,2025-01-17,229296,23941,4269,490,12279.52,2293006,8,9,2239
YT00253,Walkthrough creator video 253: trending ideas,Gaming,Walkthrough,Australia,Educational,2025-09-23,2025-09-26,727774,59421,4691,2175,90950.36,2423740,3,14,7997
YT00254,Walkthrough creator video 254: trending ideas,Gaming,Walkthrough,India,Individual,2025-07-19,2025-07-22,818460,94162,12645,6120,171195.41,1929792,3,14,12836
YT00255,Science creator video 255: trending ideas,Education,Science,Canada,Media Company,2025-08-07,2025-08-09,545809,55240,1901,4376,137679.66,283236,2,10,17130
YT00256,Comedy creator video 256: trending ideas,Entertainment,Comedy,India,Educational,2025-02-04,2025-02-17,540895,64586,8147,4893,81380.49,2464376,13,13,10497
YT00257,Esports creator video 257: trending ideas,Gaming,Esports,Canada,Individual,2025-08-19,2025-08-29,562610,67176,6336,2131,86126.93,3929921,10,15,12526
YT00258,Pop creator video 258: trending ideas,Music,Pop,Canada,Brand,2025-01-14,2025-01-21,516653,45120,5354,2153,85563.33,1999536,7,7,12923
YT00259,Technology creator video 259: trending ideas,Education,Technology,United Kingdom,Brand,2025-02-16,2025-02-28,437354,48287,5993,3278,115371.81,1935446,12,14,10425
YT00260,Walkthrough creator video 260: trending ideas,Gaming,Walkthrough,United States,Individual,2025-08-03,2025-08-14,367737,19224,1249,891,95298.33,723406,11,4,7705
YT00261,Esports creator video 261: trending ideas,Gaming,Esports,United States,Brand,2025-01-08,2025-01-10,393236,26618,3942,1165,61768.69,1764452,2,14,3423
YT00262,Pop creator video 262: trending ideas,Music,Pop,United Kingdom,Brand,2025-05-09,2025-05-16,345849,40679,2625,1607,34834.24,460110,7,5,9129
YT00263,Pop creator video 263: trending ideas,Music,Pop,United Kingdom,Brand,2025-02-15,2025-02-25,385358,15014,2472,827,91172.34,65528,10,12,5104
YT00264,Film & Animation creator video 264: trending ideas,Entertainment,Film & Animation,United Kingdom,Educational,2025-06-01,2025-06-09,334096,12934,623,1158,42375.91,1102313,8,4,9166
YT00265,Film & Animation creator video 265: trending ideas,Entertainment,Film & Animation,India,Educational,2025-08-21,2025-08-25,473555,21329,3209,670,131108.31,553149,4,14,5479
YT00266,Walkthrough creator video 266: trending ideas,Gaming,Walkthrough,Australia,Brand,2025-01-16,2025-01-29,267796,10793,1038,696,71230.2,596044,13,6,6469
YT00267,Pop creator video 267: trending ideas,Music,Pop,Canada,Media Company,2025-08-29,2025-09-04,885875,78705,11753,4454,140786.47,2502490,6,12,8945
YT00268,Walkthrough creator video 268: trending ideas,Gaming,Walkthrough,Canada,Individual,2025-06-10,2025-06-19,296672,15579,875,347,62238.95,3116822,9,10,5864
YT00269,Film & Animation creator video 269: trending ideas,Entertainment,Film & Animation,India,Brand,2025-01-04,2025-01-10,616724,16824,1717,517,41800.19,3504829,6,9,11547
YT00270,Hip Hop creator video 270: trending ideas,Music,Hip Hop,Canada,Media Company,2025-10-26,2025-10-31,1243048,41461,4569,3515,224528.69,2453686,5,13,17334
YT00271,Esports creator video 271: trending ideas,Gaming,Esports,India,Media Company,2025-04-04,2025-04-17,199472,5676,608,241,15672.44,3895214,13,7,1884
YT00272,Pop creator video 272: trending ideas,Music,Pop,United Kingdom,Media Company,2025-05-16,2025-05-20,762394,31430,2555,1781,190565.07,3963031,4,6,9653
YT00273,Pop creator video 273: trending ideas,Music,Pop,United Kingdom,Media Company,2025-01-05,2025-01-11,615276,40684,5318,1465,56955.48,2662982,6,3,5745
YT00274,Science creator video 274: trending ideas,Education,Science,United States,Brand,2025-07-30,2025-08-09,179923,10870,772,224,37000.85,457326,10,16,459
YT00275,Comedy creator video 275: trending ideas,Entertainment,Comedy,United States,Individual,2025-02-01,2025-02-09,371842,17174,604,931,68329.05,781941,8,13,4073
YT00276,Film & Animation creator video 276: trending ideas,Entertainment,Film & Animation,Canada,Individual,2025-10-13,2025-10-17,361690,11509,1300,894,95060.37,1679604,4,4,6113
YT00277,Comedy creator video 277: trending ideas,Entertainment,Comedy,Australia,Brand,2025-02-04,2025-02-15,656085,73128,9619,3668,144487.2,252436,11,13,17733
YT00278,Technology creator video 278: trending ideas,Education,Technology,India,Brand,2025-03-20,2025-03-30,434882,18117,1621,743,64153.08,2848087,10,16,8789
YT00279,Film & Animation creator video 279: trending ideas,Entertainment,Film & Animation,India,Educational,2025-01-20,2025-02-02,352703,11180,746,951,58032.78,2292437,13,5,8992
YT00280,Science creator video 280: trending ideas,Education,Science,Australia,Brand,2025-04-05,2025-04-18,165013,18737,1510,1413,16894.59,1337325,13,16,4621
YT00281,Walkthrough creator video 281: trending ideas,Gaming,Walkthrough,Canada,Educational,2025-04-08,2025-04-22,776775,82416,4461,6125,171021.4,1926887,14,7,14986
YT00282,Technology creator video 282: trending ideas,Education,Technology,Canada,Media Company,2025-09-19,2025-09-24,439063,28820,3447,2441,62292.4,1618980,5,13,8736
YT00283,Pop creator video 283: trending ideas,Music,Pop,Canada,Educational,2025-10-24,2025-11-06,489073,48074,7365,1942,40994.47,3504989,13,16,5906
YT00284,Hip Hop creator video 284: trending ideas,Music,Hip Hop,United States,Individual,2025-09-27,2025-09-29,1176357,104034,3509,4716,256490.97,2487163,2,16,12218
YT00285,Esports creator video 285: trending ideas,Gaming,Esports,Australia,Individual,2025-02-23,2025-03-07,490267,31814,5145,1908,93397.5,3490433,12,14,9039
YT00286,Film & Animation creator video 286: trending ideas,Entertainment,Film & Animation,United States,Educational,2025-04-12,2025-04-17,515912,34920,4558,980,122471.2,862337,5,18,7785
YT00287,Esports creator video 287: trending ideas,Gaming,Esports,Australia,Educational,2025-10-02,2025-10-14,590282,42172,3876,2365,27582.14,3231521,12,9,35
YT00288,Pop creator video 288: trending ideas,Music,Pop,India,Media Company,2025-08-31,2025-09-14,545703,53612,6362,2605,135338.4,3649208,14,3,3351
YT00289,Comedy creator video 289: trending ideas,Entertainment,Comedy,India,Educational,2025-03-31,2025-04-07,404923,32962,3945,646,57101.43,1343618,7,8,10356
YT00290,Comedy creator video 290: trending ideas,Entertainment,Comedy,United States,Brand,2025-03-27,2025-03-28,777720,80368,10269,6469,123295.36,2786085,1,2,8767
YT00291,Walkthrough creator video 291: trending ideas,Gaming,Walkthrough,Canada,Individual,2025-05-20,2025-06-03,655430,18413,1970,1095,45364.4,1016030,14,18,16606
YT00292,Comedy creator video 292: trending ideas,Entertainment,Comedy,India,Individual,2025-01-21,2025-01-26,445050,38357,6700,2884,96400.45,804037,5,17,2396
YT00293,Comedy creator video 293: trending ideas,Entertainment,Comedy,India,Educational,2025-03-02,2025-03-04,943072,89144,7990,3761,139469.81,1751248,2,13,13650
YT00294,Walkthrough creator video 294: trending ideas,Gaming,Walkthrough,Australia,Brand,2025-05-16,2025-05-26,698385,30864,5407,1725,134939.73,1878375,10,3,14828
YT00295,Science creator video 295: trending ideas,Education,Science,United States,Educational,2025-10-14,2025-10-15,295317,27808,2079,2500,65436.14,733380,1,14,421
YT00296,Film & Animation creator video 296: trending ideas,Entertainment,Film & Animation,Australia,Educational,2025-05-19,2025-05-25,483119,52968,6188,1396,45385.99,3000183,6,4,4219
YT00297,Comedy creator video 297: trending ideas,Entertainment,Comedy,United States,Individual,2025-04-22,2025-05-01,578307,22737,2061,1198,27080.92,3385465,9,16,4792
YT00298,Technology creator video 298: trending ideas,Education,Technology,United States,Media Company,2025-02-10,2025-02-12,511148,32974,4164,1019,138000.81,939475,2,13,12975
YT00299,Technology creator video 299: trending ideas,Education,Technology,Australia,Individual,2025-09-03,2025-09-04,590990,35703,1630,1036,68859.8,3797566,1,12,2551
YT00300,Esports creator video 300: trending ideas,Gaming,Esports,United States,Brand,2025-09-17,2025-09-19,605210,24341,1073,531,146611.98,461530,2,11,10735
YT00301,Pop creator video 301: trending ideas,Music,Pop,United Kingdom,Individual,2025-02-23,2025-03-01,488901,39972,4610,2908,42818.39,2591999,6,5,9300
YT00302,Hip Hop creator video 302: trending ideas,Music,Hip Hop,United States,Media Company,2025-01-24,2025-01-27,1250158,79104,6522,6902,115122.62,2564381,3,2,16394
YT00303,Hip Hop creator video 303: trending ideas,Music,Hip Hop,Canada,Media Company,2025-10-02,2025-10-14,360573,33030,3778,2586,54683.72,2925049,12,10,1892
YT00304,Science creator video 304: trending ideas,Education,Science,United States,Educational,2025-03-17,2025-03-22,395357,13786,478,1163,26471.19,1557281,5,12,7211
YT00305,Technology creator video 305: trending ideas,Education,Technology,Canada,Educational,2025-08-31,2025-09-06,282271,11278,1232,971,69785.01,509064,6,13,15908
YT00306,Pop creator video 306: trending ideas,Music,Pop,Canada,Individual,2025-08-10,2025-08-12,56227,1739,296,109,5052.03,120470,2,3,451
YT00307,Technology creator video 307: trending ideas,Education,Technology,United States,Individual,2025-09-13,2025-09-22,393685,24779,2049,1732,86691.42,1526666,9,3,16233
YT00308,Comedy creator video 308: trending ideas,Entertainment,Comedy,Canada,Brand,2025-03-19,2025-03-27,417505,38722,5943,2519,79624.54,3498688,8,13,5394
YT00309,Hip Hop creator video 309: trending ideas,Music,Hip Hop,United States,Educational,2025-03-31,2025-04-03,1152514,94094,12765,3638,318035.48,3804465,3,9,15660
YT00310,Hip Hop creator video 310: trending ideas,Music,Hip Hop,India,Educational,2025-05-14,2025-05-25,302369,18783,3208,1635,31649.77,1248209,11,3,6075
YT00311,Comedy creator video 311: trending ideas,Entertainment,Comedy,Australia,Brand,2025-01-17,2025-01-28,666578,61366,2729,1264,107519.7,3155015,11,3,10731
YT00312,Science creator video 312: trending ideas,Education,Science,United States,Educational,2025-08-01,2025-08-09,127616,5038,162,141,29725.1,541807,8,2,3306
YT00313,Hip Hop creator video 313: trending ideas,Music,Hip Hop,Australia,Brand,2025-08-09,2025-08-21,760354,81531,8932,5011,171060.27,3753860,12,17,13611
YT00314,Hip Hop creator video 314: trending ideas,Music,Hip Hop,United States,Educational,2025-01-12,2025-01-18,952516,44268,7609,2329,138862.13,3204935,6,10,9480
YT00315,Walkthrough creator video 315: trending ideas,Gaming,Walkthrough,United Kingdom,Media Company,2025-08-01,2025-08-14,764880,83717,9850,4155,135199.26,2596276,13,17,17876
YT00316,Esports creator video 316: trending ideas,Gaming,Esports,Australia,Media Company,2025-06-29,2025-07-01,65316,1907,251,78,15223.79,164186,2,3,284
YT00317,Science creator video 317: trending ideas,Education,Science,United Kingdom,Individual,2025-10-23,2025-11-01,291764,17806,1640,833,42632.42,240134,9,15,10927
YT00318,Pop creator video 318: trending ideas,Music,Pop,United States,Brand,2025-07-16,2025-07-18,728520,49647,1960,3352,118242.85,1347585,2,13,12475
YT00319,Pop creator video 319: trending ideas,Music,Pop,Canada,Educational,2025-06-12,2025-06-24,468055,22189,1642,1777,21054.03,1053091,12,3,11334
YT00320,Hip Hop creator video 320: trending ideas,Music,Hip Hop,Canada,Media Company,2025-01-24,2025-01-26,488100,32650,3572,2111,53023.62,158852,2,15,2338
YT00321,Hip Hop creator video 321: trending ideas,Music,Hip Hop,Australia,Brand,2025-09-21,2025-10-01,344430,33320,5514,1521,25159.42,1177619,10,16,234
YT00322,Esports creator video 322: trending ideas,Gaming,Esports,India,Educational,2025-07-11,2025-07-13,932634,72703,12293,6458,43305.16,1720319,2,16,12486
YT00323,Pop creator video 323: trending ideas,Music,Pop,India,Educational,2025-04-28,2025-05-01,473499,33228,5292,1846,77540.02,2621323,3,2,3544
YT00324,Esports creator video 324: trending ideas,Gaming,Esports,United Kingdom,Individual,2025-09-17,2025-09-22,797923,40377,3846,1799,81362.53,3074350,5,18,16936
YT00325,Film & Animation creator video 325: trending ideas,Entertainment,Film & Animation,Australia,Educational,2025-09-02,2025-09-16,236917,6717,226,131,34149.79,599408,14,4,2521
YT00326,Technology creator video 326: trending ideas,Education,Technology,Australia,Educational,2025-01-14,2025-01-16,160877,17796,1811,681,33132.29,1182180,2,8,840
YT00327,Technology creator video 327: trending ideas,Education,Technology,United Kingdom,Brand,2025-09-01,2025-09-09,489313,17712,2497,1265,56231.2,2203754,8,15,13678
YT00328,Technology creator video 328: trending ideas,Education,Technology,Canada,Individual,2025-07-02,2025-07-11,395291,13309,2138,990,80857.85,2634805,9,8,11867
YT00329,Technology creator video 329: trending ideas,Education,Technology,Australia,Media Company,2025-04-03,2025-04-16,331311,38798,3929,1401,35266.06,2492477,13,13,12752
YT00330,Technology creator video 330: trending ideas,Education,Technology,Canada,Educational,2025-09-28,2025-10-09,243994,9276,1546,385,57497.11,1579392,11,18,10109
YT00331,Pop creator video 331: trending ideas,Music,Pop,United States,Media Company,2025-01-20,2025-01-30,577740,60896,5106,5220,96537.67,623550,10,4,16290
YT00332,Science creator video 332: trending ideas,Education,Science,United Kingdom,Brand,2025-04-15,2025-04-16,286373,24510,1264,628,52463.08,3299899,1,4,1605
YT00333,Hip Hop creator video 333: trending ideas,Music,Hip Hop,United States,Educational,2025-10-05,2025-10-16,428656,37433,4573,1542,67516.62,3971264,11,12,6563
YT00334,Esports creator video 334: trending ideas,Gaming,Esports,Australia,Educational,2025-05-06,2025-05-09,198730,12205,620,421,8420.86,2493222,3,4,1693
YT00335,Technology creator video 335: trending ideas,Education,Technology,Australia,Brand,2025-07-12,2025-07-14,244351,29283,1272,1068,37163.37,1977039,2,6,571
YT00336,Technology creator video 336: trending ideas,Education,Technology,Australia,Educational,2025-07-03,2025-07-05,620875,66138,10272,1820,42425.0,2789328,2,12,9983
YT00337,Technology creator video 337: trending ideas,Education,Technology,Australia,Media Company,2025-05-10,2025-05-19,284036,16987,1608,640,45900.65,2807450,9,7,13140
YT00338,Comedy creator video 338: trending ideas,Entertainment,Comedy,United Kingdom,Media Company,2025-07-26,2025-08-04,186254,8272,699,195,23336.84,1569431,9,7,3481
YT00339,Technology creator video 339: trending ideas,Education,Technology,Canada,Individual,2025-01-07,2025-01-17,425136,29228,1290,1451,24457.41,3369311,10,17,11005
YT00340,Walkthrough creator video 340: trending ideas,Gaming,Walkthrough,Canada,Educational,2025-04-15,2025-04-19,978192,75408,3901,3038,143549.22,3356448,4,7,14498
YT00341,Comedy creator video 341: trending ideas,Entertainment,Comedy,Australia,Brand,2025-01-02,2025-01-09,267215,11263,1547,237,44172.06,83416,7,9,5608
YT00342,Film & Animation creator video 342: trending ideas,Entertainment,Film & Animation,Canada,Media Company,2025-07-08,2025-07-13,701013,47830,3314,2587,99321.59,435587,5,16,16945
YT00343,Science creator video 343: trending ideas,Education,Science,Australia,Individual,2025-01-25,2025-02-02,74142,7727,493,503,12912.0,1599159,8,3,2819
YT00344,Comedy creator video 344: trending ideas,Entertainment,Comedy,Canada,Educational,2025-02-19,2025-02-23,865490,31507,5232,2427,238017.54,3442611,4,6,11526
YT00345,Pop creator video 345: trending ideas,Music,Pop,India,Media Company,2025-05-15,2025-05-22,210317,14490,2338,630,42338.82,1755804,7,10,539
YT00346,Hip Hop creator video 346: trending ideas,Music,Hip Hop,United States,Brand,2025-01-26,2025-02-04,640892,70733,12412,5404,63504.03,922177,9,9,13690
YT00347,Film & Animation creator video 347: trending ideas,Entertainment,Film & Animation,United Kingdom,Media Company,2025-08-09,2025-08-19,358448,40669,3542,3422,73133.97,807947,10,15,3451
YT00348,Esports creator video 348: trending ideas,Gaming,Esports,Australia,Individual,2025-01-26,2025-02-01,551969,33435,2164,823,92756.3,2059555,6,18,9449
YT00349,Film & Animation creator video 349: trending ideas,Entertainment,Film & Animation,Australia,Individual,2025-10-06,2025-10-13,329501,32396,5604,729,22082.5,1502789,7,9,2543
YT00350,Film & Animation creator video 350: trending ideas,Entertainment,Film & Animation,Canada,Individual,2025-10-09,2025-10-10,768771,70130,5023,1352,158383.17,897219,1,16,16699
YT00351,Science creator video 351: trending ideas,Education,Science,United Kingdom,Media Company,2025-04-18,2025-04-20,711764,63008,2837,2674,143213.91,3719684,2,2,680
YT00352,Technology creator video 352: trending ideas,Education,Technology,Australia,Educational,2025-02-15,2025-02-26,141085,15609,1370,1109,37278.16,499403,11,8,2561
YT00353,Film & Animation creator video 353: trending ideas,Entertainment,Film & Animation,India,Media Company,2025-03-12,2025-03-14,187458,21505,2269,1525,19791.76,161635,2,9,1516
YT00354,Pop creator video 354: trending ideas,Music,Pop,Canada,Brand,2025-04-10,2025-04-16,510261,29999,4173,603,78095.52,3814475,6,3,15387
YT00355,Walkthrough creator video 355: trending ideas,Gaming,Walkthrough,United States,Brand,2025-01-05,2025-01-11,687372,69234,12057,3853,86785.58,3957310,6,7,14588
YT00356,Comedy creator video 356: trending ideas,Entertainment,Comedy,Canada,Individual,2025-10-16,2025-10-29,432632,17699,897,1463,60751.13,1166049,13,13,5441
YT00357,Science creator video 357: trending ideas,Education,Science,Canada,Media Company,2025-07-20,2025-07-29,403504,46970,2736,3623,27373.48,3391954,9,10,3604
YT00358,Technology creator video 358: trending ideas,Education,Technology,Canada,Media Company,2025-09-29,2025-10-07,223760,22189,1279,642,32827.37,342559,8,9,6836
YT00359,Hip Hop creator video 359: trending ideas,Music,Hip Hop,United Kingdom,Brand,2025-09-19,2025-10-03,425584,13047,1408,916,92676.91,897397,14,11,3529
YT00360,Science creator video 360: trending ideas,Education,Science,United States,Brand,2025-09-28,2025-10-12,292976,33454,5460,2844,58135.22,1569580,14,8,9845
YT00361,Technology creator video 361: trending ideas,Education,Technology,Australia,Brand,2025-06-28,2025-07-11,434939,12554,1629,628,103245.61,2906237,13,9,6133
YT00362,Comedy creator video 362: trending ideas,Entertainment,Comedy,India,Individual,2025-07-30,2025-08-13,402227,32987,5898,1549,16689.22,1993003,14,14,3608
YT00363,Comedy creator video 363: trending ideas,Entertainment,Comedy,United States,Media Company,2025-06-20,2025-06-29,575159,15547,690,595,48092.44,1669912,9,4,15680
YT00364,Walkthrough creator video 364: trending ideas,Gaming,Walkthrough,Canada,Brand,2025-07-29,2025-08-10,303985,21424,1296,1870,40411.36,621920,12,17,4299
YT00365,Pop creator video 365: trending ideas,Music,Pop,United Kingdom,Brand,2025-10-09,2025-10-10,1274708,143981,10885,4015,58459.03,1881440,1,16,12995
YT00366,Walkthrough creator video 366: trending ideas,Gaming,Walkthrough,Australia,Individual,2025-02-26,2025-03-08,378179,43407,5823,3877,88431.68,1844334,10,11,10117
YT00367,Film & Animation creator video 367: trending ideas,Entertainment,Film & Animation,India,Individual,2025-06-16,2025-06-22,426506,22561,1503,1272,103954.73,1968440,6,9,15748
YT00368,Esports creator video 368: trending ideas,Gaming,Esports,Australia,Media Company,2025-01-26,2025-01-28,639600,67953,6679,1526,48717.18,3461155,2,2,2430
YT00369,Pop creator video 369: trending ideas,Music,Pop,United States,Brand,2025-01-28,2025-01-30,1092123,27869,4459,2295,273529.93,3258762,2,7,6171
YT00370,Walkthrough creator video 370: trending ideas,Gaming,Walkthrough,Canada,Brand,2025-02-12,2025-02-21,369190,41468,3382,651,67725.39,2964291,9,18,4924
YT00371,Film & Animation creator video 371: trending ideas,Entertainment,Film & Animation,Canada,Individual,2025-03-24,2025-03-30,275337,23923,4066,1677,26445.97,165047,6,4,11560
YT00372,Science creator video 372: trending ideas,Education,Science,Canada,Educational,2025-09-14,2025-09-24,294823,33207,997,784,39344.76,455459,10,13,7213
YT00373,Film & Animation creator video 373: trending ideas,Entertainment,Film & Animation,Australia,Educational,2025-07-28,2025-07-30,370768,20795,2083,978,56176.07,2930888,2,6,11740
YT00374,Esports creator video 374: trending ideas,Gaming,Esports,United States,Educational,2025-08-27,2025-09-10,276330,28897,1675,2300,22230.02,1363728,14,15,3611
YT00375,Film & Animation creator video 375: trending ideas,Entertainment,Film & Animation,United Kingdom,Educational,2025-06-21,2025-06-22,621367,21964,2243,809,109551.88,3383106,1,6,1963
YT00376,Pop creator video 376: trending ideas,Music,Pop,Canada,Brand,2025-10-27,2025-11-07,770315,25118,2873,1511,178936.23,2971097,11,12,10920
YT00377,Walkthrough creator video 377: trending ideas,Gaming,Walkthrough,India,Brand,2025-02-09,2025-02-18,245069,22290,3885,1320,66561.79,476877,9,17,7336
YT00378,Walkthrough creator video 378: trending ideas,Gaming,Walkthrough,Australia,Individual,2025-07-09,2025-07-12,817640,77476,10037,4974,165845.19,3258433,3,11,2787
YT00379,Science creator video 379: trending ideas,Education,Science,United Kingdom,Brand,2025-09-12,2025-09-21,230487,26053,1902,1878,63064.57,2626717,9,8,1566
YT00380,Pop creator video 380: trending ideas,Music,Pop,United Kingdom,Individual,2025-10-26,2025-11-04,625397,16953,648,293,134669.45,874591,9,2,17761
YT00381,Hip Hop creator video 381: trending ideas,Music,Hip Hop,Canada,Brand,2025-02-07,2025-02-19,875920,75677,5361,6104,152138.39,2062469,12,11,15235
YT00382,Science creator video 382: trending ideas,Education,Science,United States,Educational,2025-10-27,2025-11-02,97963,5887,211,102,15242.45,3125531,6,3,1372
YT00383,Film & Animation creator video 383: trending ideas,Entertainment,Film & Animation,India,Media Company,2025-06-29,2025-07-07,183577,16200,1263,1173,27349.47,2889501,8,3,3184
YT00384,Science creator video 384: trending ideas,Education,Science,United States,Brand,2025-06-01,2025-06-02,663834,19476,2708,649,143012.04,1593231,1,3,15489
YT00385,Technology creator video 385: trending ideas,Education,Technology,United States,Brand,2025-09-06,2025-09-19,413802,46774,2783,1712,66204.16,2439942,13,16,12857
YT00386,Esports creator video 386: trending ideas,Gaming,Esports,Canada,Educational,2025-10-16,2025-10-18,768185,85299,12289,7153,182604.77,2658928,2,5,10689
YT00387,Pop creator video 387: trending ideas,Music,Pop,Australia,Brand,2025-05-25,2025-06-02,557855,47446,4049,2264,141576.86,1018725,8,4,10290
YT00388,Hip Hop creator video 388: trending ideas,Music,Hip Hop,India,Individual,2025-03-07,2025-03-17,636060,56788,9175,1319,144130.47,582585,10,12,16945
YT00389,Comedy creator video 389: trending ideas,Entertainment,Comedy,United States,Educational,2025-07-22,2025-07-31,321552,14552,1443,291,69070.31,3134317,9,12,4069
YT00390,Technology creator video 390: trending ideas,Education,Technology,India,Brand,2025-06-29,2025-07-02,600165,28394,3608,2125,117953.35,1537857,3,13,15819
YT00391,Pop creator video 391: trending ideas,Music,Pop,Canada,Brand,2025-06-11,2025-06-18,465262,19740,978,1562,54225.25,1500434,7,14,3368
YT00392,Film & Animation creator video 392: trending ideas,Entertainment,Film & Animation,Australia,Brand,2025-06-13,2025-06-17,485802,22309,2638,1070,128662.98,2276655,4,6,11651
YT00393,Science creator video 393: trending ideas,Education,Science,Canada,Individual,2025-07-15,2025-07-24,466656,25157,850,1563,94486.98,2924084,9,7,7858
YT00394,Comedy creator video 394: trending ideas,Entertainment,Comedy,United States,Individual,2025-03-29,2025-04-12,395842,24853,2176,1446,81325.68,2434106,14,9,8233
YT00395,Comedy creator video 395: trending ideas,Entertainment,Comedy,Australia,Brand,2025-08-26,2025-09-05,745731,25732,4215,1169,205613.21,3567075,10,17,6785
YT00396,Esports creator video 396: trending ideas,Gaming,Esports,United Kingdom,Brand,2025-08-11,2025-08-15,267935,12994,1685,317,38452.01,107384,4,6,8347
YT00397,Science creator video 397: trending ideas,Education,Science,United States,Media Company,2025-03-05,2025-03-10,314084,22757,1183,949,74805.8,206564,5,12,10127
YT00398,Film & Animation creator video 398: trending ideas,Entertainment,Film & Animation,United Kingdom,Educational,2025-07-10,2025-07-16,234978,26003,3607,638,10088.43,306967,6,12,2710
YT00399,Walkthrough creator video 399: trending ideas,Gaming,Walkthrough,Australia,Educational,2025-07-03,2025-07-06,188394,13517,1228,349,20075.46,25754,3,7,2064
YT00400,Science creator video 400: trending ideas,Education,Science,United States,Individual,2025-02-06,2025-02-07,814639,36930,3413,3301,165213.93,3251932,1,16,9227
YT00401,Walkthrough creator video 401: trending ideas,Gaming,Walkthrough,Canada,Media Company,2025-07-24,2025-08-05,675619,64667,5930,1508,148076.17,1912632,12,6,14355
YT00402,Science creator video 402: trending ideas,Education,Science,United States,Individual,2025-03-07,2025-03-18,411616,31366,4706,1755,17404.53,2101565,11,2,16592
YT00403,Walkthrough creator video 403: trending ideas,Gaming,Walkthrough,Australia,Brand,2025-07-21,2025-07-23,276099,11293,742,533,24366.99,411226,2,14,1082
YT00404,Hip Hop creator video 404: trending ideas,Music,Hip Hop,Australia,Media Company,2025-05-20,2025-05-30,544486,41683,3225,3152,26237.39,588511,10,16,4088
YT00405,Walkthrough creator video 405: trending ideas,Gaming,Walkthrough,United States,Educational,2025-05-05,2025-05-17,853007,86763,3197,4857,102622.95,2441917,12,9,17835
YT00406,Hip Hop creator video 406: trending ideas,Music,Hip Hop,United States,Educational,2025-09-21,2025-09-28,689728,52910,4891,2565,54597.93,3976097,7,2,17840
YT00407,Technology creator video 407: trending ideas,Education,Technology,United Kingdom,Educational,2025-04-28,2025-05-09,321172,28699,4410,2483,73325.59,1967359,11,5,14416
YT00408,Science creator video 408: trending ideas,Education,Science,India,Educational,2025-01-29,2025-02-09,212371,20224,1987,792,39935.24,2609413,11,6,5028
YT00409,Pop creator video 409: trending ideas,Music,Pop,Australia,Educational,2025-04-04,2025-04-06,1378539,131596,23270,7662,232144.08,2566365,2,13,5304
YT00410,Walkthrough creator video 410: trending ideas,Gaming,Walkthrough,Canada,Educational,2025-04-03,2025-04-08,414565,27659,3930,2008,65535.8,1385802,5,9,9498
YT00411,Technology creator video 411: trending ideas,Education,Technology,India,Educational,2025-03-31,2025-04-11,673267,48758,2013,2674,113813.01,3650687,11,13,17753
YT00412,Hip Hop creator video 412: trending ideas,Music,Hip Hop,Australia,Media Company,2025-01-15,2025-01-17,764856,19957,971,1166,36707.11,1591833,2,13,7741
YT00413,Hip Hop creator video 413: trending ideas,Music,Hip Hop,United States,Educational,2025-07-24,2025-08-05,869077,34186,4538,2813,164472.63,2665597,12,7,9048
YT00414,Technology creator video 414: trending ideas,Education,Technology,United States,Educational,2025-02-06,2025-02-15,651468,58810,9829,2661,178091.29,2809956,9,16,15528
YT00415,Comedy creator video 415: trending ideas,Entertainment,Comedy,Australia,Media Company,2025-04-10,2025-04-14,864390,40377,1885,1341,106317.15,1326924,4,7,16607
YT00416,Science creator video 416: trending ideas,Education,Science,Canada,Media Company,2025-09-03,2025-09-04,247341,6740,516,535,11247.77,336112,1,10,4683
YT00417,Pop creator video 417: trending ideas,Music,Pop,Australia,Media Company,2025-09-09,2025-09-22,309971,15194,1560,668,24001.5,178712,13,13,6025
YT00418,Comedy creator video 418: trending ideas,Entertainment,Comedy,Canada,Brand,2025-03-25,2025-04-08,546929,35302,4071,1945,108874.07,2093999,14,10,4796
YT00419,Esports creator video 419: trending ideas,Gaming,Esports,United Kingdom,Media Company,2025-01-29,2025-02-06,681887,57765,5350,4681,87270.45,78222,8,15,14182
YT00420,Science creator video 420: trending ideas,Education,Science,Canada,Educational,2025-04-05,2025-04-14,180333,12090,1403,1033,48891.7,3045882,9,6,9866
YT00421,Esports creator video 421: trending ideas,Gaming,Esports,India,Educational,2025-10-22,2025-10-24,472720,16738,834,517,124283.54,2738912,2,2,8718
YT00422,Technology creator video 422: trending ideas,Education,Technology,United States,Media Company,2025-02-24,2025-03-07,298814,22213,2342,676,77170.4,1554127,11,4,17306
YT00423,Hip Hop creator video 423: trending ideas,Music,Hip Hop,Australia,Media Company,2025-01-14,2025-01-26,498321,29104,1408,1834,57515.93,3689979,12,11,6953
YT00424,Esports creator video 424: trending ideas,Gaming,Esports,Canada,Individual,2025-03-30,2025-04-06,687456,53650,4775,3477,107651.92,1247531,7,13,17495
YT00425,Technology creator video 425: trending ideas,Education,Technology,United States,Individual,2025-08-16,2025-08-20,284394,11502,1244,221,57481.24,1417541,4,7,11544
YT00426,Technology creator video 426: trending ideas,Education,Technology,United Kingdom,Individual,2025-10-15,2025-10-29,525901,29872,4011,2509,34439.64,1568692,14,2,16431
YT00427,Walkthrough creator video 427: trending ideas,Gaming,Walkthrough,United Kingdom,Educational,2025-10-09,2025-10-13,652296,67648,4613,1205,142571.82,3795731,4,16,13215
YT00428,Hip Hop creator video 428: trending ideas,Music,Hip Hop,Canada,Brand,2025-09-12,2025-09-15,965146,32620,4811,1762,164262.39,3175730,3,16,13173
YT00429,Technology creator video 429: trending ideas,Education,Technology,India,Individual,2025-07-12,2025-07-15,790524,73449,12892,2663,143958.21,3280133,3,18,9354
YT00430,Hip Hop creator video 430: trending ideas,Music,Hip Hop,Australia,Individual,2025-05-16,2025-05-17,985573,85989,12253,7702,178941.51,1333266,1,18,11418
YT00431,Technology creator video 431: trending ideas,Education,Technology,United States,Brand,2025-02-21,2025-03-04,182731,19250,2953,1687,47356.52,1110443,11,5,5624
YT00432,Comedy creator video 432: trending ideas,Entertainment,Comedy,India,Brand,2025-05-29,2025-06-02,966941,109302,8093,5182,95615.01,3245677,4,14,17345
YT00433,Film & Animation creator video 433: trending ideas,Entertainment,Film & Animation,United Kingdom,Educational,2025-06-25,2025-06-28,810906,92268,5046,7902,147834.33,568683,3,8,17206
YT00434,Technology creator video 434: trending ideas,Education,Technology,India,Educational,2025-06-22,2025-06-27,443823,30541,4096,1197,120113.05,2384628,5,18,960
YT00435,Comedy creator video 435: trending ideas,Entertainment,Comedy,United States,Educational,2025-02-03,2025-02-10,382119,31507,1078,2663,98811.04,515569,7,15,5944
YT00436,Esports creator video 436: trending ideas,Gaming,Esports,United States,Educational,2025-10-09,2025-10-12,277777,13556,747,642,68623.9,400420,3,5,3762
YT00437,Hip Hop creator video 437: trending ideas,Music,Hip Hop,United States,Educational,2025-05-04,2025-05-15,190470,17268,724,1265,44437.17,1118463,11,5,1023
YT00438,Hip Hop creator video 438: trending ideas,Music,Hip Hop,United States,Brand,2025-03-23,2025-03-27,638803,68981,6043,1438,82304.17,1568687,4,2,10031
YT00439,Science creator video 439: trending ideas,Education,Science,Australia,Brand,2025-04-28,2025-05-06,321914,37604,1301,3088,74955.95,819430,8,3,17839
YT00440,Esports creator video 440: trending ideas,Gaming,Esports,United Kingdom,Individual,2025-04-07,2025-04-10,878398,100618,6145,8578,175962.14,3611725,3,2,12583
YT00441,Esports creator video 441: trending ideas,Gaming,Esports,United Kingdom,Individual,2025-06-29,2025-07-11,266792,22816,2272,1878,73380.86,279110,12,11,6756
YT00442,Hip Hop creator video 442: trending ideas,Music,Hip Hop,Canada,Individual,2025-02-07,2025-02-11,452844,33197,1934,1982,55681.19,1467983,4,15,5463
YT00443,Esports creator video 443: trending ideas,Gaming,Esports,Australia,Individual,2025-09-29,2025-10-08,323570,24366,2943,523,69246.45,955864,9,11,6463
YT00444,Hip Hop creator video 444: trending ideas,Music,Hip Hop,Australia,Media Company,2025-02-20,2025-02-24,859551,92568,10541,4145,131640.94,992545,4,16,17355
YT00445,Esports creator video 445: trending ideas,Gaming,Esports,United Kingdom,Individual,2025-03-04,2025-03-14,570942,52558,7689,1456,145038.81,2094032,10,18,9261
YT00446,Comedy creator video 446: trending ideas,Entertainment,Comedy,United States,Media Company,2025-02-08,2025-02-16,870455,45387,3724,710,196395.08,3372631,8,17,564
YT00447,Technology creator video 447: trending ideas,Education,Technology,India,Individual,2025-10-04,2025-10-13,228924,12618,1468,275,38904.84,3085995,9,6,7691
YT00448,Hip Hop creator video 448: trending ideas,Music,Hip Hop,Canada,Media Company,2025-09-28,2025-10-12,640143,70305,3356,3813,132027.45,3741873,14,3,5447
YT00449,Comedy creator video 449: trending ideas,Entertainment,Comedy,Canada,Educational,2025-09-20,2025-09-29,523439,38493,6702,2304,53799.36,1775917,9,6,5199
YT00450,Pop creator video 450: trending ideas,Music,Pop,United States,Educational,2025-02-08,2025-02-18,640416,69703,6020,3911,96432.4,3026348,10,10,2573
YT00451,Hip Hop creator video 451: trending ideas,Music,Hip Hop,Australia,Media Company,2025-08-31,2025-09-12,201242,17444,654,327,53512.5,1396872,12,10,70
YT00452,Walkthrough creator video 452: trending ideas,Gaming,Walkthrough,Australia,Brand,2025-04-13,2025-04-27,473092,53462,3728,1409,33785.04,3480270,14,14,7057
YT00453,Comedy creator video 453: trending ideas,Entertainment,Comedy,United Kingdom,Media Company,2025-06-23,2025-07-02,665357,42708,3253,3303,70568.09,2265379,9,15,8200
YT00454,Walkthrough creator video 454: trending ideas,Gaming,Walkthrough,Canada,Brand,2025-04-02,2025-04-08,521553,19961,3289,683,54565.76,2113340,6,5,8569
YT00455,Esports creator video 455: trending ideas,Gaming,Esports,United Kingdom,Educational,2025-06-11,2025-06-15,569816,65691,7649,1635,26283.86,3454155,4,18,3249
YT00456,Comedy creator video 456: trending ideas,Entertainment,Comedy,United States,Brand,2025-09-17,2025-09-23,395411,10149,1407,336,76631.25,1545580,6,12,5843
YT00457,Walkthrough creator video 457: trending ideas,Gaming,Walkthrough,United Kingdom,Media Company,2025-09-17,2025-09-18,588563,60261,6183,1865,143036.77,1922680,1,12,7640
YT00458,Hip Hop creator video 458: trending ideas,Music,Hip Hop,United Kingdom,Brand,2025-06-14,2025-06-28,685722,24269,4281,1194,157644.78,3912702,14,9,3671
YT00459,Hip Hop creator video 459: trending ideas,Music,Hip Hop,Australia,Media Company,2025-08-21,2025-08-22,1334465,61343,6860,3761,270359.67,3210320,1,10,215
YT00460,Esports creator video 460: trending ideas,Gaming,Esports,United States,Media Company,2025-09-07,2025-09-13,214156,7838,445,204,17236.91,179686,6,14,2823
YT00461,Hip Hop creator video 461: trending ideas,Music,Hip Hop,India,Media Company,2025-06-26,2025-06-28,442867,16521,2894,610,37014.55,101688,2,7,8483
YT00462,Science creator video 462: trending ideas,Education,Science,India,Individual,2025-09-08,2025-09-11,716291,40114,3828,1112,65242.27,990350,3,15,17899
YT00463,Hip Hop creator video 463: trending ideas,Music,Hip Hop,Australia,Media Company,2025-07-18,2025-08-01,484705,45305,1493,3042,83005.26,3759964,14,10,7818
YT00464,Pop creator video 464: trending ideas,Music,Pop,United States,Media Company,2025-10-04,2025-10-11,544178,56934,7107,1307,97367.37,3703230,7,7,14084
YT00465,Walkthrough creator video 465: trending ideas,Gaming,Walkthrough,Australia,Brand,2025-10-17,2025-10-19,759570,62105,10003,1253,119985.34,3993966,2,9,9120
YT00466,Esports creator video 466: trending ideas,Gaming,Esports,United States,Educational,2025-02-14,2025-02-23,208056,9170,280,162,18331.64,232874,9,13,2653
YT00467,Science creator video 467: trending ideas,Education,Science,Canada,Brand,2025-07-27,2025-08-09,214906,12635,707,747,58785.97,71937,13,6,7880
YT00468,Pop creator video 468: trending ideas,Music,Pop,United Kingdom,Media Company,2025-04-30,2025-05-11,527713,24395,3702,1731,115976.55,2294712,11,9,3614
YT00469,Esports creator video 469: trending ideas,Gaming,Esports,Canada,Brand,2025-06-09,2025-06-13,912832,56762,5247,2097,63043.32,3618385,4,18,15849
YT00470,Esports creator video 470: trending ideas,Gaming,Esports,Australia,Brand,2025-10-09,2025-10-15,730127,51786,4794,4155,200170.65,2913747,6,13,2852
YT00471,Esports creator video 471: trending ideas,Gaming,Esports,Canada,Educational,2025-07-17,2025-07-29,375643,12938,1408,1006,80118.21,2855669,12,13,3201
YT00472,Film & Animation creator video 472: trending ideas,Entertainment,Film & Animation,United Kingdom,Brand,2025-09-23,2025-09-27,208450,19340,2897,1735,49619.09,1367339,4,4,871
YT00473,Hip Hop creator video 473: trending ideas,Music,Hip Hop,Australia,Media Company,2025-08-27,2025-09-02,351233,27096,3422,1328,31003.46,1030524,6,14,4925
YT00474,Science creator video 474: trending ideas,Education,Science,Australia,Brand,2025-07-28,2025-08-11,474523,40998,2445,2977,69577.95,1828570,14,11,17709
YT00475,Comedy creator video 475: trending ideas,Entertainment,Comedy,United States,Brand,2025-05-21,2025-05-27,544328,30845,2844,2547,86918.32,2152244,6,9,11536
YT00476,Walkthrough creator video 476: trending ideas,Gaming,Walkthrough,United States,Brand,2025-04-13,2025-04-21,622170,61980,5622,4559,33395.91,2272490,8,13,10337
YT00477,Comedy creator video 477: trending ideas,Entertainment,Comedy,India,Individual,2025-09-24,2025-10-06,576002,28604,3130,2281,144678.24,3444801,12,17,12461
YT00478,Hip Hop creator video 478: trending ideas,Music,Hip Hop,Canada,Brand,2025-04-25,2025-05-05,810270,47180,4843,1015,69872.41,1028989,10,4,17784
YT00479,Esports creator video 479: trending ideas,Gaming,Esports,Canada,Individual,2025-02-18,2025-02-24,437244,19701,1804,868,76796.85,1235706,6,3,10333
YT00480,Pop creator video 480: trending ideas,Music,Pop,India,Educational,2025-04-08,2025-04-17,556104,36979,5136,977,36024.48,3542188,9,5,10873
YT00481,Hip Hop creator video 481: trending ideas,Music,Hip Hop,United States,Media Company,2025-05-24,2025-05-29,220870,19919,2244,1791,43734.71,509809,5,7,1175
YT00482,Comedy creator video 482: trending ideas,Entertainment,Comedy,Canada,Media Company,2025-04-08,2025-04-17,290468,8255,813,422,70287.14,1632934,9,17,1123
YT00483,Science creator video 483: trending ideas,Education,Science,Canada,Individual,2025-09-29,2025-10-05,633528,63824,3431,2106,51639.28,2863795,6,3,15990
YT00484,Film & Animation creator video 484: trending ideas,Entertainment,Film & Animation,Australia,Media Company,2025-10-07,2025-10-11,1134172,94272,4787,7557,316578.83,3317967,4,13,17837
YT00485,Comedy creator video 485: trending ideas,Entertainment,Comedy,United States,Educational,2025-01-31,2025-02-06,159975,14830,2151,1204,43765.0,544891,6,10,1399
YT00486,Comedy creator video 486: trending ideas,Entertainment,Comedy,Canada,Individual,2025-03-30,2025-04-02,484138,28440,4312,2298,40790.03,76943,3,17,5502
YT00487,Technology creator video 487: trending ideas,Education,Technology,India,Individual,2025-03-20,2025-03-31,116734,5924,492,489,21919.22,917469,11,12,1780
YT00488,Hip Hop creator video 488: trending ideas,Music,Hip Hop,United States,Media Company,2025-07-25,2025-07-29,313990,16604,2531,873,40470.25,2306797,4,5,1753
YT00489,Walkthrough creator video 489: trending ideas,Gaming,Walkthrough,Canada,Media Company,2025-04-20,2025-04-25,498889,13036,1309,527,63385.88,552100,5,4,10724
YT00490,Pop creator video 490: trending ideas,Music,Pop,United States,Brand,2025-06-13,2025-06-27,611345,63528,5543,5028,122942.86,2116450,14,18,3073
YT00491,Pop creator video 491: trending ideas,Music,Pop,United States,Brand,2025-03-08,2025-03-22,292509,29342,3536,573,53990.68,1616513,14,15,2058
YT00492,Science creator video 492: trending ideas,Education,Science,India,Individual,2025-01-22,2025-02-01,445771,40956,2791,2337,49440.38,198140,10,13,17487
YT00493,Film & Animation creator video 493: trending ideas,Entertainment,Film & Animation,Canada,Individual,2025-04-12,2025-04-15,994942,74160,8582,1506,271094.97,2873838,3,15,6976
YT00494,Walkthrough creator video 494: trending ideas,Gaming,Walkthrough,United Kingdom,Educational,2025-07-08,2025-07-19,322611,13813,2156,1229,25964.46,1642387,11,7,8601
YT00495,Hip Hop creator video 495: trending ideas,Music,Hip Hop,Australia,Educational,2025-05-31,2025-06-14,608486,54944,7364,3093,92367.72,3866034,14,4,289
YT00496,Science creator video 496: trending ideas,Education,Science,India,Individual,2025-03-21,2025-03-30,451330,23271,2524,1192,35300.36,2879445,9,3,13067
YT00497,Film & Animation creator video 497: trending ideas,Entertainment,Film & Animation,United Kingdom,Media Company,2025-04-30,2025-05-10,1195355,37050,2642,2192,301953.59,3752074,10,18,16894
YT00498,Film & Animation creator video 498: trending ideas,Entertainment,Film & Animation,Australia,Brand,2025-05-24,2025-06-06,688904,57858,3201,3984,33429.91,1345313,13,5,16378
YT00499,Film & Animation creator video 499: trending ideas,Entertainment,Film & Animation,United States,Brand,2025-08-25,2025-09-08,397744,32212,3973,2781,44867.76,3456885,14,5,990
YT00500,Esports creator video 500: trending ideas,Gaming,Esports,India,Brand,2025-06-22,2025-06-26,667556,36663,3175,2594,104809.73,1302809,4,16,15790
YT00501,Technology creator video 501: trending ideas,Education,Technology,United Kingdom,Brand,2025-02-10,2025-02-20,311099,27236,2085,793,40898.02,294139,10,9,13696
YT00502,Walkthrough creator video 502: trending ideas,Gaming,Walkthrough,India,Brand,2025-02-12,2025-02-14,613893,64155,2767,4070,166763.61,195224,2,15,12104
YT00503,Comedy creator video 503: trending ideas,Entertainment,Comedy,United States,Individual,2025-03-16,2025-03-21,807442,71687,6910,3589,49571.4,3695041,5,6,15930
YT00504,Walkthrough creator video 504: trending ideas,Gaming,Walkthrough,Canada,Educational,2025-09-27,2025-10-01,594677,24082,2027,770,128202.27,489794,4,13,11609
YT00505,Film & Animation creator video 505: trending ideas,Entertainment,Film & Animation,Australia,Educational,2025-09-12,2025-09-17,747111,66019,9151,5252,126398.03,3623651,5,2,13707
YT00506,Technology creator video 506: trending ideas,Education,Technology,United Kingdom,Individual,2025-08-21,2025-08-30,401326,20802,3019,606,34532.95,1240940,9,8,15245
YT00507,Hip Hop creator video 507: trending ideas,Music,Hip Hop,United States,Media Company,2025-10-21,2025-11-01,1302621,139163,19802,5717,185611.47,1892756,11,16,17986
YT00508,Hip Hop creator video 508: trending ideas,Music,Hip Hop,India,Individual,2025-03-24,2025-04-06,542643,51250,5806,2948,91010.82,2371188,13,16,4810
YT00509,Pop creator video 509: trending ideas,Music,Pop,United States,Media Company,2025-03-07,2025-03-19,706475,41997,1278,1229,126632.52,1658886,12,15,14013
YT00510,Hip Hop creator video 510: trending ideas,Music,Hip Hop,United Kingdom,Educational,2025-02-28,2025-03-03,109880,11611,761,768,25294.11,59081,3,6,893
YT00511,Comedy creator video 511: trending ideas,Entertainment,Comedy,India,Brand,2025-09-04,2025-09-18,223512,12163,474,922,57062.65,1438671,14,12,6658
YT00512,Technology creator video 512: trending ideas,Education,Technology,United Kingdom,Brand,2025-07-13,2025-07-16,476958,28557,1468,2435,105304.16,429072,3,14,14458
YT00513,Walkthrough creator video 513: trending ideas,Gaming,Walkthrough,Australia,Media Company,2025-04-27,2025-05-02,733335,48902,2298,3194,73398.1,983391,5,9,17178
YT00514,Hip Hop creator video 514: trending ideas,Music,Hip Hop,Australia,Media Company,2025-01-29,2025-02-07,344713,22730,1885,1841,76106.7,3591898,9,13,3509
YT00515,Science creator video 515: trending ideas,Education,Science,United States,Educational,2025-07-07,2025-07-19,504683,21459,2891,1663,30030.1,2164513,12,3,14738
YT00516,Technology creator video 516: trending ideas,Education,Technology,United Kingdom,Media Company,2025-03-18,2025-03-21,652129,53188,5422,1934,95280.47,3339505,3,7,14971
YT00517,Film & Animation creator video 517: trending ideas,Entertainment,Film & Animation,Australia,Educational,2025-04-05,2025-04-09,511762,17543,1194,1572,124045.65,2778402,4,10,11375
YT00518,Pop creator video 518: trending ideas,Music,Pop,United Kingdom,Media Company,2025-01-09,2025-01-16,484593,20545,2740,1285,112641.95,41081,7,15,13088
YT00519,Science creator video 519: trending ideas,Education,Science,United Kingdom,Individual,2025-08-24,2025-09-04,251308,8009,1261,434,65941.53,2659558,11,12,10098
YT00520,Science creator video 520: trending ideas,Education,Science,United States,Brand,2025-02-12,2025-02-13,760974,45132,1532,1300,90349.48,1825549,1,18,10067
YT00521,Hip Hop creator video 521: trending ideas,Music,Hip Hop,Canada,Individual,2025-08-14,2025-08-15,641414,23067,2084,653,174716.35,1529728,1,9,5077
YT00522,Esports creator video 522: trending ideas,Gaming,Esports,Canada,Educational,2025-04-18,2025-05-01,155426,17406,1183,473,42911.56,234211,13,9,1998
YT00523,Comedy creator video 523: trending ideas,Entertainment,Comedy,United Kingdom,Media Company,2025-09-09,2025-09-19,860702,22482,943,1093,209445.8,3689852,10,6,2069
YT00524,Pop creator video 524: trending ideas,Music,Pop,United States,Brand,2025-07-24,2025-08-04,491572,50615,4808,3481,58845.05,1968226,11,12,1665
YT00525,Science creator video 525: trending ideas,Education,Science,India,Media Company,2025-09-02,2025-09-07,236209,16817,1078,837,20261.02,3511628,5,15,6600
YT00526,Pop creator video 526: trending ideas,Music,Pop,United States,Media Company,2025-02-17,2025-02-25,651139,32332,1549,1367,63547.33,3382814,8,16,116
YT00527,Film & Animation creator video 527: trending ideas,Entertainment,Film & Animation,United Kingdom,Individual,2025-07-02,2025-07-03,540272,41176,7355,1550,75347.0,1861941,1,18,1743
YT00528,Pop creator video 528: trending ideas,Music,Pop,United States,Individual,2025-08-29,2025-09-06,487314,13683,1050,469,44676.93,1001771,8,16,5297
YT00529,Esports creator video 529: trending ideas,Gaming,Esports,India,Media Company,2025-10-02,2025-10-15,601181,20438,3212,1710,112512.0,1306400,13,9,16763
YT00530,Technology creator video 530: trending ideas,Education,Technology,United States,Educational,2025-08-28,2025-09-04,305419,20162,1361,781,68167.68,1669946,7,9,14081
YT00531,Technology creator video 531: trending ideas,Education,Technology,Canada,Media Company,2025-06-12,2025-06-13,392307,38047,4575,1898,73921.02,2728495,1,14,1850
YT00532,Esports creator video 532: trending ideas,Gaming,Esports,Canada,Educational,2025-05-22,2025-06-04,179969,17416,2600,1508,12631.92,96291,13,9,3063
YT00533,Pop creator video 533: trending ideas,Music,Pop,United Kingdom,Brand,2025-08-01,2025-08-07,964062,35474,3607,1925,161344.37,2306580,6,4,14053
YT00534,Technology creator video 534: trending ideas,Education,Technology,United Kingdom,Media Company,2025-01-25,2025-02-04,444637,34938,5721,1236,61723.68,2709301,10,18,11588
YT00535,Technology creator video 535: trending ideas,Education,Technology,United Kingdom,Media Company,2025-06-21,2025-07-02,270249,14329,701,281,11452.28,2537556,11,4,5141
YT00536,Technology creator video 536: trending ideas,Education,Technology,United States,Brand,2025-03-02,2025-03-09,152070,4892,504,171,33170.07,2572059,7,9,1294
YT00537,Walkthrough creator video 537: trending ideas,Gaming,Walkthrough,India,Brand,2025-07-14,2025-07-23,807039,76557,2862,3164,219302.01,3483652,9,12,10264
YT00538,Esports creator video 538: trending ideas,Gaming,Esports,Canada,Media Company,2025-08-15,2025-08-22,611158,16234,2785,1253,73142.02,3614509,7,5,9300
YT00539,Science creator video 539: trending ideas,Education,Science,United States,Educational,2025-07-06,2025-07-11,572914,22291,3612,1115,105583.4,2497392,5,6,9771
YT00540,Technology creator video 540: trending ideas,Education,Technology,United Kingdom,Media Company,2025-05-15,2025-05-21,432625,21209,3538,641,62658.23,3214125,6,17,5389
YT00541,Technology creator video 541: trending ideas,Education,Technology,India,Brand,2025-10-09,2025-10-10,738135,67348,4952,4241,167056.99,3489709,1,7,9506
YT00542,Pop creator video 542: trending ideas,Music,Pop,United States,Educational,2025-01-18,2025-01-25,715092,75021,9476,2715,146463.48,3790691,7,12,2703
YT00543,Esports creator video 543: trending ideas,Gaming,Esports,United Kingdom,Educational,2025-07-29,2025-08-05,727948,36452,4684,1540,188507.41,3096295,7,14,12881
YT00544,Walkthrough creator video 544: trending ideas,Gaming,Walkthrough,India,Media Company,2025-08-30,2025-09-02,883613,98455,7760,5198,90699.17,3952535,3,9,9637
YT00545,Science creator video 545: trending ideas,Education,Science,United Kingdom,Educational,2025-02-05,2025-02-06,474648,24401,2360,711,41255.61,3238002,1,7,12243
YT00546,Film & Animation creator video 546: trending ideas,Entertainment,Film & Animation,Australia,Brand,2025-04-14,2025-04-22,494729,25790,2247,1341,82854.19,152755,8,15,12125
YT00547,Esports creator video 547: trending ideas,Gaming,Esports,Canada,Educational,2025-03-03,2025-03-06,394207,19938,1721,696,97980.38,1576955,3,10,19
YT00548,Walkthrough creator video 548: trending ideas,Gaming,Walkthrough,Australia,Educational,2025-08-07,2025-08-10,327288,15574,524,1098,78714.72,546813,3,3,7500
YT00549,Pop creator video 549: trending ideas,Music,Pop,United Kingdom,Educational,2025-01-19,2025-02-01,559455,22404,1556,1511,74498.45,2974431,13,2,11175
YT00550,Hip Hop creator video 550: trending ideas,Music,Hip Hop,United States,Brand,2025-10-23,2025-11-03,507267,34036,1732,1439,52396.45,1699236,11,3,7440
YT00551,Esports creator video 551: trending ideas,Gaming,Esports,Canada,Educational,2025-03-26,2025-03-31,834307,60491,2175,4807,189126.39,3175231,5,3,9811
YT00552,Esports creator video 552: trending ideas,Gaming,Esports,Canada,Individual,2025-07-05,2025-07-18,437852,39477,7085,1972,115363.9,3838693,13,7,5364
YT00553,Walkthrough creator video 553: trending ideas,Gaming,Walkthrough,United States,Media Company,2025-02-21,2025-02-25,483719,19203,957,798,107842.2,1051783,4,11,10698
YT00554,Science creator video 554: trending ideas,Education,Science,United Kingdom,Brand,2025-03-28,2025-04-07,392337,28268,4092,2465,100437.01,655794,10,11,15649
YT00555,Walkthrough creator video 555: trending ideas,Gaming,Walkthrough,Australia,Brand,2025-04-29,2025-05-02,486625,25106,3722,1964,99476.13,3202543,3,4,170
YT00556,Esports creator video 556: trending ideas,Gaming,Esports,United States,Individual,2025-09-09,2025-09-14,1029514,31506,2129,1047,72155.99,2511391,5,16,14622
YT00557,Walkthrough creator video 557: trending ideas,Gaming,Walkthrough,Australia,Media Company,2025-04-08,2025-04-22,497788,34309,2635,2658,82065.22,3017975,14,3,6257
YT00558,Film & Animation creator video 558: trending ideas,Entertainment,Film & Animation,India,Individual,2025-01-18,2025-01-19,757993,57496,5035,1034,76129.22,3640421,1,9,9311
YT00559,Esports creator video 559: trending ideas,Gaming,Esports,Australia,Educational,2025-03-14,2025-03-25,530390,17311,546,567,32419.88,2521527,11,10,15964
YT00560,Comedy creator video 560: trending ideas,Entertainment,Comedy,Canada,Individual,2025-06-20,2025-06-26,453867,34783,1874,678,80787.87,2215930,6,17,4509
YT00561,Walkthrough creator video 561: trending ideas,Gaming,Walkthrough,United Kingdom,Educational,2025-05-30,2025-06-01,216712,19311,1079,1350,30070.15,2487536,2,4,1298
YT00562,Technology creator video 562: trending ideas,Education,Technology,United Kingdom,Brand,2025-06-05,2025-06-14,408219,29890,3443,1664,99660.63,1341605,9,16,15201
YT00563,Pop creator video 563: trending ideas,Music,Pop,Australia,Brand,2025-05-31,2025-06-10,309453,17328,823,1432,46818.45,660339,10,7,8338
YT00564,Walkthrough creator video 564: trending ideas,Gaming,Walkthrough,Canada,Brand,2025-06-21,2025-06-22,365525,41091,3788,3343,48771.2,169133,1,15,4039
YT00565,Film & Animation creator video 565: trending ideas,Entertainment,Film & Animation,United Kingdom,Individual,2025-04-14,2025-04-18,774281,55400,1883,3075,177694.51,1734376,4,18,10241
YT00566,Science creator video 566: trending ideas,Education,Science,United States,Brand,2025-07-25,2025-07-28,639143,65686,8592,2395,114756.75,2046856,3,10,13496
YT00567,Pop creator video 567: trending ideas,Music,Pop,United Kingdom,Individual,2025-07-18,2025-07-29,335825,10573,1297,313,20031.01,896566,11,5,9212
YT00568,Science creator video 568: trending ideas,Education,Science,Canada,Individual,2025-05-24,2025-06-02,473375,28971,3743,1031,25693.59,1560142,9,14,15198
YT00569,Science creator video 569: trending ideas,Education,Science,Canada,Educational,2025-05-07,2025-05-17,303572,24881,1659,2128,14527.06,1102655,10,11,13575
YT00570,Science creator video 570: trending ideas,Education,Science,United States,Brand,2025-03-14,2025-03-22,443688,32754,1137,2838,68226.67,2290827,8,6,9849
YT00571,Science creator video 571: trending ideas,Education,Science,Canada,Brand,2025-06-20,2025-06-25,446501,39715,2700,2558,111547.53,103718,5,11,16428
YT00572,Hip Hop creator video 572: trending ideas,Music,Hip Hop,India,Media Company,2025-07-21,2025-08-03,622659,59945,5153,1811,126474.99,293792,13,18,10611
YT00573,Comedy creator video 573: trending ideas,Entertainment,Comedy,Canada,Media Company,2025-07-10,2025-07-19,877073,63824,11467,4403,84145.3,3211849,9,17,8799
YT00574,Film & Animation creator video 574: trending ideas,Entertainment,Film & Animation,Canada,Media Company,2025-05-01,2025-05-08,937047,70432,5547,5447,137162.88,3598115,7,3,11986
YT00575,Science creator video 575: trending ideas,Education,Science,United States,Educational,2025-03-13,2025-03-27,208143,7995,328,549,39259.19,2134647,14,14,1435
YT00576,Comedy creator video 576: trending ideas,Entertainment,Comedy,Canada,Individual,2025-10-25,2025-11-07,497339,41356,4370,978,32668.21,2773111,13,6,3212
YT00577,Technology creator video 577: trending ideas,Education,Technology,United States,Individual,2025-10-07,2025-10-18,389957,23487,2827,1539,84850.02,2960289,11,12,4699
YT00578,Comedy creator video 578: trending ideas,Entertainment,Comedy,United States,Educational,2025-03-11,2025-03-13,818232,63218,5208,2415,162469.21,2565359,2,14,13306
YT00579,Film & Animation creator video 579: trending ideas,Entertainment,Film & Animation,United States,Individual,2025-07-06,2025-07-08,461376,12717,790,611,124553.48,3163955,2,17,8105
YT00580,Science creator video 580: trending ideas,Education,Science,Australia,Educational,2025-07-02,2025-07-13,182656,5575,835,136,45582.46,13415,11,14,7864
YT00581,Walkthrough creator video 581: trending ideas,Gaming,Walkthrough,United States,Brand,2025-04-20,2025-04-30,460663,28758,3185,1164,32423.65,757943,10,4,12060
YT00582,Film & Animation creator video 582: trending ideas,Entertainment,Film & Animation,Australia,Individual,2025-10-27,2025-10-30,564185,25573,3288,1030,111943.45,3077991,3,6,12819
YT00583,Technology creator video 583: trending ideas,Education,Technology,United Kingdom,Educational,2025-10-04,2025-10-11,481777,42073,6994,2196,57847.84,166571,7,18,16575
YT00584,Pop creator video 584: trending ideas,Music,Pop,India,Educational,2025-01-03,2025-01-07,451198,17755,2774,414,108672.6,3733792,4,10,6210
YT00585,Walkthrough creator video 585: trending ideas,Gaming,Walkthrough,United States,Brand,2025-04-30,2025-05-12,760484,47892,6190,1881,179647.01,1801959,12,11,8219
YT00586,Comedy creator video 586: trending ideas,Entertainment,Comedy,United Kingdom,Individual,2025-08-27,2025-09-07,291293,21885,915,1176,26447.75,2213459,11,14,12845
YT00587,Walkthrough creator video 587: trending ideas,Gaming,Walkthrough,United Kingdom,Brand,2025-08-08,2025-08-17,495379,25734,2835,1942,70832.97,1111155,9,12,6886
YT00588,Pop creator video 588: trending ideas,Music,Pop,United States,Educational,2025-08-25,2025-08-28,1001355,44270,2846,3983,45448.16,2270180,3,5,12265
YT00589,Pop creator video 589: trending ideas,Music,Pop,Australia,Educational,2025-01-21,2025-01-24,389769,46670,6046,3774,64963.58,625516,3,4,7801
YT00590,Technology creator video 590: trending ideas,Education,Technology,Australia,Educational,2025-07-16,2025-07-27,226704,22454,4006,1251,14967.19,1689801,11,12,2858
YT00591,Pop creator video 591: trending ideas,Music,Pop,United Kingdom,Individual,2025-01-23,2025-01-27,683828,21363,2613,1045,172292.14,1835509,4,2,10179
YT00592,Science creator video 592: trending ideas,Education,Science,United Kingdom,Brand,2025-01-20,2025-01-31,635858,21331,3207,1488,57630.91,2682747,11,10,16883
YT00593,Science creator video 593: trending ideas,Education,Science,Canada,Individual,2025-07-30,2025-08-06,372882,36815,6536,2212,100611.96,3838096,7,9,6264
YT00594,Film & Animation creator video 594: trending ideas,Entertainment,Film & Animation,United States,Individual,2025-08-17,2025-08-22,793228,54004,2990,1501,209686.81,1355710,5,17,11543
YT00595,Technology creator video 595: trending ideas,Education,Technology,Australia,Individual,2025-01-07,2025-01-15,346164,20213,932,440,63253.39,3476832,8,12,4986
YT00596,Technology creator video 596: trending ideas,Education,Technology,Canada,Media Company,2025-01-07,2025-01-18,538367,32244,5617,2387,98468.57,2786723,11,17,9644
YT00597,Esports creator video 597: trending ideas,Gaming,Esports,Canada,Individual,2025-02-01,2025-02-13,308636,25431,4052,745,71976.32,457580,12,12,7178
YT00598,Science creator video 598: trending ideas,Education,Science,India,Educational,2025-05-06,2025-05-20,169099,13881,2043,434,27562.73,978132,14,5,2929
YT00599,Science creator video 599: trending ideas,Education,Science,Canada,Individual,2025-08-07,2025-08-08,742460,33750,2518,3004,185261.9,2578626,1,10,15015
YT00600,Film & Animation creator video 600: trending ideas,Entertainment,Film & Animation,United States,Individual,2025-03-03,2025-03-16,524890,31761,4432,2757,107555.0,2384410,13,3,13869
YT00601,Comedy creator video 601: trending ideas,Entertainment,Comedy,United States,Educational,2025-03-02,2025-03-10,413040,19875,2934,335,32506.38,3430581,8,12,4596
YT00602,Technology creator video 602: trending ideas,Education,Technology,United Kingdom,Brand,2025-02-26,2025-02-28,504670,56459,2810,3319,53190.87,1234992,2,9,15977
YT00603,Walkthrough creator video 603: trending ideas,Gaming,Walkthrough,United States,Educational,2025-01-06,2025-01-14,622097,46998,7436,757,160094.73,1188463,8,13,10416
YT00604,Esports creator video 604: trending ideas,Gaming,Esports,United States,Individual,2025-05-03,2025-05-11,411360,31817,5332,2827,54530.39,402831,8,5,12257
YT00605,Hip Hop creator video 605: trending ideas,Music,Hip Hop,United Kingdom,Individual,2025-01-12,2025-01-17,248125,27586,2248,2447,68087.9,559708,5,3,6298
YT00606,Technology creator video 606: trending ideas,Education,Technology,India,Individual,2025-06-07,2025-06-16,205468,11402,1055,785,40835.0,2707913,9,10,10747
YT00607,Science creator video 607: trending ideas,Education,Science,India,Media Company,2025-03-10,2025-03-22,202942,23621,2684,1165,54322.12,738963,12,7,6638
YT00608,Film & Animation creator video 608: trending ideas,Entertainment,Film & Animation,United States,Brand,2025-07-06,2025-07-19,336008,29582,2785,968,46179.69,3975167,13,18,440
YT00609,Film & Animation creator video 609: trending ideas,Entertainment,Film & Animation,United States,Educational,2025-04-13,2025-04-14,531811,13660,1099,1176,53286.26,2614546,1,6,4745
YT00610,Comedy creator video 610: trending ideas,Entertainment,Comedy,India,Educational,2025-07-15,2025-07-16,353278,28250,4360,1225,57386.76,1990476,1,4,8082
YT00611,Esports creator video 611: trending ideas,Gaming,Esports,United States,Media Company,2025-08-02,2025-08-08,786019,44272,6561,2259,175642.48,3647478,6,12,11025
YT00612,Pop creator video 612: trending ideas,Music,Pop,United Kingdom,Individual,2025-07-02,2025-07-12,175914,9391,763,235,48169.65,2627373,10,10,2908
YT00613,Hip Hop creator video 613: trending ideas,Music,Hip Hop,India,Media Company,2025-01-05,2025-01-07,676414,63179,7054,3688,70139.21,1784840,2,5,11576
YT00614,Pop creator video 614: trending ideas,Music,Pop,United States,Educational,2025-04-04,2025-04-06,1119172,29042,3497,2102,291294.1,2398008,2,7,17566
YT00615,Film & Animation creator video 615: trending ideas,Entertainment,Film & Animation,Australia,Media Company,2025-08-11,2025-08-19,508475,55117,4228,1053,81264.84,606208,8,11,7798
YT00616,Comedy creator video 616: trending ideas,Entertainment,Comedy,Canada,Brand,2025-10-11,2025-10-18,267128,19667,732,480,42538.76,850837,7,16,1251
YT00617,Film & Animation creator video 617: trending ideas,Entertainment,Film & Animation,Canada,Brand,2025-07-07,2025-07-10,522353,35437,4218,941,22543.13,24563,3,14,10781
YT00618,Esports creator video 618: trending ideas,Gaming,Esports,United States,Brand,2025-08-16,2025-08-28,484748,47537,2747,4198,132821.76,2816617,12,11,3705
YT00619,Comedy creator video 619: trending ideas,Entertainment,Comedy,United Kingdom,Media Company,2025-09-20,2025-09-29,357989,38452,2609,1994,55406.17,155060,9,2,11702
YT00620,Esports creator video 620: trending ideas,Gaming,Esports,United Kingdom,Brand,2025-05-01,2025-05-02,563079,66253,4347,5768,73914.41,205806,1,5,14899
YT00621,Hip Hop creator video 621: trending ideas,Music,Hip Hop,Australia,Educational,2025-06-12,2025-06-23,470477,13877,2180,409,63042.68,1385883,11,18,3993
YT00622,Comedy creator video 622: trending ideas,Entertainment,Comedy,Australia,Media Company,2025-03-16,2025-03-23,334472,27152,4414,973,18589.28,707740,7,7,6234
YT00623,Science creator video 623: trending ideas,Education,Science,Australia,Media Company,2025-07-30,2025-08-09,741357,37854,6703,1502,44334.11,3466786,10,18,14320
YT00624,Esports creator video 624: trending ideas,Gaming,Esports,United States,Educational,2025-04-24,2025-04-28,458243,47388,4038,3495,102122.3,517804,4,5,14629
YT00625,Esports creator video 625: trending ideas,Gaming,Esports,India,Brand,2025-10-13,2025-10-22,520284,49662,7108,1559,94418.65,3194195,9,4,1942
YT00626,Esports creator video 626: trending ideas,Gaming,Esports,Canada,Media Company,2025-09-17,2025-09-21,489202,39737,3113,3286,46950.4,1383424,4,9,12751
YT00627,Pop creator video 627: trending ideas,Music,Pop,Australia,Educational,2025-10-24,2025-10-31,417508,13636,1310,257,107286.77,1809587,7,13,6100
YT00628,Technology creator video 628: trending ideas,Education,Technology,Australia,Media Company,2025-01-30,2025-02-06,259515,8488,580,630,38736.4,1839732,7,6,462
YT00629,Walkthrough creator video 629: trending ideas,Gaming,Walkthrough,Australia,Educational,2025-04-12,2025-04-26,348677,15030,625,708,49112.75,1540574,14,15,8273
YT00630,Science creator video 630: trending ideas,Education,Science,United Kingdom,Brand,2025-07-02,2025-07-10,192844,14443,2096,384,46657.86,429886,8,10,2825
YT00631,Film & Animation creator video 631: trending ideas,Entertainment,Film & Animation,United States,Media Company,2025-01-11,2025-01-23,494337,43104,6819,2848,21901.83,2203080,12,13,3621
YT00632,Walkthrough creator video 632: trending ideas,Gaming,Walkthrough,Australia,Brand,2025-04-01,2025-04-12,364449,13668,900,649,89937.3,1250642,11,6,10558
YT00633,Hip Hop creator video 633: trending ideas,Music,Hip Hop,Australia,Brand,2025-05-17,2025-05-29,416962,17888,1071,1422,63472.51,2678454,12,3,7025
YT00634,Hip Hop creator video 634: trending ideas,Music,Hip Hop,Canada,Individual,2025-07-09,2025-07-20,511767,58717,3675,2810,95849.48,2047277,11,15,7179
YT00635,Film & Animation creator video 635: trending ideas,Entertainment,Film & Animation,Canada,Individual,2025-06-24,2025-06-27,585891,19879,3437,664,57450.18,3700083,3,17,2875
YT00636,Walkthrough creator video 636: trending ideas,Gaming,Walkthrough,United Kingdom,Educational,2025-05-22,2025-05-31,466204,24309,4078,1409,34417.66,2638265,9,15,7372
YT00637,Esports creator video 637: trending ideas,Gaming,Esports,United Kingdom,Brand,2025-10-03,2025-10-12,697326,72910,6787,2994,114470.1,3844062,9,14,2655
YT00638,Science creator video 638: trending ideas,Education,Science,United Kingdom,Brand,2025-09-04,2025-09-13,140788,11283,1281,798,21315.58,177497,9,11,1872
YT00639,Hip Hop creator video 639: trending ideas,Music,Hip Hop,United Kingdom,Brand,2025-04-19,2025-05-01,449388,23466,1113,759,28902.42,781235,12,8,14294
YT00640,Esports creator video 640: trending ideas,Gaming,Esports,United Kingdom,Media Company,2025-06-26,2025-07-07,496696,56751,2433,4890,93742.11,1805259,11,14,1277
YT00641,Film & Animation creator video 641: trending ideas,Entertainment,Film & Animation,Canada,Brand,2025-02-01,2025-02-08,251169,26796,2238,1519,58472.24,395820,7,13,6160
YT00642,Walkthrough creator video 642: trending ideas,Gaming,Walkthrough,United Kingdom,Educational,2025-05-25,2025-06-05,182701,13265,841,670,17458.54,3155057,11,9,283
YT00643,Comedy creator video 643: trending ideas,Entertainment,Comedy,India,Educational,2025-09-03,2025-09-13,603045,22896,1808,1266,29869.13,2086120,10,10,9754
YT00644,Esports creator video 644: trending ideas,Gaming,Esports,United States,Brand,2025-03-29,2025-04-04,258437,17184,1318,1487,32955.42,2939613,6,6,1438
YT00645,Pop creator video 645: trending ideas,Music,Pop,Australia,Individual,2025-10-02,2025-10-11,479121,52774,6299,2188,52300.98,605307,9,14,7097
YT00646,Science creator video 646: trending ideas,Education,Science,India,Media Company,2025-04-25,2025-05-08,496441,45540,7016,2321,74153.66,3774590,13,13,16612
YT00647,Hip Hop creator video 647: trending ideas,Music,Hip Hop,United Kingdom,Educational,2025-05-08,2025-05-14,473158,51086,1852,889,82442.68,3173361,6,10,4761
YT00648,Pop creator video 648: trending ideas,Music,Pop,Canada,Brand,2025-03-12,2025-03-22,1027340,90443,13247,4801,159363.25,3883493,10,10,17673
YT00649,Comedy creator video 649: trending ideas,Entertainment,Comedy,United Kingdom,Individual,2025-03-07,2025-03-20,249791,11841,1925,654,22848.69,2594234,13,10,754
YT00650,Technology creator video 650: trending ideas,Education,Technology,India,Media Company,2025-06-24,2025-06-29,602941,19688,2313,1419,38791.79,3917459,5,16,14840
YT00651,Film & Animation creator video 651: trending ideas,Entertainment,Film & Animation,India,Educational,2025-06-04,2025-06-18,971399,28198,856,1034,216931.86,3870634,14,6,15289
YT00652,Hip Hop creator video 652: trending ideas,Music,Hip Hop,Australia,Media Company,2025-10-21,2025-11-01,371343,18784,1387,910,71269.86,569588,11,13,12115
YT00653,Walkthrough creator video 653: trending ideas,Gaming,Walkthrough,United States,Individual,2025-03-29,2025-04-10,581345,17669,2081,987,62968.76,1375987,12,17,9873
YT00654,Pop creator video 654: trending ideas,Music,Pop,India,Media Company,2025-05-03,2025-05-11,788950,77038,8085,3231,196269.89,1186924,8,6,11927
YT00655,Technology creator video 655: trending ideas,Education,Technology,United States,Media Company,2025-10-10,2025-10-22,123700,14490,2282,706,33376.83,1248063,12,8,11752
YT00656,Hip Hop creator video 656: trending ideas,Music,Hip Hop,India,Brand,2025-06-10,2025-06-19,697670,58194,4204,5159,98019.1,2463800,9,13,10130
YT00657,Esports creator video 657: trending ideas,Gaming,Esports,Australia,Media Company,2025-04-27,2025-05-07,327764,25454,2978,1793,82550.33,1433422,10,2,6947
YT00658,Film & Animation creator video 658: trending ideas,Entertainment,Film & Animation,Australia,Educational,2025-10-04,2025-10-14,419755,49775,8040,3778,42346.2,1474298,10,13,5223
YT00659,Technology creator video 659: trending ideas,Education,Technology,Canada,Individual,2025-08-13,2025-08-19,697488,75572,12245,6552,30101.88,3983568,6,14,14868
YT00660,Esports creator video 660: trending ideas,Gaming,Esports,United Kingdom,Educational,2025-05-11,2025-05-16,460061,29637,4806,2232,28373.06,603257,5,14,8602
YT00661,Pop creator video 661: trending ideas,Music,Pop,United Kingdom,Educational,2025-02-03,2025-02-13,750636,68478,3670,3199,188940.49,1445407,10,11,11077
YT00662,Esports creator video 662: trending ideas,Gaming,Esports,Canada,Individual,2025-08-10,2025-08-11,452590,45095,2704,2480,93977.05,1795617,1,11,6229
YT00663,Esports creator video 663: trending ideas,Gaming,Esports,Australia,Educational,2025-09-29,2025-10-10,608000,43863,2608,771,169335.61,2728393,11,13,7743
YT00664,Walkthrough creator video 664: trending ideas,Gaming,Walkthrough,India,Individual,2025-01-23,2025-02-01,309080,18998,3250,1437,67357.17,3298711,9,16,4024
YT00665,Film & Animation creator video 665: trending ideas,Entertainment,Film & Animation,United Kingdom,Educational,2025-08-24,2025-09-01,325711,24141,1366,1352,13275.47,3589033,8,14,998
YT00666,Technology creator video 666: trending ideas,Education,Technology,United Kingdom,Brand,2025-02-14,2025-02-25,194855,19427,2222,650,27410.39,2793052,11,12,5732
YT00667,Comedy creator video 667: trending ideas,Entertainment,Comedy,India,Media Company,2025-05-14,2025-05-17,444083,12026,544,1044,106011.08,1728738,3,12,8935
YT00668,Esports creator video 668: trending ideas,Gaming,Esports,Canada,Media Company,2025-07-01,2025-07-04,450616,42750,6720,3761,70952.36,444337,3,16,10347
YT00669,Film & Animation creator video 669: trending ideas,Entertainment,Film & Animation,Canada,Brand,2025-07-16,2025-07-24,262934,14699,981,262,53316.23,3926864,8,3,4469
YT00670,Film & Animation creator video 670: trending ideas,Entertainment,Film & Animation,Australia,Individual,2025-03-06,2025-03-09,256828,7320,669,393,64850.7,2014255,3,9,80
YT00671,Technology creator video 671: trending ideas,Education,Technology,Canada,Educational,2025-03-03,2025-03-10,350151,15741,2111,1364,52589.48,3220371,7,12,11231
YT00672,Science creator video 672: trending ideas,Education,Science,United States,Brand,2025-10-26,2025-11-05,149600,15637,2158,535,29917.03,1436390,10,3,63
YT00673,Film & Animation creator video 673: trending ideas,Entertainment,Film & Animation,Australia,Individual,2025-07-14,2025-07-28,713780,29715,5276,2044,81063.97,3890426,14,18,8661
YT00674,Film & Animation creator video 674: trending ideas,Entertainment,Film & Animation,United States,Educational,2025-03-10,2025-03-12,884442,50016,6515,2870,39198.06,2801401,2,18,17480
YT00675,Science creator video 675: trending ideas,Education,Science,Canada,Media Company,2025-07-13,2025-07-21,286549,21301,3284,700,38477.55,1729706,8,18,6322
YT00676,Hip Hop creator video 676: trending ideas,Music,Hip Hop,United Kingdom,Individual,2025-01-02,2025-01-03,295356,18264,692,309,77538.53,353183,1,3,9817
YT00677,Esports creator video 677: trending ideas,Gaming,Esports,United States,Brand,2025-08-15,2025-08-18,455286,13473,574,1180,110272.33,513679,3,15,7165
YT00678,Technology creator video 678: trending ideas,Education,Technology,India,Media Company,2025-04-18,2025-04-21,281061,21877,1287,1953,40438.2,2817452,3,5,3504
YT00679,Film & Animation creator video 679: trending ideas,Entertainment,Film & Animation,Australia,Educational,2025-03-06,2025-03-14,390884,33389,1717,1148,20973.06,633173,8,3,12245
YT00680,Technology creator video 680: trending ideas,Education,Technology,Canada,Educational,2025-08-24,2025-08-28,195980,18528,1395,1234,35458.29,135256,4,2,11998
YT00681,Science creator video 681: trending ideas,Education,Science,India,Brand,2025-04-09,2025-04-11,244621,28114,943,1165,18656.21,977116,2,13,2958
YT00682,Film & Animation creator video 682: trending ideas,Entertainment,Film & Animation,Australia,Educational,2025-06-17,2025-06-23,872353,76039,4305,3336,101257.22,2569935,6,4,15850
YT00683,Walkthrough creator video 683: trending ideas,Gaming,Walkthrough,Australia,Brand,2025-07-14,2025-07-28,413187,16657,2069,261,90146.92,1307211,14,12,8827
YT00684,Hip Hop creator video 684: trending ideas,Music,Hip Hop,United Kingdom,Media Company,2025-06-30,2025-07-08,584596,49609,5024,2549,111665.25,3551047,8,11,3816
YT00685,Pop creator video 685: trending ideas,Music,Pop,Canada,Brand,2025-08-10,2025-08-12,109888,13119,1539,249,12357.56,45824,2,6,336
YT00686,Technology creator video 686: trending ideas,Education,Technology,United States,Media Company,2025-01-10,2025-01-11,163610,13565,1340,308,20099.24,681153,1,3,1242
YT00687,Science creator video 687: trending ideas,Education,Science,Australia,Individual,2025-02-13,2025-02-22,321097,32926,1974,1054,14667.49,2561406,9,5,109
YT00688,Film & Animation creator video 688: trending ideas,Entertainment,Film & Animation,Canada,Media Company,2025-07-04,2025-07-18,722202,31691,1479,1083,136671.31,2358022,14,17,17030
YT00689,Walkthrough creator video 689: trending ideas,Gaming,Walkthrough,India,Individual,2025-05-23,2025-06-01,205415,12367,633,576,15510.68,1791004,9,11,4820
YT00690,Science creator video 690: trending ideas,Education,Science,United Kingdom,Media Company,2025-10-12,2025-10-26,252653,9605,1400,729,46217.99,3815795,14,8,16547
YT00691,Science creator video 691: trending ideas,Education,Science,United Kingdom,Educational,2025-02-04,2025-02-14,460353,53776,1706,4336,57225.23,1548552,10,6,14437
YT00692,Science creator video 692: trending ideas,Education,Science,India,Individual,2025-04-04,2025-04-07,312769,8566,457,638,42071.55,44024,3,8,16959
YT00693,Comedy creator video 693: trending ideas,Entertainment,Comedy,Australia,Educational,2025-06-22,2025-07-04,841080,61376,3981,4011,109701.63,3134226,12,13,15495
YT00694,Pop creator video 694: trending ideas,Music,Pop,Australia,Media Company,2025-04-10,2025-04-19,477219,42386,3553,1602,55785.74,2309512,9,9,10205
YT00695,Walkthrough creator video 695: trending ideas,Gaming,Walkthrough,United Kingdom,Brand,2025-10-13,2025-10-21,408897,33416,5951,2603,60132.13,851554,8,4,13161
YT00696,Hip Hop creator video 696: trending ideas,Music,Hip Hop,Australia,Media Company,2025-01-07,2025-01-16,518629,60079,10342,3931,112387.12,1295855,9,15,15838
YT00697,Comedy creator video 697: trending ideas,Entertainment,Comedy,United Kingdom,Individual,2025-06-26,2025-07-09,580890,23484,4168,1502,51623.3,1970148,13,13,6013
YT00698,Walkthrough creator video 698: trending ideas,Gaming,Walkthrough,United States,Brand,2025-05-08,2025-05-15,148349,6457,541,142,29040.57,2655622,7,7,2404
YT00699,Film & Animation creator video 699: trending ideas,Entertainment,Film & Animation,United Kingdom,Educational,2025-09-17,2025-09-21,422066,42171,1466,2400,101243.96,201573,4,3,16032
YT00700,Film & Animation creator video 700: trending ideas,Entertainment,Film & Animation,United Kingdom,Educational,2025-09-11,2025-09-19,341465,11156,1116,875,61171.78,376915,8,4,13153
YT00701,Technology creator video 701: trending ideas,Education,Technology,United Kingdom,Educational,2025-04-06,2025-04-08,729239,83992,9943,1629,114902.31,1035130,2,13,17138
YT00702,Comedy creator video 702: trending ideas,Entertainment,Comedy,Australia,Brand,2025-01-25,2025-02-06,390541,27120,2197,1127,34401.47,1587665,12,13,2647
YT00703,Science creator video 703: trending ideas,Education,Science,United Kingdom,Educational,2025-09-11,2025-09-22,319986,24404,2992,1556,61159.42,2827759,11,16,15454
YT00704,Comedy creator video 704: trending ideas,Entertainment,Comedy,Australia,Individual,2025-03-25,2025-04-08,342067,32441,2321,1514,39284.96,2590865,14,8,10363
YT00705,Pop creator video 705: trending ideas,Music,Pop,United States,Brand,2025-01-17,2025-01-20,348182,28542,4844,1525,54949.74,1583236,3,16,1248
YT00706,Pop creator video 706: trending ideas,Music,Pop,Canada,Brand,2025-09-24,2025-09-26,402721,35474,5291,1099,42840.53,743392,2,9,6714
YT00707,Esports creator video 707: trending ideas,Gaming,Esports,United Kingdom,Brand,2025-04-12,2025-04-17,833420,98805,15156,2056,231144.89,3386552,5,13,7277
YT00708,Technology creator video 708: trending ideas,Education,Technology,Australia,Educational,2025-08-18,2025-08-27,311159,11725,1671,332,40847.36,3037988,9,17,2975
YT00709,Hip Hop creator video 709: trending ideas,Music,Hip Hop,Canada,Educational,2025-08-11,2025-08-22,663875,58279,6397,1760,167068.89,3991621,11,12,14908
YT00710,Film & Animation creator video 710: trending ideas,Entertainment,Film & Animation,Australia,Brand,2025-10-18,2025-10-28,505679,25426,4356,1280,43084.77,2123318,10,6,11187
YT00711,Walkthrough creator video 711: trending ideas,Gaming,Walkthrough,Canada,Educational,2025-01-17,2025-01-31,455165,24839,2375,942,105715.15,302750,14,13,14311
YT00712,Comedy creator video 712: trending ideas,Entertainment,Comedy,Australia,Media Company,2025-03-19,2025-03-29,628322,55773,2105,3057,46046.5,148198,10,16,17390
YT00713,Hip Hop creator video 713: trending ideas,Music,Hip Hop,Canada,Educational,2025-04-11,2025-04-16,599655,37946,5216,908,98677.34,1074227,5,13,11178
YT00714,Comedy creator video 714: trending ideas,Entertainment,Comedy,India,Media Company,2025-07-23,2025-08-05,437373,12980,949,908,94918.56,2289897,13,10,6922
YT00715,Hip Hop creator video 715: trending ideas,Music,Hip Hop,India,Brand,2025-08-06,2025-08-12,982035,72716,5917,2323,157817.36,3032221,6,13,12279
YT00716,Walkthrough creator video 716: trending ideas,Gaming,Walkthrough,Canada,Educational,2025-04-18,2025-04-25,415891,12642,1737,587,61395.75,1363127,7,14,13161
YT00717,Pop creator video 717: trending ideas,Music,Pop,Australia,Educational,2025-08-30,2025-09-02,307308,19957,3098,1711,52251.23,876648,3,8,5354
YT00718,Science creator video 718: trending ideas,Education,Science,India,Educational,2025-04-23,2025-04-29,270978,27613,4053,1344,48529.63,2567621,6,13,10944
YT00719,Comedy creator video 719: trending ideas,Entertainment,Comedy,Australia,Educational,2025-04-12,2025-04-15,443822,42438,4798,2984,69777.56,3450729,3,8,4485
YT00720,Walkthrough creator video 720: trending ideas,Gaming,Walkthrough,United Kingdom,Educational,2025-08-04,2025-08-13,335124,14872,875,820,62584.21,3600978,9,9,3514
YT00721,Film & Animation creator video 721: trending ideas,Entertainment,Film & Animation,Canada,Brand,2025-01-31,2025-02-10,600839,38964,3304,2056,36312.22,2756253,10,8,1991
YT00722,Technology creator video 722: trending ideas,Education,Technology,India,Educational,2025-05-27,2025-06-08,307472,9622,846,351,36284.6,2352096,12,9,9754
YT00723,Comedy creator video 723: trending ideas,Entertainment,Comedy,India,Media Company,2025-01-29,2025-02-02,403982,44468,4747,3602,41321.49,3963511,4,13,2349
YT00724,Walkthrough creator video 724: trending ideas,Gaming,Walkthrough,United Kingdom,Media Company,2025-06-30,2025-07-08,356307,36558,3284,2931,93244.27,478685,8,8,9041
YT00725,Comedy creator video 725: trending ideas,Entertainment,Comedy,Canada,Media Company,2025-05-03,2025-05-12,725932,77232,6240,2922,102523.4,2926742,9,8,12982
YT00726,Walkthrough creator video 726: trending ideas,Gaming,Walkthrough,United Kingdom,Brand,2025-08-27,2025-08-29,497812,22034,3310,1593,33287.65,1739628,2,8,11556
YT00727,Comedy creator video 727: trending ideas,Entertainment,Comedy,India,Individual,2025-04-15,2025-04-26,263007,10703,712,417,42767.99,1670527,11,5,940
YT00728,Science creator video 728: trending ideas,Education,Science,United States,Media Company,2025-03-03,2025-03-05,328718,37181,1619,671,91302.75,3593543,2,8,2410
YT00729,Pop creator video 729: trending ideas,Music,Pop,United Kingdom,Media Company,2025-07-11,2025-07-22,552384,43004,5158,3622,64589.16,1891911,11,11,14117
YT00730,Science creator video 730: trending ideas,Education,Science,India,Brand,2025-03-10,2025-03-23,384890,15189,1280,1094,52414.06,2648169,13,16,8241
YT00731,Hip Hop creator video 731: trending ideas,Music,Hip Hop,United States,Media Company,2025-03-30,2025-04-06,1127402,45085,7410,1188,263434.35,3080424,7,18,12176
YT00732,Esports creator video 732: trending ideas,Gaming,Esports,India,Educational,2025-05-01,2025-05-05,364089,38862,6411,2519,81038.55,3233841,4,3,9744
YT00733,Science creator video 733: trending ideas,Education,Science,United Kingdom,Media Company,2025-01-09,2025-01-19,292784,24598,2085,1279,69382.8,3638186,10,11,17270
YT00734,Pop creator video 734: trending ideas,Music,Pop,United Kingdom,Brand,2025-10-26,2025-11-01,561327,14470,1035,535,82599.33,1736991,6,13,7706
YT00735,Film & Animation creator video 735: trending ideas,Entertainment,Film & Animation,Australia,Media Company,2025-01-21,2025-02-03,461058,54726,6135,1827,67221.2,1981258,13,2,14505
YT00736,Hip Hop creator video 736: trending ideas,Music,Hip Hop,United States,Brand,2025-06-14,2025-06-18,496387,54204,7569,3898,132381.09,3720922,4,4,2411
YT00737,Technology creator video 737: trending ideas,Education,Technology,Australia,Brand,2025-04-26,2025-05-07,207014,24411,3113,2044,19537.81,3797079,11,5,5355
YT00738,Hip Hop creator video 738: trending ideas,Music,Hip Hop,United Kingdom,Media Company,2025-09-30,2025-10-03,400653,26762,1521,524,83097.2,3635921,3,2,9026
YT00739,Walkthrough creator video 739: trending ideas,Gaming,Walkthrough,United States,Media Company,2025-10-20,2025-10-23,213779,20358,1015,486,59810.79,147495,3,3,3925
YT00740,Hip Hop creator video 740: trending ideas,Music,Hip Hop,India,Media Company,2025-04-20,2025-05-04,599471,37434,2015,3034,129074.32,1077755,14,9,15541
YT00741,Film & Animation creator video 741: trending ideas,Entertainment,Film & Animation,India,Educational,2025-04-17,2025-04-25,424310,50272,8884,1010,108122.33,1933923,8,9,6801
YT00742,Science creator video 742: trending ideas,Education,Science,United Kingdom,Media Company,2025-06-09,2025-06-10,608816,66083,6535,5912,117537.9,1564133,1,7,17124
YT00743,Technology creator video 743: trending ideas,Education,Technology,United Kingdom,Media Company,2025-01-01,2025-01-11,468205,40076,2623,2715,129114.34,3851289,10,18,17468
YT00744,Walkthrough creator video 744: trending ideas,Gaming,Walkthrough,Australia,Educational,2025-04-26,2025-04-30,428498,41538,1574,3004,60542.39,1851336,4,5,297
YT00745,Technology creator video 745: trending ideas,Education,Technology,India,Brand,2025-04-22,2025-04-28,686942,21145,2177,1251,180763.78,3769263,6,18,11509
YT00746,Pop creator video 746: trending ideas,Music,Pop,Australia,Educational,2025-08-15,2025-08-21,560664,14757,2347,1237,98543.97,238987,6,15,16059
YT00747,Film & Animation creator video 747: trending ideas,Entertainment,Film & Animation,United Kingdom,Individual,2025-03-11,2025-03-17,234795,15893,1489,824,13158.83,599374,6,7,2187
YT00748,Film & Animation creator video 748: trending ideas,Entertainment,Film & Animation,United States,Educational,2025-01-31,2025-02-01,489423,29286,4049,2487,64860.24,1452339,1,18,1382
YT00749,Film & Animation creator video 749: trending ideas,Entertainment,Film & Animation,Australia,Individual,2025-07-24,2025-07-29,994282,35828,1079,1233,242092.0,1530255,5,9,12829
YT00750,Technology creator video 750: trending ideas,Education,Technology,Canada,Media Company,2025-07-27,2025-08-05,576398,38298,5929,2530,80603.08,2549713,9,14,9583
YT00751,Esports creator video 751: trending ideas,Gaming,Esports,United States,Brand,2025-09-17,2025-09-21,310183,17755,1405,979,73626.16,480577,4,5,10298
YT00752,Science creator video 752: trending ideas,Education,Science,United States,Media Company,2025-06-06,2025-06-11,402896,13456,1290,355,27557.6,3631230,5,17,9241
YT00753,Walkthrough creator video 753: trending ideas,Gaming,Walkthrough,United Kingdom,Media Company,2025-04-08,2025-04-22,261295,27618,2317,659,34935.09,465171,14,3,9428
YT00754,Esports creator video 754: trending ideas,Gaming,Esports,Canada,Media Company,2025-08-05,2025-08-09,789464,37094,6547,2967,201799.37,3748734,4,15,8520
YT00755,Walkthrough creator video 755: trending ideas,Gaming,Walkthrough,Australia,Educational,2025-05-28,2025-06-03,1013034,117938,8337,10354,198298.96,3843735,6,9,9409
YT00756,Technology creator video 756: trending ideas,Education,Technology,India,Individual,2025-05-15,2025-05-18,209897,7133,1236,603,43228.39,3758429,3,6,4296
YT00757,Film & Animation creator video 757: trending ideas,Entertainment,Film & Animation,Canada,Individual,2025-06-06,2025-06-10,852674,69959,10639,2256,127578.49,3609800,4,15,3328
YT00758,Hip Hop creator video 758: trending ideas,Music,Hip Hop,Australia,Media Company,2025-10-23,2025-11-02,390457,40170,5268,2323,95643.66,1285922,10,12,2240
YT00759,Science creator video 759: trending ideas,Education,Science,Australia,Individual,2025-08-09,2025-08-23,395744,36291,5617,1998,73052.6,167735,14,16,17906
YT00760,Pop creator video 760: trending ideas,Music,Pop,Canada,Brand,2025-02-14,2025-02-26,1007358,120834,7823,3195,50638.38,2481466,12,5,17817
YT00761,Walkthrough creator video 761: trending ideas,Gaming,Walkthrough,United States,Brand,2025-02-07,2025-02-20,803243,83245,2693,2900,53482.33,2008738,13,11,9398
YT00762,Science creator video 762: trending ideas,Education,Science,Canada,Educational,2025-07-24,2025-08-06,386401,15040,2520,1329,85066.93,3623800,13,9,10319
YT00763,Technology creator video 763: trending ideas,Education,Technology,Australia,Educational,2025-08-02,2025-08-13,429756,45820,6879,1268,48655.57,2621725,11,3,14923
YT00764,Esports creator video 764: trending ideas,Gaming,Esports,United States,Educational,2025-10-19,2025-10-28,631477,73614,3873,4384,58642.28,2695592,9,10,8718
YT00765,Film & Animation creator video 765: trending ideas,Entertainment,Film & Animation,Australia,Educational,2025-09-15,2025-09-29,492769,21744,890,1073,60370.77,2910702,14,11,17043
YT00766,Esports creator video 766: trending ideas,Gaming,Esports,Canada,Individual,2025-10-11,2025-10-19,633223,48538,5768,2799,171227.62,3123983,8,8,14662
YT00767,Pop creator video 767: trending ideas,Music,Pop,United Kingdom,Educational,2025-05-15,2025-05-28,269286,28459,4422,1757,35012.15,814818,13,18,3022
YT00768,Hip Hop creator video 768: trending ideas,Music,Hip Hop,India,Media Company,2025-07-27,2025-08-07,491526,23799,3064,1418,32543.67,767315,11,5,16278
YT00769,Walkthrough creator video 769: trending ideas,Gaming,Walkthrough,United States,Educational,2025-03-22,2025-04-05,382791,34388,3788,996,34170.6,3413438,14,17,5362
YT00770,Science creator video 770: trending ideas,Education,Science,United States,Brand,2025-05-30,2025-06-07,222352,21804,1479,1607,24468.34,462642,8,10,7454
YT00771,Walkthrough creator video 771: trending ideas,Gaming,Walkthrough,United States,Media Company,2025-02-07,2025-02-08,724908,48199,7415,3284,82625.55,2962978,1,9,2230
YT00772,Hip Hop creator video 772: trending ideas,Music,Hip Hop,Canada,Media Company,2025-07-03,2025-07-17,318711,16485,2551,550,25370.85,774034,14,10,13089
YT00773,Walkthrough creator video 773: trending ideas,Gaming,Walkthrough,United Kingdom,Brand,2025-03-17,2025-03-29,255732,23276,1252,622,30360.28,3807229,12,9,2545
YT00774,Walkthrough creator video 774: trending ideas,Gaming,Walkthrough,United Kingdom,Brand,2025-02-27,2025-03-09,420628,36480,5755,1242,74020.41,1522472,10,10,9778
YT00775,Hip Hop creator video 775: trending ideas,Music,Hip Hop,Canada,Brand,2025-03-07,2025-03-09,935212,90192,15638,1876,93940.0,2410982,2,4,15115
YT00776,Pop creator video 776: trending ideas,Music,Pop,India,Brand,2025-01-24,2025-02-06,825346,71064,5701,2179,148501.49,3081381,13,3,12722
YT00777,Science creator video 777: trending ideas,Education,Science,United Kingdom,Educational,2025-04-07,2025-04-10,312515,13610,1876,1042,27216.95,787784,3,15,2110
YT00778,Walkthrough creator video 778: trending ideas,Gaming,Walkthrough,United Kingdom,Individual,2025-03-19,2025-03-25,384429,30011,4198,2192,64560.12,881125,6,11,7359
YT00779,Esports creator video 779: trending ideas,Gaming,Esports,India,Individual,2025-07-07,2025-07-17,411593,44665,2061,2485,76256.94,2259021,10,4,5452
YT00780,Esports creator video 780: trending ideas,Gaming,Esports,Canada,Brand,2025-05-13,2025-05-26,418741,32947,5399,1008,53743.35,2236189,13,18,6378
YT00781,Technology creator video 781: trending ideas,Education,Technology,India,Individual,2025-08-11,2025-08-20,194933,14994,1890,291,40483.41,3240399,9,3,5123
YT00782,Walkthrough creator video 782: trending ideas,Gaming,Walkthrough,United States,Individual,2025-02-08,2025-02-09,820621,26167,3844,1207,146826.38,123446,1,4,17477
YT00783,Comedy creator video 783: trending ideas,Entertainment,Comedy,Australia,Media Company,2025-10-13,2025-10-18,308922,28995,1531,1796,47110.14,1405077,5,3,11232
YT00784,Technology creator video 784: trending ideas,Education,Technology,India,Media Company,2025-06-04,2025-06-11,424398,11713,1293,745,49492.59,1545367,7,15,9079
YT00785,Science creator video 785: trending ideas,Education,Science,United States,Brand,2025-02-14,2025-02-15,279436,33208,5104,1149,43598.14,1098766,1,12,1088
YT00786,Comedy creator video 786: trending ideas,Entertainment,Comedy,Australia,Media Company,2025-02-15,2025-02-22,179761,16960,954,697,47398.21,2651297,7,7,1264
YT00787,Film & Animation creator video 787: trending ideas,Entertainment,Film & Animation,United States,Educational,2025-03-12,2025-03-20,550299,56614,9850,2258,125449.41,1836863,8,10,6406
YT00788,Esports creator video 788: trending ideas,Gaming,Esports,Australia,Media Company,2025-10-20,2025-10-30,421040,15083,2308,401,51836.78,1065516,10,10,9841
YT00789,Technology creator video 789: trending ideas,Education,Technology,United Kingdom,Individual,2025-08-03,2025-08-09,295938,31555,5360,2689,14522.48,3085586,6,17,286
YT00790,Technology creator video 790: trending ideas,Education,Technology,United Kingdom,Brand,2025-02-17,2025-02-21,255169,15165,1301,838,27158.64,2808685,4,2,600
YT00791,Pop creator video 791: trending ideas,Music,Pop,India,Media Company,2025-01-12,2025-01-24,218380,12216,491,403,9833.15,2263790,12,5,213
YT00792,Technology creator video 792: trending ideas,Education,Technology,Australia,Media Company,2025-01-14,2025-01-18,441532,14589,1765,880,30877.67,1037542,4,5,12372
YT00793,Technology creator video 793: trending ideas,Education,Technology,Australia,Educational,2025-06-19,2025-06-26,194983,9349,1602,512,27130.74,1766196,7,10,4208
YT00794,Science creator video 794: trending ideas,Education,Science,Canada,Individual,2025-06-07,2025-06-17,209400,13681,2429,777,44964.74,1512021,10,9,2324
YT00795,Comedy creator video 795: trending ideas,Entertainment,Comedy,United Kingdom,Educational,2025-08-05,2025-08-16,490534,58724,8574,1156,54192.83,1160729,11,3,14991
YT00796,Science creator video 796: trending ideas,Education,Science,Canada,Educational,2025-03-08,2025-03-22,215593,10742,1317,959,8783.59,3168785,14,15,6519
YT00797,Pop creator video 797: trending ideas,Music,Pop,India,Brand,2025-01-07,2025-01-14,139844,5502,323,475,21966.47,1772344,7,6,639
YT00798,Pop creator video 798: trending ideas,Music,Pop,United Kingdom,Individual,2025-07-18,2025-07-23,1229461,67168,10729,3612,226110.52,3878550,5,8,3237
YT00799,Hip Hop creator video 799: trending ideas,Music,Hip Hop,Australia,Media Company,2025-10-15,2025-10-23,1019761,42851,3846,3700,268986.43,2250775,8,7,11965
YT00800,Technology creator video 800: trending ideas,Education,Technology,India,Brand,2025-08-26,2025-09-03,217583,24605,1904,1820,15193.47,440535,8,14,4026
YT00801,Comedy creator video 801: trending ideas,Entertainment,Comedy,United Kingdom,Brand,2025-06-30,2025-07-08,432578,14629,901,1212,103005.71,511583,8,10,12157
YT00802,Esports creator video 802: trending ideas,Gaming,Esports,India,Educational,2025-03-20,2025-04-02,709254,80768,4384,2634,170988.67,1497743,13,7,16935
YT00803,Film & Animation creator video 803: trending ideas,Entertainment,Film & Animation,United Kingdom,Brand,2025-09-10,2025-09-11,1040271,77096,5708,6263,282605.42,1845489,1,13,16810
YT00804,Film & Animation creator video 804: trending ideas,Entertainment,Film & Animation,United Kingdom,Brand,2025-02-21,2025-03-05,759512,73573,6548,5850,206558.25,1503152,12,14,13592
YT00805,Science creator video 805: trending ideas,Education,Science,United States,Brand,2025-10-11,2025-10-15,255013,6438,764,113,18912.09,240274,4,14,3585
YT00806,Esports creator video 806: trending ideas,Gaming,Esports,Australia,Brand,2025-06-11,2025-06-22,434327,11651,462,927,105390.77,3654679,11,17,1389
YT00807,Pop creator video 807: trending ideas,Music,Pop,Canada,Brand,2025-05-26,2025-06-08,148681,13793,600,910,16273.88,1117790,13,2,2325
YT00808,Technology creator video 808: trending ideas,Education,Technology,Australia,Brand,2025-08-05,2025-08-12,431288,38039,1971,2234,55122.14,3468693,7,13,12173
YT00809,Science creator video 809: trending ideas,Education,Science,Australia,Individual,2025-02-15,2025-02-20,613502,46760,5613,3193,147181.1,3511924,5,10,11272
YT00810,Film & Animation creator video 810: trending ideas,Entertainment,Film & Animation,India,Media Company,2025-08-02,2025-08-12,441763,33954,2905,1610,88415.13,2556815,10,4,12256
YT00811,Esports creator video 811: trending ideas,Gaming,Esports,India,Brand,2025-09-29,2025-10-11,396394,43838,4589,3101,61652.26,741955,12,18,8121
YT00812,Comedy creator video 812: trending ideas,Entertainment,Comedy,United States,Brand,2025-01-06,2025-01-14,433891,40836,2612,2785,102644.52,2387648,8,2,9265
YT00813,Hip Hop creator video 813: trending ideas,Music,Hip Hop,Canada,Educational,2025-03-27,2025-03-30,1266729,67697,11459,1364,337055.45,2172441,3,11,17905
YT00814,Hip Hop creator video 814: trending ideas,Music,Hip Hop,Canada,Media Company,2025-09-23,2025-10-06,677117,78153,10432,2867,96336.58,1285951,13,8,13942
YT00815,Comedy creator video 815: trending ideas,Entertainment,Comedy,Australia,Media Company,2025-07-21,2025-08-03,502406,37640,2029,2642,111332.14,1862459,13,11,15434
YT00816,Film & Animation creator video 816: trending ideas,Entertainment,Film & Animation,United States,Educational,2025-07-18,2025-07-19,516515,43445,5430,1999,112419.84,3702373,1,8,3392
YT00817,Science creator video 817: trending ideas,Education,Science,Canada,Individual,2025-01-19,2025-01-27,356711,34400,2114,3085,16565.04,2532686,8,9,7343
YT00818,Esports creator video 818: trending ideas,Gaming,Esports,Canada,Brand,2025-06-09,2025-06-13,534252,30067,1769,1387,128709.99,552589,4,17,6927
YT00819,Science creator video 819: trending ideas,Education,Science,United States,Brand,2025-05-01,2025-05-07,327732,23576,2178,1468,86264.01,1733976,6,6,8218
YT00820,Walkthrough creator video 820: trending ideas,Gaming,Walkthrough,Australia,Educational,2025-02-19,2025-02-22,724875,72839,8306,2929,73967.01,3880094,3,6,698
YT00821,Comedy creator video 821: trending ideas,Entertainment,Comedy,India,Brand,2025-04-12,2025-04-20,758207,63331,3915,3009,116810.23,1095262,8,10,15007
YT00822,Comedy creator video 822: trending ideas,Entertainment,Comedy,United Kingdom,Educational,2025-10-20,2025-10-24,733188,55116,2410,3433,147528.21,3369824,4,4,10459
YT00823,Esports creator video 823: trending ideas,Gaming,Esports,United States,Individual,2025-05-27,2025-05-29,300652,19707,3197,1511,51611.58,754771,2,16,6549
YT00824,Pop creator video 824: trending ideas,Music,Pop,Canada,Media Company,2025-08-17,2025-08-20,782360,44494,1800,1898,117349.73,27102,3,18,17838
YT00825,Esports creator video 825: trending ideas,Gaming,Esports,United Kingdom,Educational,2025-08-13,2025-08-27,356667,42200,2277,1122,72415.75,1098206,14,18,684
YT00826,Film & Animation creator video 826: trending ideas,Entertainment,Film & Animation,Australia,Media Company,2025-07-01,2025-07-15,456306,41349,2772,1072,84120.86,274287,14,7,16810
YT00827,Hip Hop creator video 827: trending ideas,Music,Hip Hop,India,Media Company,2025-04-24,2025-04-30,615177,40992,5280,3595,153204.53,3513385,6,10,11816
YT00828,Science creator video 828: trending ideas,Education,Science,India,Educational,2025-03-03,2025-03-16,294272,19893,3350,834,37967.12,813780,13,3,17561
YT00829,Film & Animation creator video 829: trending ideas,Entertainment,Film & Animation,United States,Educational,2025-05-04,2025-05-07,264432,28153,4605,957,70746.59,153168,3,18,392
YT00830,Science creator video 830: trending ideas,Education,Science,United States,Media Company,2025-01-09,2025-01-22,85756,6579,734,182,11223.4,207340,13,7,2129
YT00831,Film & Animation creator video 831: trending ideas,Entertainment,Film & Animation,Australia,Educational,2025-03-18,2025-03-24,531159,27985,4142,1401,21683.02,3064897,6,11,1837
YT00832,Comedy creator video 832: trending ideas,Entertainment,Comedy,Canada,Individual,2025-08-22,2025-08-25,1164672,110812,18332,7164,222115.53,2692019,3,15,17891
YT00833,Film & Animation creator video 833: trending ideas,Entertainment,Film & Animation,United Kingdom,Individual,2025-03-19,2025-03-26,546752,51719,6410,3555,127724.65,1465802,7,14,9216
YT00834,Technology creator video 834: trending ideas,Education,Technology,United Kingdom,Educational,2025-03-09,2025-03-14,437817,32591,1300,2930,103600.59,1584761,5,11,15032
YT00835,Hip Hop creator video 835: trending ideas,Music,Hip Hop,United Kingdom,Brand,2025-02-18,2025-02-27,525810,40415,6345,2173,48280.0,741133,9,13,14872
YT00836,Technology creator video 836: trending ideas,Education,Technology,Australia,Media Company,2025-05-07,2025-05-11,580158,67814,9084,5256,94199.2,3694259,4,16,12830
YT00837,Film & Animation creator video 837: trending ideas,Entertainment,Film & Animation,Australia,Educational,2025-04-30,2025-05-10,585966,33080,2349,1596,76194.83,1452579,10,16,9311
YT00838,Esports creator video 838: trending ideas,Gaming,Esports,United States,Media Company,2025-06-17,2025-06-28,583977,55061,7958,4149,99667.85,2774063,11,8,14543
YT00839,Walkthrough creator video 839: trending ideas,Gaming,Walkthrough,Australia,Brand,2025-07-08,2025-07-10,738279,67039,8454,4751,194080.03,1034287,2,6,11669
YT00840,Comedy creator video 840: trending ideas,Entertainment,Comedy,India,Brand,2025-09-07,2025-09-14,796851,68644,5628,5584,58433.0,3544742,7,14,1396
YT00841,Hip Hop creator video 841: trending ideas,Music,Hip Hop,United States,Media Company,2025-07-31,2025-08-05,908519,69386,5243,1119,58804.11,3900960,5,18,12972
YT00842,Technology creator video 842: trending ideas,Education,Technology,Canada,Brand,2025-01-28,2025-02-08,269676,12106,1198,327,59519.54,1636476,11,5,10078
YT00843,Esports creator video 843: trending ideas,Gaming,Esports,Canada,Educational,2025-05-04,2025-05-08,357418,20776,2763,936,33870.16,2801239,4,10,3922
YT00844,Science creator video 844: trending ideas,Education,Science,Australia,Media Company,2025-05-27,2025-05-29,151721,6590,621,160,7744.39,2434977,2,12,1855
YT00845,Comedy creator video 845: trending ideas,Entertainment,Comedy,India,Brand,2025-04-02,2025-04-15,719939,30429,1960,1406,172175.57,2699249,13,7,10445
YT00846,Technology creator video 846: trending ideas,Education,Technology,Australia,Individual,2025-04-07,2025-04-16,574694,15538,734,1198,96641.47,2378082,9,17,16953
YT00847,Pop creator video 847: trending ideas,Music,Pop,India,Brand,2025-04-03,2025-04-10,903343,29141,5022,2043,183745.31,1159140,7,17,17209
YT00848,Walkthrough creator video 848: trending ideas,Gaming,Walkthrough,United Kingdom,Individual,2025-10-15,2025-10-21,591133,40803,2031,2175,160402.21,1621680,6,11,6763
YT00849,Hip Hop creator video 849: trending ideas,Music,Hip Hop,United Kingdom,Individual,2025-01-27,2025-02-10,463772,13568,1811,1150,115881.56,3655307,14,3,3604
YT00850,Esports creator video 850: trending ideas,Gaming,Esports,United Kingdom,Media Company,2025-02-13,2025-02-27,166345,16850,1679,1406,10560.91,46114,14,9,4169
YT00851,Science creator video 851: trending ideas,Education,Science,Canada,Educational,2025-05-08,2025-05-21,292811,12182,2161,810,33040.96,987066,13,15,13714
YT00852,Science creator video 852: trending ideas,Education,Science,United States,Individual,2025-10-11,2025-10-18,489154,44122,6547,2793,34663.6,3481196,7,9,9271
YT00853,Comedy creator video 853: trending ideas,Entertainment,Comedy,United Kingdom,Individual,2025-01-13,2025-01-22,371884,19491,724,406,40753.04,3778175,9,5,2954
YT00854,Esports creator video 854: trending ideas,Gaming,Esports,United States,Brand,2025-01-28,2025-01-30,1167120,128297,10379,3847,168357.24,3397990,2,15,12269
YT00855,Science creator video 855: trending ideas,Education,Science,United Kingdom,Media Company,2025-07-01,2025-07-04,483160,52633,3242,3567,19354.28,49929,3,10,17251
YT00856,Hip Hop creator video 856: trending ideas,Music,Hip Hop,Australia,Media Company,2025-04-10,2025-04-22,490565,46930,3319,1579,78598.77,3179520,12,17,14372
YT00857,Esports creator video 857: trending ideas,Gaming,Esports,United States,Individual,2025-03-02,2025-03-07,271762,9966,467,409,48606.12,2770985,5,5,6240
YT00858,Technology creator video 858: trending ideas,Education,Technology,United Kingdom,Media Company,2025-06-30,2025-07-02,399900,25324,2158,1146,52168.37,1949468,2,13,5800
YT00859,Film & Animation creator video 859: trending ideas,Entertainment,Film & Animation,United Kingdom,Media Company,2025-03-31,2025-04-13,352940,18137,2303,1233,22887.57,890002,13,8,8551
YT00860,Hip Hop creator video 860: trending ideas,Music,Hip Hop,India,Media Company,2025-10-21,2025-10-28,382265,18094,1439,319,62011.61,721008,7,14,6434
YT00861,Technology creator video 861: trending ideas,Education,Technology,United Kingdom,Media Company,2025-07-18,2025-08-01,328713,34591,1941,2067,24381.26,1602625,14,5,8563
YT00862,Film & Animation creator video 862: trending ideas,Entertainment,Film & Animation,United Kingdom,Individual,2025-10-18,2025-10-28,1202855,94966,4659,7060,169053.13,3079187,10,7,16795
YT00863,Esports creator video 863: trending ideas,Gaming,Esports,Australia,Brand,2025-10-23,2025-11-03,222372,18792,2718,1105,31597.51,43567,11,9,4963
YT00864,Technology creator video 864: trending ideas,Education,Technology,United States,Educational,2025-07-31,2025-08-08,428718,13227,1103,601,49087.04,1517844,8,10,14413
YT00865,Pop creator video 865: trending ideas,Music,Pop,Canada,Media Company,2025-08-18,2025-08-20,556806,29258,2976,1039,121643.8,1612101,2,15,2245
YT00866,Technology creator video 866: trending ideas,Education,Technology,United States,Individual,2025-04-26,2025-04-27,387419,10697,1267,294,73883.2,1752919,1,5,14977
YT00867,Comedy creator video 867: trending ideas,Entertainment,Comedy,United Kingdom,Media Company,2025-04-09,2025-04-19,303246,25124,3502,1138,58230.48,17396,10,17,1132
YT00868,Esports creator video 868: trending ideas,Gaming,Esports,India,Educational,2025-09-14,2025-09-24,691991,51776,4456,3268,192076.15,1303675,10,13,12642
YT00869,Pop creator video 869: trending ideas,Music,Pop,Canada,Brand,2025-06-24,2025-06-30,427240,46095,7453,3008,41973.42,3269207,6,13,5359
YT00870,Pop creator video 870: trending ideas,Music,Pop,India,Educational,2025-06-26,2025-07-03,861767,28387,1427,1705,59072.68,2653773,7,3,10300
YT00871,Technology creator video 871: trending ideas,Education,Technology,United Kingdom,Individual,2025-09-02,2025-09-07,321537,29727,2471,2099,49959.65,186348,5,8,15538
YT00872,Esports creator video 872: trending ideas,Gaming,Esports,United Kingdom,Brand,2025-08-22,2025-08-31,431023,16214,2095,641,17979.14,2054353,9,12,4861
YT00873,Esports creator video 873: trending ideas,Gaming,Esports,India,Media Company,2025-04-13,2025-04-14,630436,47085,8079,3115,100160.89,2098240,1,14,14387
YT00874,Science creator video 874: trending ideas,Education,Science,Australia,Brand,2025-06-29,2025-07-01,230330,13978,1638,1176,30938.05,977199,2,15,2123
YT00875,Esports creator video 875: trending ideas,Gaming,Esports,India,Media Company,2025-02-14,2025-02-23,484920,38559,1340,843,71553.18,1871241,9,12,2956
YT00876,Walkthrough creator video 876: trending ideas,Gaming,Walkthrough,India,Brand,2025-10-01,2025-10-11,411802,19593,1548,616,40400.7,2124470,10,13,16666
YT00877,Pop creator video 877: trending ideas,Music,Pop,Canada,Media Company,2025-02-18,2025-02-23,841755,91233,16170,4879,205908.02,3165854,5,14,5321
YT00878,Technology creator video 878: trending ideas,Education,Technology,United Kingdom,Educational,2025-03-08,2025-03-13,331306,31781,4969,503,58001.12,2380855,5,5,8846
YT00879,Comedy creator video 879: trending ideas,Entertainment,Comedy,United Kingdom,Media Company,2025-07-28,2025-08-10,335271,10140,1349,830,88941.54,276537,13,12,10759
YT00880,Technology creator video 880: trending ideas,Education,Technology,India,Individual,2025-07-10,2025-07-15,407696,23920,2473,800,78992.87,3938827,5,10,2354
YT00881,Science creator video 881: trending ideas,Education,Science,United Kingdom,Media Company,2025-10-26,2025-11-06,237463,19869,3427,1111,38848.76,643548,11,8,7336
YT00882,Esports creator video 882: trending ideas,Gaming,Esports,United Kingdom,Individual,2025-06-21,2025-06-25,661430,68258,12242,1052,162973.6,1517448,4,9,10973
YT00883,Film & Animation creator video 883: trending ideas,Entertainment,Film & Animation,United States,Individual,2025-07-29,2025-08-05,401814,16417,2677,992,96867.41,736721,7,5,12726
YT00884,Technology creator video 884: trending ideas,Education,Technology,India,Brand,2025-01-05,2025-01-11,324181,11704,510,675,53019.76,2181822,6,2,17554
YT00885,Walkthrough creator video 885: trending ideas,Gaming,Walkthrough,Australia,Educational,2025-01-11,2025-01-20,338583,34108,5991,567,65723.3,1321520,9,17,3697
YT00886,Esports creator video 886: trending ideas,Gaming,Esports,India,Educational,2025-04-16,2025-04-21,807461,68934,9782,5508,187443.4,3557938,5,7,4708
YT00887,Walkthrough creator video 887: trending ideas,Gaming,Walkthrough,United Kingdom,Educational,2025-06-18,2025-07-01,302843,19632,2484,344,80175.61,84180,13,13,8658
YT00888,Hip Hop creator video 888: trending ideas,Music,Hip Hop,Australia,Media Company,2025-08-16,2025-08-18,527903,53031,9230,1722,111976.7,2138743,2,13,1439
YT00889,Pop creator video 889: trending ideas,Music,Pop,India,Individual,2025-06-14,2025-06-15,328336,17757,2951,471,90286.37,124059,1,7,4306
YT00890,Science creator video 890: trending ideas,Education,Science,Canada,Brand,2025-09-01,2025-09-02,613475,30109,1269,2302,77660.9,241256,1,10,16448
YT00891,Comedy creator video 891: trending ideas,Entertainment,Comedy,Canada,Brand,2025-08-27,2025-09-03,346876,9651,1516,849,76491.79,718334,7,2,14169
YT00892,Comedy creator video 892: trending ideas,Entertainment,Comedy,Australia,Individual,2025-09-28,2025-10-07,483117,42928,1442,3094,30222.1,1498439,9,7,10563
YT00893,Technology creator video 893: trending ideas,Education,Technology,India,Individual,2025-03-02,2025-03-12,407624,15773,2339,550,110705.71,2983851,10,15,9567
YT00894,Hip Hop creator video 894: trending ideas,Music,Hip Hop,United Kingdom,Educational,2025-08-01,2025-08-13,229843,22463,3062,1092,16399.66,2022446,12,5,3359
YT00895,Pop creator video 895: trending ideas,Music,Pop,Australia,Brand,2025-06-15,2025-06-19,690360,25895,1150,526,150867.23,2837080,4,15,1403
YT00896,Esports creator video 896: trending ideas,Gaming,Esports,Canada,Brand,2025-03-16,2025-03-27,286912,33199,2302,701,29020.75,1519609,11,12,7613
YT00897,Hip Hop creator video 897: trending ideas,Music,Hip Hop,Canada,Educational,2025-02-01,2025-02-08,550522,32269,4060,1650,82077.73,3875818,7,14,3092
YT00898,Comedy creator video 898: trending ideas,Entertainment,Comedy,United Kingdom,Educational,2025-08-03,2025-08-15,346066,10152,1775,803,31110.02,3772782,12,9,655
YT00899,Film & Animation creator video 899: trending ideas,Entertainment,Film & Animation,United Kingdom,Individual,2025-08-27,2025-08-28,828972,56248,1850,1934,83076.2,3011816,1,11,5219
YT00900,Pop creator video 900: trending ideas,Music,Pop,India,Individual,2025-03-17,2025-03-25,595649,30164,5213,1000,64266.79,1203218,8,16,12986
YT00901,Esports creator video 901: trending ideas,Gaming,Esports,Australia,Media Company,2025-02-16,2025-02-18,1047803,45814,4148,1570,225942.23,2428518,2,11,16943
YT00902,Science creator video 902: trending ideas,Education,Science,India,Brand,2025-03-30,2025-04-13,294981,12835,637,1081,79808.0,558545,14,13,16412
YT00903,Science creator video 903: trending ideas,Education,Science,Canada,Media Company,2025-05-18,2025-05-26,313651,18810,2947,671,38709.55,2194825,8,11,3704
YT00904,Comedy creator video 904: trending ideas,Entertainment,Comedy,Canada,Educational,2025-08-17,2025-08-26,468614,30790,4308,717,24078.75,3992801,9,11,11236
YT00905,Film & Animation creator video 905: trending ideas,Entertainment,Film & Animation,Canada,Media Company,2025-09-12,2025-09-24,232047,9520,1245,626,45212.02,2668942,12,8,840
YT00906,Pop creator video 906: trending ideas,Music,Pop,United States,Media Company,2025-08-19,2025-08-30,804244,49275,7916,1068,153755.49,1959888,11,16,10895
YT00907,Walkthrough creator video 907: trending ideas,Gaming,Walkthrough,United States,Educational,2025-09-16,2025-09-19,585912,67046,6768,5361,72459.53,1360329,3,18,6053
YT00908,Science creator video 908: trending ideas,Education,Science,United States,Individual,2025-01-09,2025-01-20,386662,44425,5798,1791,80091.67,2556178,11,14,9577
YT00909,Science creator video 909: trending ideas,Education,Science,Canada,Brand,2025-02-01,2025-02-12,122243,5596,541,123,5008.12,3249333,11,2,3203
YT00910,Esports creator video 910: trending ideas,Gaming,Esports,India,Individual,2025-02-06,2025-02-08,405782,44465,7964,2512,20185.55,2429080,2,7,6626
YT00911,Walkthrough creator video 911: trending ideas,Gaming,Walkthrough,Australia,Brand,2025-04-03,2025-04-10,577902,17541,1173,1244,136548.55,969609,7,7,13866
YT00912,Walkthrough creator video 912: trending ideas,Gaming,Walkthrough,India,Educational,2025-09-20,2025-09-28,671787,33245,5143,2114,140561.2,1089230,8,14,14274
YT00913,Hip Hop creator video 913: trending ideas,Music,Hip Hop,Australia,Educational,2025-03-27,2025-04-04,1425184,36721,2633,2222,129498.45,2893274,8,4,17254
YT00914,Pop creator video 914: trending ideas,Music,Pop,United Kingdom,Educational,2025-06-01,2025-06-03,1367628,161030,6105,10922,71081.77,2672122,2,18,12250
YT00915,Film & Animation creator video 915: trending ideas,Entertainment,Film & Animation,Canada,Media Company,2025-08-24,2025-09-07,214937,21240,3132,773,10204.57,894888,14,3,3710
YT00916,Walkthrough creator video 916: trending ideas,Gaming,Walkthrough,United States,Brand,2025-08-13,2025-08-14,542246,23066,3167,1845,127800.65,905403,1,12,9170
YT00917,Esports creator video 917: trending ideas,Gaming,Esports,India,Brand,2025-06-11,2025-06-17,244388,17770,2068,504,16038.59,2360230,6,5,1329
YT00918,Comedy creator video 918: trending ideas,Entertainment,Comedy,Australia,Media Company,2025-09-08,2025-09-19,448845,11849,1044,452,97745.08,2811211,11,10,5056
YT00919,Walkthrough creator video 919: trending ideas,Gaming,Walkthrough,India,Individual,2025-02-02,2025-02-09,857146,97518,11086,6760,99976.88,2239684,7,10,15896
YT00920,Comedy creator video 920: trending ideas,Entertainment,Comedy,United Kingdom,Individual,2025-01-31,2025-02-13,833885,52291,5008,4068,55804.99,3673351,13,7,16698
YT00921,Hip Hop creator video 921: trending ideas,Music,Hip Hop,United Kingdom,Media Company,2025-09-04,2025-09-16,166773,18466,1190,806,11692.11,1423206,12,10,48
YT00922,Technology creator video 922: trending ideas,Education,Technology,India,Media Company,2025-09-05,2025-09-12,406970,15124,730,810,105571.09,3674674,7,2,4910
YT00923,Comedy creator video 923: trending ideas,Entertainment,Comedy,Canada,Individual,2025-09-18,2025-09-20,549341,59156,5324,4425,126421.85,377023,2,14,8710
YT00924,Hip Hop creator video 924: trending ideas,Music,Hip Hop,United Kingdom,Media Company,2025-01-18,2025-01-29,412504,13152,2029,655,112081.92,1320747,11,6,5429
YT00925,Pop creator video 925: trending ideas,Music,Pop,United States,Individual,2025-07-03,2025-07-10,451169,41294,2995,3412,32761.04,1682076,7,17,9362
YT00926,Esports creator video 926: trending ideas,Gaming,Esports,Australia,Brand,2025-05-17,2025-05-28,246349,9823,703,226,28390.45,810186,11,8,6980
YT00927,Film & Animation creator video 927: trending ideas,Entertainment,Film & Animation,United States,Individual,2025-06-02,2025-06-04,1044210,65709,6526,2924,133207.61,2309326,2,10,17150
YT00928,Technology creator video 928: trending ideas,Education,Technology,United States,Educational,2025-07-23,2025-08-06,543306,49516,2020,1972,139711.83,2998787,14,7,17556
YT00929,Esports creator video 929: trending ideas,Gaming,Esports,India,Individual,2025-06-19,2025-06-25,503937,34175,3475,1282,70814.23,2834313,6,16,14373
YT00930,Hip Hop creator video 930: trending ideas,Music,Hip Hop,India,Individual,2025-10-11,2025-10-21,1044108,47543,7128,2764,63740.99,3592792,10,13,12560
YT00931,Film & Animation creator video 931: trending ideas,Entertainment,Film & Animation,United States,Individual,2025-09-12,2025-09-17,419959,36260,2196,558,79515.88,2824538,5,17,6233
YT00932,Film & Animation creator video 932: trending ideas,Entertainment,Film & Animation,United States,Media Company,2025-08-24,2025-08-25,533520,18371,1397,863,136278.32,1010243,1,12,2309
YT00933,Science creator video 933: trending ideas,Education,Science,India,Educational,2025-05-04,2025-05-11,139720,13108,1552,462,38939.15,1975461,7,2,2034
YT00934,Science creator video 934: trending ideas,Education,Science,United States,Educational,2025-05-05,2025-05-16,278930,23485,1427,1348,71131.22,308937,11,10,10750
YT00935,Walkthrough creator video 935: trending ideas,Gaming,Walkthrough,India,Media Company,2025-05-15,2025-05-27,765851,20593,2772,925,127227.88,2854555,12,17,3264
YT00936,Technology creator video 936: trending ideas,Education,Technology,Australia,Individual,2025-09-21,2025-09-29,134445,8434,887,663,32828.16,641557,8,12,1672
YT00937,Film & Animation creator video 937: trending ideas,Entertainment,Film & Animation,India,Brand,2025-05-18,2025-05-30,985944,108138,4073,3500,89899.09,3651400,12,13,4434
YT00938,Comedy creator video 938: trending ideas,Entertainment,Comedy,United States,Media Company,2025-01-15,2025-01-27,607638,20276,977,457,149776.14,3072198,12,7,7865
YT00939,Science creator video 939: trending ideas,Education,Science,India,Media Company,2025-02-10,2025-02-20,167652,9961,1727,241,16549.74,24352,10,2,10976
YT00940,Hip Hop creator video 940: trending ideas,Music,Hip Hop,Canada,Individual,2025-01-03,2025-01-05,1859114,90425,13506,3143,469544.7,3538483,2,11,13449
YT00941,Comedy creator video 941: trending ideas,Entertainment,Comedy,Australia,Brand,2025-04-11,2025-04-17,402630,26013,3710,715,40847.46,3676102,6,3,14062
YT00942,Comedy creator video 942: trending ideas,Entertainment,Comedy,United Kingdom,Educational,2025-06-23,2025-07-01,406511,39031,4413,1643,69161.73,537696,8,16,8089
YT00943,Hip Hop creator video 943: trending ideas,Music,Hip Hop,Canada,Individual,2025-03-14,2025-03-16,1184098,30801,1659,2045,268739.89,1547131,2,18,15363
YT00944,Pop creator video 944: trending ideas,Music,Pop,United Kingdom,Media Company,2025-04-25,2025-05-08,521714,51396,8087,1243,96335.08,1191222,13,12,12070
YT00945,Film & Animation creator video 945: trending ideas,Entertainment,Film & Animation,Canada,Educational,2025-04-26,2025-05-04,723715,83522,11050,5390,170291.07,1527502,8,15,15221
YT00946,Walkthrough creator video 946: trending ideas,Gaming,Walkthrough,Australia,Educational,2025-07-13,2025-07-16,356667,28486,3394,1076,85675.91,612011,3,4,9614
YT00947,Film & Animation creator video 947: trending ideas,Entertainment,Film & Animation,United States,Individual,2025-03-29,2025-04-12,829013,46476,4724,777,65463.62,2659101,14,12,14827
YT00948,Film & Animation creator video 948: trending ideas,Entertainment,Film & Animation,Canada,Brand,2025-02-18,2025-02-20,872556,51486,5794,1139,160219.03,1112138,2,7,14362
YT00949,Pop creator video 949: trending ideas,Music,Pop,Australia,Educational,2025-04-08,2025-04-10,759412,73949,12038,6586,44933.71,720175,2,18,6273
YT00950,Esports creator video 950: trending ideas,Gaming,Esports,Australia,Media Company,2025-04-21,2025-05-01,880333,41904,1402,3468,112277.25,3487620,10,7,14037
YT00951,Comedy creator video 951: trending ideas,Entertainment,Comedy,United Kingdom,Educational,2025-07-30,2025-08-12,487212,47542,2913,3832,24940.44,300801,13,9,17494
YT00952,Esports creator video 952: trending ideas,Gaming,Esports,India,Educational,2025-03-14,2025-03-19,512765,38400,3399,2912,135797.4,1892951,5,12,7881
YT00953,Hip Hop creator video 953: trending ideas,Music,Hip Hop,Australia,Brand,2025-08-06,2025-08-13,189688,21881,1943,594,44433.61,126412,7,9,1201
YT00954,Science creator video 954: trending ideas,Education,Science,India,Educational,2025-04-24,2025-04-25,529906,49725,6519,2328,119314.94,1976783,1,13,5546
YT00955,Walkthrough creator video 955: trending ideas,Gaming,Walkthrough,Canada,Educational,2025-01-01,2025-01-05,497295,30619,4243,1852,24490.38,1798513,4,16,8168
YT00956,Pop creator video 956: trending ideas,Music,Pop,India,Media Company,2025-09-13,2025-09-26,273725,29381,3596,972,28075.27,3866171,13,5,2532
YT00957,Science creator video 957: trending ideas,Education,Science,Australia,Educational,2025-05-21,2025-05-26,290449,7878,1331,465,47984.49,968452,5,9,10350
YT00958,Film & Animation creator video 958: trending ideas,Entertainment,Film & Animation,Australia,Educational,2025-03-23,2025-04-03,627508,57617,2708,2587,170922.03,3334889,11,10,3895
YT00959,Technology creator video 959: trending ideas,Education,Technology,United States,Brand,2025-01-07,2025-01-11,498437,15669,2797,527,26873.25,2553500,4,10,13978
YT00960,Esports creator video 960: trending ideas,Gaming,Esports,United Kingdom,Individual,2025-04-19,2025-04-22,352544,23555,3281,1270,28534.21,3195517,3,3,7896
YT00961,Technology creator video 961: trending ideas,Education,Technology,Canada,Brand,2025-01-13,2025-01-17,470138,18192,2405,790,36189.85,2752929,4,6,9208
YT00962,Science creator video 962: trending ideas,Education,Science,India,Brand,2025-04-15,2025-04-26,458485,27376,1139,2449,58661.51,1701495,11,13,17025
YT00963,Film & Animation creator video 963: trending ideas,Entertainment,Film & Animation,Australia,Individual,2025-07-16,2025-07-25,744705,45180,2916,703,85781.32,1601728,9,13,17371
YT00964,Walkthrough creator video 964: trending ideas,Gaming,Walkthrough,United States,Media Company,2025-10-23,2025-10-26,252629,28150,3841,1539,22421.17,2974294,3,3,594
YT00965,Science creator video 965: trending ideas,Education,Science,India,Brand,2025-02-18,2025-02-22,365429,15010,1595,1103,23014.12,34291,4,18,17582
YT00966,Film & Animation creator video 966: trending ideas,Entertainment,Film & Animation,Australia,Media Company,2025-09-24,2025-09-28,427677,24356,3356,555,93959.52,730519,4,15,5272
YT00967,Hip Hop creator video 967: trending ideas,Music,Hip Hop,India,Individual,2025-04-25,2025-05-01,753564,75893,7594,1676,148891.15,2417968,6,2,17261
YT00968,Pop creator video 968: trending ideas,Music,Pop,United States,Educational,2025-01-14,2025-01-15,845803,27608,2544,607,49831.52,577778,1,4,16986
YT00969,Walkthrough creator video 969: trending ideas,Gaming,Walkthrough,Canada,Individual,2025-08-18,2025-08-23,632167,19227,2545,1344,91393.57,2650144,5,18,2064
YT00970,Hip Hop creator video 970: trending ideas,Music,Hip Hop,India,Media Company,2025-05-27,2025-05-30,792536,41801,2614,2412,54057.73,796137,3,7,12857
YT00971,Pop creator video 971: trending ideas,Music,Pop,United States,Educational,2025-10-24,2025-10-30,122836,10167,976,436,20641.79,363494,6,4,107
YT00972,Hip Hop creator video 972: trending ideas,Music,Hip Hop,United Kingdom,Media Company,2025-08-28,2025-09-07,486570,14530,1759,986,94883.96,3662885,10,8,17205
YT00973,Comedy creator video 973: trending ideas,Entertainment,Comedy,United States,Educational,2025-01-10,2025-01-19,366038,21023,1377,869,94915.06,913618,9,10,13377
YT00974,Pop creator video 974: trending ideas,Music,Pop,Australia,Individual,2025-01-18,2025-01-27,852734,26683,4168,1633,36628.69,2205006,9,15,12101
YT00975,Film & Animation creator video 975: trending ideas,Entertainment,Film & Animation,Australia,Brand,2025-06-21,2025-06-28,401414,22753,1032,1528,102053.9,1246589,7,6,14395
YT00976,Film & Animation creator video 976: trending ideas,Entertainment,Film & Animation,India,Educational,2025-02-06,2025-02-07,488496,36149,4632,1538,135394.09,3769974,1,4,2544
YT00977,Comedy creator video 977: trending ideas,Entertainment,Comedy,Australia,Media Company,2025-09-16,2025-09-24,118440,9085,943,555,25220.13,236975,8,5,1779
YT00978,Technology creator video 978: trending ideas,Education,Technology,India,Individual,2025-10-08,2025-10-17,520359,52759,8674,1391,63933.81,2452680,9,17,17855
YT00979,Science creator video 979: trending ideas,Education,Science,Australia,Brand,2025-05-16,2025-05-26,221702,10600,691,578,58300.08,318741,10,12,6911
YT00980,Walkthrough creator video 980: trending ideas,Gaming,Walkthrough,Australia,Brand,2025-03-15,2025-03-19,544324,53703,4208,4248,25618.82,3349811,4,5,7944
YT00981,Walkthrough creator video 981: trending ideas,Gaming,Walkthrough,Canada,Educational,2025-05-12,2025-05-15,577753,29762,4709,1034,99556.26,1924432,3,8,165
YT00982,Comedy creator video 982: trending ideas,Entertainment,Comedy,Australia,Brand,2025-01-29,2025-01-30,1101354,43770,2089,1229,261009.81,3795722,1,13,17060
YT00983,Hip Hop creator video 983: trending ideas,Music,Hip Hop,India,Brand,2025-06-18,2025-06-28,931216,35983,6415,2359,178200.82,2110823,10,17,17075
YT00984,Science creator video 984: trending ideas,Education,Science,India,Media Company,2025-09-21,2025-10-02,335631,16625,2005,1421,14247.98,3402824,11,6,6480
YT00985,Film & Animation creator video 985: trending ideas,Entertainment,Film & Animation,United Kingdom,Educational,2025-03-15,2025-03-21,187256,9958,671,517,45378.21,353508,6,5,4132
YT00986,Comedy creator video 986: trending ideas,Entertainment,Comedy,United States,Brand,2025-10-24,2025-10-30,432771,25617,3558,1908,65837.61,776422,6,6,9713
YT00987,Hip Hop creator video 987: trending ideas,Music,Hip Hop,Canada,Brand,2025-01-28,2025-02-02,621927,43181,2111,1796,110945.29,2425343,5,10,2156
YT00988,Science creator video 988: trending ideas,Education,Science,India,Brand,2025-10-08,2025-10-21,158866,4264,739,197,40799.37,2844341,13,2,5621
YT00989,Walkthrough creator video 989: trending ideas,Gaming,Walkthrough,Australia,Brand,2025-06-05,2025-06-12,457481,52085,7927,1921,35549.36,1380257,7,14,4255
YT00990,Comedy creator video 990: trending ideas,Entertainment,Comedy,United States,Individual,2025-01-23,2025-01-25,348506,14209,2491,372,27046.48,1541779,2,9,279
YT00991,Walkthrough creator video 991: trending ideas,Gaming,Walkthrough,Canada,Educational,2025-03-08,2025-03-17,845745,60063,6844,4543,165711.74,3800323,9,15,13340
YT00992,Esports creator video 992: trending ideas,Gaming,Esports,India,Brand,2025-06-03,2025-06-16,230716,7505,657,318,22480.22,1072172,13,8,4
YT00993,Pop creator video 993: trending ideas,Music,Pop,Canada,Educational,2025-07-04,2025-07-08,659666,65623,11214,5205,49063.38,3741660,4,16,2552
YT00994,Film & Animation creator video 994: trending ideas,Entertainment,Film & Animation,India,Educational,2025-05-30,2025-06-13,309039,19792,2778,506,46949.92,1586230,14,2,2550
YT00995,Hip Hop creator video 995: trending ideas,Music,Hip Hop,India,Media Company,2025-02-15,2025-02-20,797218,68802,8951,4441,171101.39,3135909,5,17,2281
YT00996,Esports creator video 996: trending ideas,Gaming,Esports,United Kingdom,Brand,2025-05-05,2025-05-15,806069,91803,3221,3777,66710.24,1525837,10,15,12390
YT00997,Pop creator video 997: trending ideas,Music,Pop,United States,Educational,2025-06-21,2025-07-05,463336,12335,1536,664,69859.21,3704750,14,3,4296
YT00998,Technology creator video 998: trending ideas,Education,Technology,India,Media Company,2025-02-19,2025-03-04,308915,20241,3418,425,68990.42,3012900,13,6,9780
YT00999,Science creator video 999: trending ideas,Education,Science,India,Brand,2025-07-21,2025-07-26,447347,45634,6218,2783,44873.09,784388,5,13,15175
YT01000,Technology creator video 1000: trending ideas,Education,Technology,Canada,Brand,2025-04-28,2025-05-02,222585,19819,954,1526,50444.23,1080462,4,11,4528
YT01001,Film & Animation creator video 1001: trending ideas,Entertainment,Film & Animation,India,Educational,2025-09-10,2025-09-20,427771,39949,5545,3517,26530.39,424431,10,16,16941
YT01002,Esports creator video 1002: trending ideas,Gaming,Esports,United States,Individual,2025-09-19,2025-09-26,513750,22035,887,519,60733.03,1335948,7,10,9741
YT01003,Walkthrough creator video 1003: trending ideas,Gaming,Walkthrough,India,Educational,2025-07-26,2025-07-28,335181,37376,5194,1905,39016.19,630204,2,12,6503
YT01004,Hip Hop creator video 1004: trending ideas,Music,Hip Hop,India,Media Company,2025-07-14,2025-07-28,396353,44549,5705,1096,45490.79,1048484,14,12,2001
YT01005,Hip Hop creator video 1005: trending ideas,Music,Hip Hop,Canada,Individual,2025-03-16,2025-03-24,890400,29381,4922,776,52509.46,3433726,8,6,12600
YT01006,Film & Animation creator video 1006: trending ideas,Entertainment,Film & Animation,United States,Media Company,2025-10-23,2025-11-04,578306,58521,2024,898,122388.97,3850374,12,17,9328
YT01007,Esports creator video 1007: trending ideas,Gaming,Esports,India,Educational,2025-09-02,2025-09-04,681117,67444,5253,3086,135121.83,2768850,2,9,3654
YT01008,Science creator video 1008: trending ideas,Education,Science,Australia,Media Company,2025-04-15,2025-04-23,624318,52907,9496,989,55336.33,3347366,8,17,17431
YT01009,Walkthrough creator video 1009: trending ideas,Gaming,Walkthrough,Canada,Individual,2025-04-26,2025-04-27,894287,65247,10139,4472,182223.08,949347,1,15,15925
YT01010,Pop creator video 1010: trending ideas,Music,Pop,India,Media Company,2025-05-27,2025-05-31,715476,83819,10310,5681,73734.08,2524524,4,8,9223
YT01011,Hip Hop creator video 1011: trending ideas,Music,Hip Hop,India,Educational,2025-06-06,2025-06-10,1247985,115990,5672,8979,273749.86,2443681,4,11,17821
YT01012,Technology creator video 1012: trending ideas,Education,Technology,United States,Educational,2025-09-08,2025-09-18,74046,6448,876,137,8934.85,1219306,10,3,715
YT01013,Film & Animation creator video 1013: trending ideas,Entertainment,Film & Animation,United Kingdom,Educational,2025-01-21,2025-01-28,394426,32672,5076,2658,64568.22,2945103,7,3,3422
YT01014,Walkthrough creator video 1014: trending ideas,Gaming,Walkthrough,United Kingdom,Media Company,2025-05-11,2025-05-25,714674,71028,9957,5164,122843.53,324365,14,18,16616
YT01015,Science creator video 1015: trending ideas,Education,Science,United Kingdom,Individual,2025-05-30,2025-06-05,818026,55272,1735,3897,149081.98,3992446,6,18,11387
YT01016,Hip Hop creator video 1016: trending ideas,Music,Hip Hop,Canada,Brand,2025-10-04,2025-10-12,684362,57535,7098,4420,83036.01,3150549,8,6,9299
YT01017,Technology creator video 1017: trending ideas,Education,Technology,India,Individual,2025-01-25,2025-01-26,283789,16779,1342,1379,36803.35,401416,1,4,8466
YT01018,Pop creator video 1018: trending ideas,Music,Pop,United Kingdom,Brand,2025-09-24,2025-10-05,496970,23315,881,433,51474.3,2809549,11,4,1352
YT01019,Hip Hop creator video 1019: trending ideas,Music,Hip Hop,United Kingdom,Educational,2025-09-17,2025-09-22,267038,20220,1907,659,29535.09,419075,5,7,2341
YT01020,Esports creator video 1020: trending ideas,Gaming,Esports,Canada,Educational,2025-09-15,2025-09-20,849985,80680,4004,6827,160968.12,3692068,5,18,1482
YT01021,Pop creator video 1021: trending ideas,Music,Pop,Canada,Brand,2025-03-31,2025-04-13,555280,48916,8387,1182,126578.59,370285,13,11,16951
YT01022,Esports creator video 1022: trending ideas,Gaming,Esports,Canada,Brand,2025-07-22,2025-07-23,227037,5938,433,150,43126.04,754310,1,7,1269
YT01023,Pop creator video 1023: trending ideas,Music,Pop,India,Educational,2025-06-09,2025-06-17,808799,43917,5023,2756,176305.15,2823459,8,15,2737
YT01024,Pop creator video 1024: trending ideas,Music,Pop,United States,Educational,2025-02-04,2025-02-09,1009202,96987,12081,2662,273222.39,3042589,5,7,12983
YT01025,Film & Animation creator video 1025: trending ideas,Entertainment,Film & Animation,Australia,Media Company,2025-02-17,2025-03-02,445191,50668,8491,2982,57378.84,2259243,13,8,1639
YT01026,Comedy creator video 1026: trending ideas,Entertainment,Comedy,United Kingdom,Educational,2025-06-29,2025-07-12,693674,35817,3632,796,43067.7,2653833,13,6,9028
YT01027,Technology creator video 1027: trending ideas,Education,Technology,India,Individual,2025-01-04,2025-01-12,443939,37090,5774,2648,45064.74,2274220,8,8,15176
YT01028,Walkthrough creator video 1028: trending ideas,Gaming,Walkthrough,United Kingdom,Educational,2025-07-27,2025-08-08,135191,4046,563,171,28710.69,786334,12,6,155
YT01029,Science creator video 1029: trending ideas,Education,Science,United States,Media Company,2025-06-25,2025-07-02,325188,32371,2077,989,42318.36,273502,7,15,8741
YT01030,Pop creator video 1030: trending ideas,Music,Pop,India,Brand,2025-04-09,2025-04-22,407506,33844,1114,1001,70659.05,3194914,13,7,3026
YT01031,Walkthrough creator video 1031: trending ideas,Gaming,Walkthrough,United Kingdom,Educational,2025-03-05,2025-03-19,264959,21485,1976,1707,60306.24,3642792,14,10,6437
YT01032,Pop creator video 1032: trending ideas,Music,Pop,India,Individual,2025-02-13,2025-02-14,900787,49973,6611,2258,242476.78,2547876,1,3,15609
YT01033,Walkthrough creator video 1033: trending ideas,Gaming,Walkthrough,Canada,Brand,2025-07-11,2025-07-19,340338,36037,3974,2491,49842.2,1250568,8,16,9351
YT01034,Technology creator video 1034: trending ideas,Education,Technology,United States,Media Company,2025-06-12,2025-06-26,566589,45777,5739,1633,131995.41,2767545,14,18,6251
YT01035,Pop creator video 1035: trending ideas,Music,Pop,United States,Media Company,2025-06-05,2025-06-15,694950,46244,5239,1580,78207.57,2438827,10,7,11571
YT01036,Science creator video 1036: trending ideas,Education,Science,United Kingdom,Individual,2025-09-16,2025-09-23,277519,10251,1749,254,23725.87,2504895,7,11,3427
YT01037,Pop creator video 1037: trending ideas,Music,Pop,United Kingdom,Educational,2025-05-08,2025-05-11,477232,37362,1268,1686,53993.55,1577317,3,18,923
YT01038,Hip Hop creator video 1038: trending ideas,Music,Hip Hop,Canada,Educational,2025-03-15,2025-03-27,727458,65534,4487,1443,146981.15,2288391,12,18,1026
YT01039,Pop creator video 1039: trending ideas,Music,Pop,Australia,Individual,2025-01-13,2025-01-24,527931,61803,6627,2464,95844.16,1391939,11,16,14568
YT01040,Film & Animation creator video 1040: trending ideas,Entertainment,Film & Animation,United Kingdom,Educational,2025-02-14,2025-02-21,552505,50093,7248,2111,123571.9,2829933,7,8,7705
YT01041,Science creator video 1041: trending ideas,Education,Science,United States,Brand,2025-04-15,2025-04-25,134658,9801,1635,584,17261.16,1517951,10,15,5902
YT01042,Walkthrough creator video 1042: trending ideas,Gaming,Walkthrough,Australia,Media Company,2025-08-10,2025-08-20,402228,37382,5519,1232,52656.8,8859,10,7,14462
YT01043,Technology creator video 1043: trending ideas,Education,Technology,United States,Media Company,2025-02-27,2025-03-12,505002,35757,1179,2394,41855.5,1169312,13,17,9718
YT01044,Pop creator video 1044: trending ideas,Music,Pop,United States,Educational,2025-06-10,2025-06-16,617031,63532,8095,3851,152313.9,673965,6,10,10550
YT01045,Walkthrough creator video 1045: trending ideas,Gaming,Walkthrough,United States,Brand,2025-03-07,2025-03-14,370407,43128,2618,1836,49348.32,1253988,7,13,8867
YT01046,Walkthrough creator video 1046: trending ideas,Gaming,Walkthrough,Canada,Brand,2025-06-30,2025-07-05,718411,81360,4836,3313,97165.81,624408,5,13,17074
YT01047,Comedy creator video 1047: trending ideas,Entertainment,Comedy,Canada,Brand,2025-07-29,2025-07-30,974667,50930,4946,2583,139738.64,3252351,1,8,5384
YT01048,Hip Hop creator video 1048: trending ideas,Music,Hip Hop,India,Educational,2025-04-01,2025-04-06,385631,40767,5656,3097,83206.48,709767,5,12,5924
YT01049,Technology creator video 1049: trending ideas,Education,Technology,Canada,Media Company,2025-10-03,2025-10-12,223925,7375,496,496,16705.93,677669,9,8,7459
YT01050,Technology creator video 1050: trending ideas,Education,Technology,Canada,Media Company,2025-09-25,2025-10-01,621880,59483,5619,4933,93573.56,3860142,6,8,17642
YT01051,Walkthrough creator video 1051: trending ideas,Gaming,Walkthrough,Canada,Media Company,2025-07-23,2025-08-02,603981,34847,2418,1430,155941.46,3283546,10,4,156
YT01052,Technology creator video 1052: trending ideas,Education,Technology,Australia,Educational,2025-09-03,2025-09-06,321796,33341,5047,2115,59956.48,3661404,3,14,436
YT01053,Esports creator video 1053: trending ideas,Gaming,Esports,India,Educational,2025-02-12,2025-02-23,460521,32605,5294,1041,31914.8,1902440,11,3,9122
YT01054,Film & Animation creator video 1054: trending ideas,Entertainment,Film & Animation,United States,Brand,2025-08-19,2025-08-31,308303,34969,4818,2463,37608.99,149299,12,8,10704
YT01055,Pop creator video 1055: trending ideas,Music,Pop,India,Media Company,2025-05-24,2025-05-25,1133657,40597,3988,2781,99654.0,1261802,1,16,13764
YT01056,Esports creator video 1056: trending ideas,Gaming,Esports,India,Brand,2025-01-01,2025-01-08,592908,58937,4001,3920,37597.59,3833957,7,8,5741
YT01057,Science creator video 1057: trending ideas,Education,Science,Canada,Brand,2025-04-15,2025-04-27,193359,16900,2903,904,35398.45,331709,12,6,5613
YT01058,Hip Hop creator video 1058: trending ideas,Music,Hip Hop,Australia,Media Company,2025-03-23,2025-03-31,494233,48989,2210,1938,48827.22,344120,8,6,13925
YT01059,Science creator video 1059: trending ideas,Education,Science,United States,Individual,2025-05-12,2025-05-19,215651,7665,1104,300,47162.6,793183,7,9,14425
YT01060,Technology creator video 1060: trending ideas,Education,Technology,India,Media Company,2025-03-08,2025-03-21,682477,29863,2634,1495,183846.14,2801444,13,10,17469
YT01061,Science creator video 1061: trending ideas,Education,Science,Canada,Brand,2025-04-19,2025-05-03,187017,8537,1066,696,14767.63,1699125,14,9,2835
YT01062,Film & Animation creator video 1062: trending ideas,Entertainment,Film & Animation,United States,Brand,2025-01-12,2025-01-23,533233,25371,4299,960,130417.37,3188237,11,4,926
YT01063,Film & Animation creator video 1063: trending ideas,Entertainment,Film & Animation,Australia,Educational,2025-10-21,2025-10-30,1072927,80548,13085,4330,289632.98,3071364,9,5,15418
YT01064,Film & Animation creator video 1064: trending ideas,Entertainment,Film & Animation,United Kingdom,Brand,2025-09-24,2025-09-29,700101,45227,7009,3718,134845.75,1395011,5,4,14331
YT01065,Technology creator video 1065: trending ideas,Education,Technology,India,Educational,2025-10-22,2025-10-25,756184,70292,5788,1274,80401.45,2220916,3,14,17065
YT01066,Science creator video 1066: trending ideas,Education,Science,India,Brand,2025-02-16,2025-02-17,389045,23100,3819,1436,90680.59,3711978,1,2,13331
YT01067,Esports creator video 1067: trending ideas,Gaming,Esports,United States,Brand,2025-10-24,2025-11-01,123171,10084,606,696,9064.39,493871,8,7,658
YT01068,Hip Hop creator video 1068: trending ideas,Music,Hip Hop,United Kingdom,Individual,2025-03-13,2025-03-15,504566,60049,4325,3212,55324.52,3710939,2,5,10311
YT01069,Walkthrough creator video 1069: trending ideas,Gaming,Walkthrough,Canada,Brand,2025-07-17,2025-07-20,623693,41684,3714,2659,114843.84,319399,3,6,14220
YT01070,Comedy creator video 1070: trending ideas,Entertainment,Comedy,Australia,Brand,2025-07-05,2025-07-13,391653,15696,1774,299,72271.92,2398582,8,7,0
YT01071,Esports creator video 1071: trending ideas,Gaming,Esports,United States,Brand,2025-05-10,2025-05-15,660123,63434,7019,3378,69849.85,3443138,5,16,8024
YT01072,Technology creator video 1072: trending ideas,Education,Technology,Australia,Media Company,2025-04-21,2025-04-26,430223,30053,5298,2108,88146.94,3708073,5,11,4391
YT01073,Esports creator video 1073: trending ideas,Gaming,Esports,India,Brand,2025-03-06,2025-03-12,933548,81888,5341,2411,154414.74,3216812,6,2,11495
YT01074,Science creator video 1074: trending ideas,Education,Science,Australia,Media Company,2025-06-23,2025-07-06,247222,10306,1578,364,64227.99,1848447,13,9,6409
YT01075,Esports creator video 1075: trending ideas,Gaming,Esports,Canada,Individual,2025-06-11,2025-06-23,551903,31801,2038,841,98164.84,3653702,12,12,17497
YT01076,Technology creator video 1076: trending ideas,Education,Technology,United States,Individual,2025-01-01,2025-01-04,603937,52110,5870,4578,131251.5,2532553,3,9,7560
YT01077,Hip Hop creator video 1077: trending ideas,Music,Hip Hop,United States,Individual,2025-10-19,2025-10-22,414997,12426,550,707,35567.67,53124,3,5,11341
YT01078,Comedy creator video 1078: trending ideas,Entertainment,Comedy,United Kingdom,Brand,2025-08-01,2025-08-06,255129,13435,1345,1149,55013.47,2887966,5,12,241
YT01079,Hip Hop creator video 1079: trending ideas,Music,Hip Hop,Australia,Educational,2025-07-11,2025-07-12,1248246,61168,2904,3420,328367.22,3204220,1,7,12379
YT01080,Technology creator video 1080: trending ideas,Education,Technology,India,Brand,2025-08-16,2025-08-24,934079,80982,7624,3670,111108.24,3299584,8,14,17706
YT01081,Walkthrough creator video 1081: trending ideas,Gaming,Walkthrough,Australia,Individual,2025-04-09,2025-04-14,464811,41485,6306,1242,127695.84,1762274,5,9,9859
YT01082,Film & Animation creator video 1082: trending ideas,Entertainment,Film & Animation,Australia,Media Company,2025-10-16,2025-10-18,1023434,35050,4674,812,193151.37,2992892,2,4,11036
YT01083,Pop creator video 1083: trending ideas,Music,Pop,Canada,Educational,2025-09-25,2025-10-04,866007,86209,4942,7412,157361.45,3146206,9,13,15225
YT01084,Walkthrough creator video 1084: trending ideas,Gaming,Walkthrough,Australia,Educational,2025-06-11,2025-06-12,907644,74171,10417,1201,136894.08,929972,1,13,17731
YT01085,Hip Hop creator video 1085: trending ideas,Music,Hip Hop,India,Brand,2025-01-02,2025-01-15,329942,17066,1947,1108,73664.32,500969,13,11,5386
YT01086,Esports creator video 1086: trending ideas,Gaming,Esports,India,Brand,2025-10-01,2025-10-06,677338,63827,9988,3302,161467.01,2628154,5,10,14790
YT01087,Pop creator video 1087: trending ideas,Music,Pop,United States,Individual,2025-05-11,2025-05-15,677490,77607,6544,2234,136257.07,1762563,4,8,12830
YT01088,Technology creator video 1088: trending ideas,Education,Technology,India,Educational,2025-09-09,2025-09-23,492173,21070,2266,1727,60900.14,3908403,14,16,1832
YT01089,Pop creator video 1089: trending ideas,Music,Pop,Canada,Media Company,2025-04-01,2025-04-13,587831,38717,3333,955,116120.95,1581684,12,12,10306
YT01090,Science creator video 1090: trending ideas,Education,Science,United Kingdom,Educational,2025-08-11,2025-08-20,226919,19284,2639,1240,40129.0,3788064,9,4,4151
YT01091,Science creator video 1091: trending ideas,Education,Science,Canada,Media Company,2025-08-13,2025-08-17,1036567,68390,7498,3436,238800.8,3496886,4,17,17230
YT01092,Comedy creator video 1092: trending ideas,Entertainment,Comedy,United States,Media Company,2025-05-31,2025-06-04,599972,46366,7027,2542,75388.7,3148567,4,9,561
YT01093,Hip Hop creator video 1093: trending ideas,Music,Hip Hop,Canada,Individual,2025-10-20,2025-10-31,660047,57450,5660,3666,163975.91,2824666,11,7,4027
YT01094,Pop creator video 1094: trending ideas,Music,Pop,United States,Media Company,2025-07-25,2025-08-02,653347,32192,2628,978,83867.49,1851601,8,3,16002
YT01095,Hip Hop creator video 1095: trending ideas,Music,Hip Hop,Canada,Brand,2025-03-29,2025-04-07,288991,19881,2326,1628,79188.06,285035,9,9,5986
YT01096,Comedy creator video 1096: trending ideas,Entertainment,Comedy,United States,Educational,2025-09-07,2025-09-08,712790,34672,1639,2634,153145.67,1488956,1,14,16033
YT01097,Technology creator video 1097: trending ideas,Education,Technology,United States,Brand,2025-10-25,2025-10-31,599677,40700,5029,2827,76730.94,2132928,6,17,15860
YT01098,Walkthrough creator video 1098: trending ideas,Gaming,Walkthrough,United Kingdom,Individual,2025-10-26,2025-10-31,690474,58611,3149,1786,59610.78,2082488,5,9,17657
YT01099,Comedy creator video 1099: trending ideas,Entertainment,Comedy,United Kingdom,Educational,2025-01-18,2025-01-24,330801,24337,2382,458,24664.67,422009,6,4,9076
YT01100,Comedy creator video 1100: trending ideas,Entertainment,Comedy,United Kingdom,Individual,2025-06-26,2025-06-27,594508,45162,6410,2826,63652.47,3334282,1,7,7312
YT01101,Technology creator video 1101: trending ideas,Education,Technology,Australia,Individual,2025-09-11,2025-09-21,416548,39836,4279,1587,35310.19,934994,10,11,17769
YT01102,Pop creator video 1102: trending ideas,Music,Pop,Australia,Brand,2025-05-04,2025-05-13,549260,41885,6244,3757,42606.22,3132710,9,12,4257
YT01103,Pop creator video 1103: trending ideas,Music,Pop,Canada,Individual,2025-09-05,2025-09-19,335520,13109,1528,834,92332.85,259046,14,13,6632
YT01104,Comedy creator video 1104: trending ideas,Entertainment,Comedy,United Kingdom,Educational,2025-04-15,2025-04-25,323454,19344,2565,948,36803.89,2095087,10,6,13290
YT01105,Film & Animation creator video 1105: trending ideas,Entertainment,Film & Animation,India,Brand,2025-02-26,2025-03-02,489249,46280,4952,991,42119.21,1559242,4,10,11698
YT01106,Comedy creator video 1106: trending ideas,Entertainment,Comedy,Australia,Media Company,2025-10-04,2025-10-15,637492,39031,4129,1789,31435.71,1369180,11,5,12379
YT01107,Film & Animation creator video 1107: trending ideas,Entertainment,Film & Animation,India,Media Company,2025-07-09,2025-07-15,776552,87267,15204,5655,33483.35,3911494,6,12,9595
YT01108,Technology creator video 1108: trending ideas,Education,Technology,Australia,Educational,2025-07-24,2025-08-04,447387,16292,741,478,40430.99,2298242,11,6,11205
YT01109,Comedy creator video 1109: trending ideas,Entertainment,Comedy,Canada,Educational,2025-06-25,2025-07-05,628124,33542,4960,2751,103361.82,1563886,10,9,16290
YT01110,Film & Animation creator video 1110: trending ideas,Entertainment,Film & Animation,United States,Individual,2025-02-05,2025-02-08,426228,51089,2789,2284,51317.49,1156567,3,7,10383
YT01111,Science creator video 1111: trending ideas,Education,Science,Canada,Brand,2025-03-13,2025-03-20,318769,15141,2721,478,52919.99,2370989,7,4,10265
YT01112,Comedy creator video 1112: trending ideas,Entertainment,Comedy,United Kingdom,Media Company,2025-04-08,2025-04-11,429144,43629,7100,2339,83784.44,176392,3,16,8921
YT01113,Film & Animation creator video 1113: trending ideas,Entertainment,Film & Animation,United Kingdom,Media Company,2025-05-16,2025-05-21,502974,15522,1778,1104,32677.78,3803470,5,3,8850
YT01114,Walkthrough creator video 1114: trending ideas,Gaming,Walkthrough,Australia,Brand,2025-03-01,2025-03-05,217233,23250,920,1897,34630.24,17932,4,10,1905
YT01115,Technology creator video 1115: trending ideas,Education,Technology,United States,Media Company,2025-07-07,2025-07-14,264255,11730,611,591,53835.48,975577,7,8,10131
YT01116,Hip Hop creator video 1116: trending ideas,Music,Hip Hop,Canada,Educational,2025-06-03,2025-06-13,375688,30054,3378,2524,27663.29,561598,10,18,4946
YT01117,Technology creator video 1117: trending ideas,Education,Technology,United States,Educational,2025-06-30,2025-07-10,310061,19027,1837,791,36151.37,868951,10,8,15841
YT01118,Technology creator video 1118: trending ideas,Education,Technology,United Kingdom,Media Company,2025-04-24,2025-04-26,83954,3306,195,276,20106.82,1020225,2,2,199
YT01119,Technology creator video 1119: trending ideas,Education,Technology,United Kingdom,Individual,2025-10-16,2025-10-27,274423,14673,1491,789,36201.15,3485863,11,10,6093
YT01120,Pop creator video 1120: trending ideas,Music,Pop,Australia,Individual,2025-10-01,2025-10-12,400788,36504,1524,1458,65523.79,178886,11,6,8359
YT01121,Science creator video 1121: trending ideas,Education,Science,Australia,Brand,2025-07-05,2025-07-16,503375,60323,3887,4617,67516.01,3938354,11,8,10063
YT01122,Pop creator video 1122: trending ideas,Music,Pop,Australia,Brand,2025-07-19,2025-07-26,725097,62426,7631,2046,91951.42,2629812,7,10,15731
YT01123,Film & Animation creator video 1123: trending ideas,Entertainment,Film & Animation,Canada,Educational,2025-09-23,2025-09-24,429484,44407,6452,2255,88303.43,3115368,1,17,2662
YT01124,Film & Animation creator video 1124: trending ideas,Entertainment,Film & Animation,India,Media Company,2025-03-20,2025-03-31,404013,34745,3139,705,112269.98,3477400,11,2,5563
YT01125,Walkthrough creator video 1125: trending ideas,Gaming,Walkthrough,United Kingdom,Educational,2025-03-24,2025-04-05,346683,19247,1243,631,51343.72,16254,12,10,14053
YT01126,Science creator video 1126: trending ideas,Education,Science,Canada,Educational,2025-02-27,2025-03-13,310769,12859,954,562,38763.74,3895391,14,18,1779
YT01127,Walkthrough creator video 1127: trending ideas,Gaming,Walkthrough,United Kingdom,Media Company,2025-05-20,2025-05-24,495481,47600,7547,2355,86861.94,538620,4,16,12199
YT01128,Science creator video 1128: trending ideas,Education,Science,India,Individual,2025-02-14,2025-02-23,78959,7623,1364,138,3329.82,444225,9,14,567
YT01129,Pop creator video 1129: trending ideas,Music,Pop,Australia,Media Company,2025-02-05,2025-02-06,846465,93994,16826,3651,173174.11,723083,1,4,15808
YT01130,Hip Hop creator video 1130: trending ideas,Music,Hip Hop,Canada,Brand,2025-02-07,2025-02-17,354920,10226,332,174,48571.23,882333,10,8,11799
YT01131,Walkthrough creator video 1131: trending ideas,Gaming,Walkthrough,United Kingdom,Media Company,2025-01-05,2025-01-10,336218,19296,3393,1726,63654.69,1088064,5,10,6960
YT01132,Science creator video 1132: trending ideas,Education,Science,Australia,Media Company,2025-06-02,2025-06-15,180959,12317,2126,388,14669.6,2204310,13,18,3830
YT01133,Technology creator video 1133: trending ideas,Education,Technology,Australia,Brand,2025-04-30,2025-05-11,456117,42503,3619,3265,115848.51,2611522,11,6,1952
YT01134,Pop creator video 1134: trending ideas,Music,Pop,United Kingdom,Brand,2025-03-16,2025-03-27,627282,21065,2984,1275,78996.79,3232997,11,17,6833
YT01135,Pop creator video 1135: trending ideas,Music,Pop,India,Media Company,2025-09-03,2025-09-16,137622,16316,1618,348,5765.9,535329,13,2,3210
YT01136,Pop creator video 1136: trending ideas,Music,Pop,Canada,Brand,2025-07-02,2025-07-05,325781,14852,2601,910,79678.94,1218579,3,3,7990
YT01137,Film & Animation creator video 1137: trending ideas,Entertainment,Film & Animation,Canada,Media Company,2025-02-14,2025-02-27,914019,99706,17573,6836,96381.67,3433620,13,17,17737
YT01138,Comedy creator video 1138: trending ideas,Entertainment,Comedy,Australia,Educational,2025-01-25,2025-02-05,1199327,107135,14403,7314,52785.19,3552761,11,14,17147
YT01139,Esports creator video 1139: trending ideas,Gaming,Esports,Canada,Educational,2025-05-13,2025-05-16,534578,59679,10641,2096,126737.65,3072860,3,5,9787
YT01140,Walkthrough creator video 1140: trending ideas,Gaming,Walkthrough,Canada,Media Company,2025-04-13,2025-04-21,493901,41928,4049,1057,63830.12,781596,8,18,7046
YT01141,Film & Animation creator video 1141: trending ideas,Entertainment,Film & Animation,United States,Brand,2025-01-11,2025-01-22,785171,38548,4428,1494,93094.41,2830677,11,6,9911
YT01142,Film & Animation creator video 1142: trending ideas,Entertainment,Film & Animation,United Kingdom,Educational,2025-10-14,2025-10-24,196424,13252,1646,273,38527.41,1141850,10,6,673
YT01143,Comedy creator video 1143: trending ideas,Entertainment,Comedy,Canada,Media Company,2025-03-03,2025-03-09,601334,25354,2204,1351,64251.01,371283,6,17,13567
YT01144,Science creator video 1144: trending ideas,Education,Science,Australia,Educational,2025-05-01,2025-05-10,183652,19118,1615,664,9191.17,2629279,9,17,327
YT01145,Science creator video 1145: trending ideas,Education,Science,Australia,Media Company,2025-03-02,2025-03-04,474732,52868,4661,3637,25181.3,2180231,2,8,14195
YT01146,Film & Animation creator video 1146: trending ideas,Entertainment,Film & Animation,Canada,Educational,2025-05-01,2025-05-04,1263188,145717,4547,10898,235205.25,2175405,3,13,14718
YT01147,Hip Hop creator video 1147: trending ideas,Music,Hip Hop,Australia,Educational,2025-04-20,2025-05-04,579922,68611,11120,5865,122257.38,3512651,14,15,7008
YT01148,Walkthrough creator video 1148: trending ideas,Gaming,Walkthrough,United States,Brand,2025-07-11,2025-07-19,586728,70258,5724,6015,36997.91,3459469,8,6,10389
YT01149,Esports creator video 1149: trending ideas,Gaming,Esports,United Kingdom,Educational,2025-06-10,2025-06-22,262708,12724,2054,1009,16463.5,1094786,12,16,539
YT01150,Technology creator video 1150: trending ideas,Education,Technology,United Kingdom,Educational,2025-08-22,2025-09-02,545047,57227,4552,1777,36322.18,3611716,11,12,12741
YT01151,Comedy creator video 1151: trending ideas,Entertainment,Comedy,United Kingdom,Brand,2025-07-16,2025-07-29,220989,12061,1505,192,59392.93,1849637,13,7,572
YT01152,Walkthrough creator video 1152: trending ideas,Gaming,Walkthrough,United States,Individual,2025-05-02,2025-05-09,222135,14621,1685,1016,61496.63,1062193,7,4,3130
YT01153,Technology creator video 1153: trending ideas,Education,Technology,Australia,Media Company,2025-07-12,2025-07-16,335179,29492,4148,1812,37711.01,3533401,4,14,4480
YT01154,Pop creator video 1154: trending ideas,Music,Pop,United Kingdom,Educational,2025-08-25,2025-09-06,983662,96387,8780,6725,194743.85,2629939,12,15,15109
YT01155,Pop creator video 1155: trending ideas,Music,Pop,India,Individual,2025-06-03,2025-06-05,935100,53680,6132,3232,81917.24,1529180,2,17,9932
YT01156,Science creator video 1156: trending ideas,Education,Science,Australia,Media Company,2025-02-27,2025-03-05,305290,8917,428,249,19323.45,530961,6,5,12146
YT01157,Hip Hop creator video 1157: trending ideas,Music,Hip Hop,India,Individual,2025-02-22,2025-03-07,278118,12257,1970,915,21386.32,371337,13,6,7137
YT01158,Comedy creator video 1158: trending ideas,Entertainment,Comedy,United States,Educational,2025-08-23,2025-08-27,992720,84093,5052,3709,214602.28,3352187,4,5,9576
YT01159,Technology creator video 1159: trending ideas,Education,Technology,United Kingdom,Media Company,2025-03-06,2025-03-09,149088,13755,1696,497,34006.58,1428694,3,4,502
YT01160,Walkthrough creator video 1160: trending ideas,Gaming,Walkthrough,Canada,Media Company,2025-02-21,2025-02-25,294013,29881,5171,2600,45850.74,1762101,4,4,6339
YT01161,Technology creator video 1161: trending ideas,Education,Technology,United States,Brand,2025-01-19,2025-01-21,76974,5703,858,428,20323.25,1404097,2,2,132
YT01162,Pop creator video 1162: trending ideas,Music,Pop,United States,Educational,2025-05-03,2025-05-07,1113063,106340,16514,5872,202708.98,3694207,4,4,17824
YT01163,Pop creator video 1163: trending ideas,Music,Pop,United Kingdom,Media Company,2025-02-03,2025-02-10,547728,26416,2275,2079,132466.56,1729579,7,8,9997
YT01164,Hip Hop creator video 1164: trending ideas,Music,Hip Hop,United States,Media Company,2025-10-25,2025-11-03,560575,63680,6693,3847,79075.34,2074276,9,9,17485
YT01165,Film & Animation creator video 1165: trending ideas,Entertainment,Film & Animation,United States,Brand,2025-04-15,2025-04-27,540274,47087,3398,3631,33426.56,3023813,12,16,10762
YT01166,Walkthrough creator video 1166: trending ideas,Gaming,Walkthrough,United States,Individual,2025-07-31,2025-08-13,622269,61425,6980,4557,49515.31,2483199,13,13,10027
YT01167,Film & Animation creator video 1167: trending ideas,Entertainment,Film & Animation,United Kingdom,Brand,2025-05-01,2025-05-04,626313,72006,3204,3206,32344.08,2157400,3,3,9881
YT01168,Technology creator video 1168: trending ideas,Education,Technology,Australia,Brand,2025-10-26,2025-11-07,408119,13617,591,784,33584.85,2262390,12,14,16592
YT01169,Science creator video 1169: trending ideas,Education,Science,United Kingdom,Educational,2025-03-10,2025-03-18,464465,24437,1121,1701,114667.49,3382918,8,10,6429
YT01170,Technology creator video 1170: trending ideas,Education,Technology,United Kingdom,Media Company,2025-09-29,2025-10-03,153239,15905,2310,370,9011.35,1852722,4,3,5619
YT01171,Film & Animation creator video 1171: trending ideas,Entertainment,Film & Animation,India,Individual,2025-07-25,2025-08-02,232173,9022,1468,277,44032.69,2467304,8,7,2421
YT01172,Science creator video 1172: trending ideas,Education,Science,Australia,Media Company,2025-07-18,2025-07-26,133121,11101,1054,324,9151.76,1188717,8,4,6798
YT01173,Technology creator video 1173: trending ideas,Education,Technology,India,Brand,2025-05-11,2025-05-25,279080,18794,2024,1046,15883.97,2172797,14,6,9879
YT01174,Film & Animation creator video 1174: trending ideas,Entertainment,Film & Animation,India,Media Company,2025-09-03,2025-09-04,473273,13588,2331,792,25230.08,357452,1,18,7889
YT01175,Hip Hop creator video 1175: trending ideas,Music,Hip Hop,United States,Educational,2025-02-08,2025-02-20,159246,12020,640,320,26355.05,1590176,12,6,1728
YT01176,Pop creator video 1176: trending ideas,Music,Pop,Australia,Media Company,2025-03-18,2025-03-28,824112,41548,2624,2821,183841.04,3644301,10,16,389
YT01177,Esports creator video 1177: trending ideas,Gaming,Esports,India,Educational,2025-10-03,2025-10-15,432664,46946,5685,2517,19554.97,1103745,12,4,15843
YT01178,Technology creator video 1178: trending ideas,Education,Technology,India,Brand,2025-05-10,2025-05-15,305174,20152,2933,489,46231.29,1593465,5,13,13790
YT01179,Esports creator video 1179: trending ideas,Gaming,Esports,United States,Educational,2025-07-13,2025-07-21,289269,27620,4714,774,61126.4,3990974,8,4,2023
YT01180,Esports creator video 1180: trending ideas,Gaming,Esports,Australia,Brand,2025-06-07,2025-06-10,995605,70651,8950,5945,179389.87,3836540,3,9,4363
YT01181,Comedy creator video 1181: trending ideas,Entertainment,Comedy,United States,Educational,2025-07-12,2025-07-26,384058,34595,5503,2158,40150.21,3502809,14,7,12810
YT01182,Comedy creator video 1182: trending ideas,Entertainment,Comedy,Canada,Media Company,2025-07-05,2025-07-18,969894,102930,6032,4242,230482.07,3360577,13,9,13644
YT01183,Hip Hop creator video 1183: trending ideas,Music,Hip Hop,Australia,Brand,2025-09-28,2025-10-08,805786,22217,3186,1000,118020.39,3375885,10,16,6043
YT01184,Comedy creator video 1184: trending ideas,Entertainment,Comedy,India,Educational,2025-08-04,2025-08-16,183853,8819,308,781,44898.27,472480,12,17,479
YT01185,Comedy creator video 1185: trending ideas,Entertainment,Comedy,India,Individual,2025-04-10,2025-04-12,506890,19445,2687,1625,69957.82,2712962,2,4,2429
YT01186,Pop creator video 1186: trending ideas,Music,Pop,Australia,Brand,2025-09-14,2025-09-22,353937,28353,3369,1089,18195.84,558248,8,16,9414
YT01187,Science creator video 1187: trending ideas,Education,Science,India,Individual,2025-04-16,2025-04-26,763888,35163,2264,1059,37644.28,3248945,10,17,7657
YT01188,Technology creator video 1188: trending ideas,Education,Technology,India,Media Company,2025-01-26,2025-02-07,570067,28226,2312,1042,91651.75,3143023,12,17,7147
YT01189,Science creator video 1189: trending ideas,Education,Science,United Kingdom,Media Company,2025-02-09,2025-02-10,619936,25729,3779,1041,112954.38,2765544,1,16,4564
YT01190,Hip Hop creator video 1190: trending ideas,Music,Hip Hop,United States,Individual,2025-07-21,2025-08-04,556211,30448,5410,730,70385.36,3855112,14,11,867
YT01191,Comedy creator video 1191: trending ideas,Entertainment,Comedy,India,Educational,2025-02-19,2025-02-21,468053,51939,1925,2781,81234.55,691704,2,2,10824
YT01192,Hip Hop creator video 1192: trending ideas,Music,Hip Hop,United States,Media Company,2025-06-30,2025-07-10,1093960,32468,2997,1568,222643.14,3408262,10,9,15746
YT01193,Technology creator video 1193: trending ideas,Education,Technology,Canada,Educational,2025-02-02,2025-02-14,329620,37939,4556,2868,62622.98,2554293,12,16,6982
YT01194,Science creator video 1194: trending ideas,Education,Science,Australia,Media Company,2025-10-21,2025-10-26,378523,18703,2512,890,60425.45,1365651,5,5,12232
YT01195,Science creator video 1195: trending ideas,Education,Science,United States,Brand,2025-09-15,2025-09-17,391452,30676,4336,757,28168.5,1256895,2,15,12234
YT01196,Walkthrough creator video 1196: trending ideas,Gaming,Walkthrough,Australia,Media Company,2025-06-02,2025-06-14,692680,63635,4148,2501,144029.55,114866,12,16,15807
YT01197,Hip Hop creator video 1197: trending ideas,Music,Hip Hop,India,Brand,2025-06-12,2025-06-17,601175,32106,3860,1508,161209.69,3872158,5,3,11486
YT01198,Film & Animation creator video 1198: trending ideas,Entertainment,Film & Animation,Australia,Brand,2025-09-12,2025-09-17,503285,15386,1759,1074,26260.45,2987629,5,5,1571
YT01199,Walkthrough creator video 1199: trending ideas,Gaming,Walkthrough,India,Brand,2025-08-18,2025-08-23,488182,54062,8269,3886,122792.65,1741378,5,8,14935
YT01200,Science creator video 1200: trending ideas,Education,Science,Canada,Educational,2025-02-15,2025-02-20,386930,22394,3799,1847,64374.45,1951334,5,8,10735
YT01201,Technology creator video 1201: trending ideas,Education,Technology,United Kingdom,Media Company,2025-06-24,2025-07-07,277403,15925,2081,1160,15015.89,1260092,13,8,5119
YT01202,Technology creator video 1202: trending ideas,Education,Technology,Australia,Individual,2025-01-17,2025-01-22,435756,50962,3000,2580,114485.81,3589816,5,2,649
YT01203,Science creator video 1203: trending ideas,Education,Science,United States,Individual,2025-06-14,2025-06-16,194795,13094,1610,364,50887.07,1595600,2,14,2173
YT01204,Esports creator video 1204: trending ideas,Gaming,Esports,Australia,Brand,2025-10-22,2025-11-02,341515,39075,1577,3184,94881.27,3351811,11,9,2682
YT01205,Science creator video 1205: trending ideas,Education,Science,India,Media Company,2025-04-23,2025-04-28,380591,22950,2697,583,25956.3,1188094,5,6,12704
YT01206,Film & Animation creator video 1206: trending ideas,Entertainment,Film & Animation,United States,Media Company,2025-09-30,2025-10-06,583741,40324,2312,2463,75050.26,3284382,6,2,15318
YT01207,Comedy creator video 1207: trending ideas,Entertainment,Comedy,Australia,Individual,2025-02-15,2025-02-18,594420,28518,1916,2007,33095.5,999433,3,7,13884
YT01208,Comedy creator video 1208: trending ideas,Entertainment,Comedy,United Kingdom,Media Company,2025-04-06,2025-04-12,588535,48914,4997,1043,148316.11,2451502,6,5,8393
YT01209,Technology creator video 1209: trending ideas,Education,Technology,Canada,Media Company,2025-01-13,2025-01-21,634236,25014,2231,784,138036.01,3761996,8,18,14302
YT01210,Esports creator video 1210: trending ideas,Gaming,Esports,Canada,Media Company,2025-07-08,2025-07-16,765101,91329,6421,1952,172233.86,3875862,8,12,13848
YT01211,Comedy creator video 1211: trending ideas,Entertainment,Comedy,Canada,Media Company,2025-05-26,2025-05-28,944176,24480,1515,2054,165585.65,2410106,2,14,6481
YT01212,Pop creator video 1212: trending ideas,Music,Pop,Australia,Individual,2025-04-06,2025-04-11,606426,19692,1375,778,105330.76,2824384,5,10,12580
YT01213,Esports creator video 1213: trending ideas,Gaming,Esports,Australia,Individual,2025-05-07,2025-05-18,617994,62140,3911,3851,54272.41,3061652,11,18,10182
YT01214,Film & Animation creator video 1214: trending ideas,Entertainment,Film & Animation,Australia,Educational,2025-05-11,2025-05-14,634030,52343,5668,3319,94140.0,3605834,3,9,9459
YT01215,Walkthrough creator video 1215: trending ideas,Gaming,Walkthrough,Canada,Individual,2025-09-21,2025-10-04,157423,13516,667,475,25888.01,108241,13,5,6618
YT01216,Pop creator video 1216: trending ideas,Music,Pop,United Kingdom,Educational,2025-07-22,2025-07-23,1400126,133329,12723,11916,207301.45,1451079,1,14,17478
YT01217,Walkthrough creator video 1217: trending ideas,Gaming,Walkthrough,United Kingdom,Brand,2025-02-26,2025-03-10,625858,67727,9085,3371,89961.07,3713095,12,7,9828
YT01218,Walkthrough creator video 1218: trending ideas,Gaming,Walkthrough,India,Brand,2025-02-08,2025-02-21,569319,17677,2626,1457,58582.83,2487098,13,4,6052
YT01219,Walkthrough creator video 1219: trending ideas,Gaming,Walkthrough,India,Media Company,2025-09-23,2025-10-07,290062,14635,541,763,70176.59,630234,14,12,9414
YT01220,Comedy creator video 1220: trending ideas,Entertainment,Comedy,India,Educational,2025-05-31,2025-06-05,526950,34966,5311,668,22641.88,1239520,5,13,16437
YT01221,Hip Hop creator video 1221: trending ideas,Music,Hip Hop,United States,Brand,2025-07-29,2025-08-02,996879,73722,12091,1777,82179.47,2755333,4,15,15102
YT01222,Film & Animation creator video 1222: trending ideas,Entertainment,Film & Animation,Canada,Media Company,2025-06-06,2025-06-11,724542,84423,10679,3225,82070.1,2534595,5,4,17122
YT01223,Walkthrough creator video 1223: trending ideas,Gaming,Walkthrough,India,Individual,2025-05-15,2025-05-28,288935,31494,4103,2790,73808.12,71712,13,3,10118
YT01224,Walkthrough creator video 1224: trending ideas,Gaming,Walkthrough,Canada,Brand,2025-06-30,2025-07-07,444228,38392,4557,2605,63453.74,2504086,7,12,1071
YT01225,Pop creator video 1225: trending ideas,Music,Pop,United Kingdom,Educational,2025-04-26,2025-05-03,299180,13304,515,404,41339.91,864910,7,9,4918
YT01226,Esports creator video 1226: trending ideas,Gaming,Esports,Australia,Brand,2025-06-01,2025-06-06,878704,97607,9542,3500,235824.97,3671630,5,10,6572
YT01227,Hip Hop creator video 1227: trending ideas,Music,Hip Hop,Australia,Educational,2025-03-19,2025-03-21,392138,29550,2641,824,95316.49,901971,2,12,6125
YT01228,Walkthrough creator video 1228: trending ideas,Gaming,Walkthrough,Australia,Brand,2025-09-15,2025-09-17,822315,64328,2706,4971,219105.94,2224988,2,3,9909
YT01229,Hip Hop creator video 1229: trending ideas,Music,Hip Hop,United Kingdom,Media Company,2025-04-02,2025-04-05,1105905,52452,5790,4200,81721.03,2745599,3,14,13223
YT01230,Esports creator video 1230: trending ideas,Gaming,Esports,India,Media Company,2025-06-13,2025-06-18,786896,49867,1579,2622,72465.81,1311786,5,16,8138
YT01231,Esports creator video 1231: trending ideas,Gaming,Esports,United Kingdom,Media Company,2025-04-25,2025-05-03,233220,19453,2800,1123,55852.17,11335,8,8,6310
YT01232,Science creator video 1232: trending ideas,Education,Science,Canada,Media Company,2025-04-10,2025-04-20,287160,28466,2442,2475,61714.3,1496973,10,3,14476
YT01233,Comedy creator video 1233: trending ideas,Entertainment,Comedy,Australia,Individual,2025-06-04,2025-06-13,665750,68677,4663,5925,163736.77,3224713,9,13,7378
YT01234,Comedy creator video 1234: trending ideas,Entertainment,Comedy,Australia,Media Company,2025-08-30,2025-09-13,309502,36966,6477,2701,28865.23,2110275,14,4,5517
YT01235,Comedy creator video 1235: trending ideas,Entertainment,Comedy,United Kingdom,Media Company,2025-03-16,2025-03-21,683304,32644,5666,2313,46146.84,3717987,5,18,14112
YT01236,Hip Hop creator video 1236: trending ideas,Music,Hip Hop,United States,Educational,2025-06-02,2025-06-11,663815,66686,6365,3382,136135.44,3975368,9,6,12988
YT01237,Hip Hop creator video 1237: trending ideas,Music,Hip Hop,Australia,Educational,2025-05-03,2025-05-13,296528,12616,943,970,72430.72,745790,10,12,5393
YT01238,Pop creator video 1238: trending ideas,Music,Pop,Australia,Individual,2025-04-13,2025-04-15,792413,31525,1464,902,220508.69,2632107,2,13,3298
YT01239,Pop creator video 1239: trending ideas,Music,Pop,India,Brand,2025-07-06,2025-07-14,231421,7079,1063,238,55136.57,1168190,8,11,1595
YT01240,Pop creator video 1240: trending ideas,Music,Pop,Australia,Brand,2025-01-06,2025-01-14,570655,48476,4091,3995,40328.05,2681390,8,2,14070
YT01241,Comedy creator video 1241: trending ideas,Entertainment,Comedy,Canada,Educational,2025-10-14,2025-10-26,88663,3591,427,241,11859.84,170180,12,11,720
YT01242,Technology creator video 1242: trending ideas,Education,Technology,India,Media Company,2025-10-24,2025-10-25,608551,53664,2943,2702,59404.9,3870462,1,18,5918
YT01243,Walkthrough creator video 1243: trending ideas,Gaming,Walkthrough,India,Individual,2025-07-07,2025-07-11,708806,82850,10391,4158,191253.56,1017953,4,13,14664
YT01244,Walkthrough creator video 1244: trending ideas,Gaming,Walkthrough,Canada,Individual,2025-04-23,2025-05-06,123965,10786,1834,836,29022.81,500969,13,3,3773
YT01245,Film & Animation creator video 1245: trending ideas,Entertainment,Film & Animation,Canada,Individual,2025-03-06,2025-03-16,754290,42079,7409,2415,60946.94,1785270,10,16,11210
YT01246,Technology creator video 1246: trending ideas,Education,Technology,India,Individual,2025-05-13,2025-05-18,402358,45436,3833,2493,37508.45,984604,5,16,13559
YT01247,Comedy creator video 1247: trending ideas,Entertainment,Comedy,Canada,Educational,2025-10-17,2025-10-26,637799,17647,2879,1005,104304.59,2819586,9,8,7462
YT01248,Film & Animation creator video 1248: trending ideas,Entertainment,Film & Animation,United States,Media Company,2025-02-21,2025-03-05,730063,42853,1859,1928,154471.62,1199288,12,17,13621
YT01249,Pop creator video 1249: trending ideas,Music,Pop,Australia,Brand,2025-08-16,2025-08-27,532645,40057,3984,2619,135498.84,73027,11,4,12679
YT01250,Film & Animation creator video 1250: trending ideas,Entertainment,Film & Animation,United Kingdom,Brand,2025-01-15,2025-01-21,262867,11395,1233,429,63082.56,1393044,6,13,4125
YT01251,Esports creator video 1251: trending ideas,Gaming,Esports,United States,Media Company,2025-04-22,2025-05-04,498794,28415,1889,2407,105626.86,1544074,12,6,16750
YT01252,Technology creator video 1252: trending ideas,Education,Technology,United States,Media Company,2025-07-24,2025-08-01,323936,20765,955,759,30494.43,1595192,8,9,15264
YT01253,Walkthrough creator video 1253: trending ideas,Gaming,Walkthrough,Australia,Brand,2025-09-23,2025-09-28,402018,26075,1006,985,71990.3,2602134,5,2,2188
YT01254,Pop creator video 1254: trending ideas,Music,Pop,India,Educational,2025-08-25,2025-09-08,353296,36489,3923,3156,34515.89,1975452,14,7,1198
YT01255,Esports creator video 1255: trending ideas,Gaming,Esports,India,Brand,2025-08-04,2025-08-13,124884,9620,1069,799,6141.83,293044,9,4,5324
YT01256,Walkthrough creator video 1256: trending ideas,Gaming,Walkthrough,Canada,Media Company,2025-01-24,2025-01-26,824479,94458,13782,7457,85276.05,1243567,2,15,12212
YT01257,Pop creator video 1257: trending ideas,Music,Pop,United States,Educational,2025-02-23,2025-03-05,65546,4126,689,171,2955.55,120295,10,3,104
YT01258,Science creator video 1258: trending ideas,Education,Science,United States,Individual,2025-03-04,2025-03-14,290017,26290,4211,1203,27993.36,1145728,10,14,13086
YT01259,Pop creator video 1259: trending ideas,Music,Pop,India,Brand,2025-08-25,2025-09-05,250829,17829,794,1302,63222.77,900341,11,9,4620
YT01260,Film & Animation creator video 1260: trending ideas,Entertainment,Film & Animation,India,Educational,2025-04-28,2025-05-05,257975,23749,2331,581,41210.71,2147831,7,8,4867
YT01261,Walkthrough creator video 1261: trending ideas,Gaming,Walkthrough,United Kingdom,Media Company,2025-10-13,2025-10-14,485919,52232,5842,3171,59468.87,3340516,1,11,6672
YT01262,Science creator video 1262: trending ideas,Education,Science,United States,Brand,2025-03-29,2025-04-10,217960,24858,3792,1707,52553.46,393029,12,11,8925
YT01263,Comedy creator video 1263: trending ideas,Entertainment,Comedy,Australia,Brand,2025-07-17,2025-07-21,172034,18363,2915,1479,43483.57,89419,4,2,3471
YT01264,Technology creator video 1264: trending ideas,Education,Technology,United Kingdom,Media Company,2025-10-20,2025-10-24,124901,9207,1003,737,16054.56,2067650,4,16,1244
YT01265,Walkthrough creator video 1265: trending ideas,Gaming,Walkthrough,United States,Media Company,2025-08-09,2025-08-20,216289,24916,1642,792,17305.4,1329439,11,2,7881
YT01266,Technology creator video 1266: trending ideas,Education,Technology,United Kingdom,Educational,2025-05-06,2025-05-18,288134,15280,1558,295,45658.3,3554557,12,12,12468
YT01267,Science creator video 1267: trending ideas,Education,Science,Australia,Media Company,2025-03-31,2025-04-12,274927,25723,3263,1723,66541.47,980519,12,5,9022
YT01268,Science creator video 1268: trending ideas,Education,Science,India,Brand,2025-04-25,2025-05-06,287393,21550,747,574,74659.1,1256356,11,7,2730
YT01269,Hip Hop creator video 1269: trending ideas,Music,Hip Hop,Australia,Educational,2025-05-01,2025-05-11,537996,50528,8815,790,21900.88,2819082,10,8,571
YT01270,Walkthrough creator video 1270: trending ideas,Gaming,Walkthrough,Australia,Media Company,2025-10-15,2025-10-21,609215,67278,10740,2030,120014.33,1443094,6,18,8007
YT01271,Hip Hop creator video 1271: trending ideas,Music,Hip Hop,Canada,Educational,2025-04-27,2025-04-28,420996,15795,2048,732,97154.83,1303224,1,3,4343
YT01272,Pop creator video 1272: trending ideas,Music,Pop,Canada,Educational,2025-01-16,2025-01-25,729376,60831,5492,1145,63437.42,2775872,9,7,16314
YT01273,Film & Animation creator video 1273: trending ideas,Entertainment,Film & Animation,Australia,Educational,2025-06-14,2025-06-15,358648,13760,1051,625,82775.39,1603652,1,4,5359
YT01274,Film & Animation creator video 1274: trending ideas,Entertainment,Film & Animation,United States,Media Company,2025-07-21,2025-08-03,341839,36268,3297,1415,47940.1,1843009,13,11,6662
YT01275,Technology creator video 1275: trending ideas,Education,Technology,India,Brand,2025-04-03,2025-04-08,316580,33159,5768,2968,36452.82,90374,5,8,14715
YT01276,Walkthrough creator video 1276: trending ideas,Gaming,Walkthrough,United Kingdom,Educational,2025-08-15,2025-08-20,985785,89766,14414,4200,187412.52,2830368,5,8,17485
YT01277,Hip Hop creator video 1277: trending ideas,Music,Hip Hop,India,Individual,2025-04-26,2025-05-04,254207,28682,4811,2033,66677.73,1896382,8,5,3946
YT01278,Science creator video 1278: trending ideas,Education,Science,United Kingdom,Brand,2025-01-30,2025-02-04,401654,31211,4038,1841,51327.68,1024709,5,16,10427
YT01279,Walkthrough creator video 1279: trending ideas,Gaming,Walkthrough,Australia,Brand,2025-10-04,2025-10-17,817615,76423,10527,6209,200573.8,3114573,13,9,15961
YT01280,Esports creator video 1280: trending ideas,Gaming,Esports,Australia,Brand,2025-05-07,2025-05-16,1254050,149284,10525,4029,135082.34,3321117,9,12,17902
YT01281,Esports creator video 1281: trending ideas,Gaming,Esports,United Kingdom,Brand,2025-10-01,2025-10-10,846205,51245,9185,787,87196.76,3608900,9,17,6168
YT01282,Comedy creator video 1282: trending ideas,Entertainment,Comedy,Canada,Media Company,2025-05-22,2025-06-02,443505,13099,1317,930,97710.87,567696,11,17,4655
YT01283,Technology creator video 1283: trending ideas,Education,Technology,Australia,Educational,2025-07-14,2025-07-17,327972,30958,2584,2269,43008.51,2959882,3,4,938
YT01284,Esports creator video 1284: trending ideas,Gaming,Esports,Australia,Brand,2025-07-09,2025-07-12,690359,18542,900,1252,92750.97,884293,3,9,16647
YT01285,Pop creator video 1285: trending ideas,Music,Pop,United Kingdom,Media Company,2025-05-18,2025-05-25,684675,25621,2198,660,97040.85,2422561,7,7,3315
YT01286,Esports creator video 1286: trending ideas,Gaming,Esports,United Kingdom,Individual,2025-01-22,2025-01-31,497570,52278,7759,1569,85754.14,816728,9,10,12477
YT01287,Technology creator video 1287: trending ideas,Education,Technology,United States,Media Company,2025-07-21,2025-07-26,418582,28135,3571,1484,46899.67,2259721,5,14,6988
YT01288,Hip Hop creator video 1288: trending ideas,Music,Hip Hop,United Kingdom,Educational,2025-05-07,2025-05-17,1054729,88237,9963,3520,210547.17,2852852,10,17,13598
YT01289,Esports creator video 1289: trending ideas,Gaming,Esports,Canada,Individual,2025-01-15,2025-01-16,856293,55367,3639,953,75663.98,1743095,1,15,2240
YT01290,Esports creator video 1290: trending ideas,Gaming,Esports,India,Brand,2025-08-21,2025-09-01,1103032,43148,1356,2931,270926.46,3675809,11,15,14174
YT01291,Walkthrough creator video 1291: trending ideas,Gaming,Walkthrough,India,Media Company,2025-01-04,2025-01-17,332288,36295,1299,1998,60268.66,1986911,13,2,17997
YT01292,Esports creator video 1292: trending ideas,Gaming,Esports,United Kingdom,Media Company,2025-06-12,2025-06-13,1124809,56093,6709,1322,93749.41,2555437,1,17,14360
YT01293,Walkthrough creator video 1293: trending ideas,Gaming,Walkthrough,United Kingdom,Media Company,2025-08-27,2025-09-04,511109,58290,8950,4173,52856.2,849520,8,16,13993
YT01294,Comedy creator video 1294: trending ideas,Entertainment,Comedy,United Kingdom,Educational,2025-07-29,2025-08-09,218848,24074,2065,1097,55607.82,795284,11,8,4418
YT01295,Technology creator video 1295: trending ideas,Education,Technology,Australia,Educational,2025-06-05,2025-06-07,372990,32228,2823,2584,28576.34,2908978,2,16,5962
YT01296,Film & Animation creator video 1296: trending ideas,Entertainment,Film & Animation,Canada,Media Company,2025-09-12,2025-09-22,139786,15747,1415,574,33927.71,91859,10,8,5378
YT01297,Film & Animation creator video 1297: trending ideas,Entertainment,Film & Animation,Canada,Individual,2025-08-22,2025-09-04,267944,30861,1165,1197,74215.32,3120891,13,4,1768
YT01298,Film & Animation creator video 1298: trending ideas,Entertainment,Film & Animation,Canada,Brand,2025-05-12,2025-05-25,604817,35858,4367,1328,33815.03,1941493,13,18,13318
YT01299,Comedy creator video 1299: trending ideas,Entertainment,Comedy,Australia,Brand,2025-07-08,2025-07-12,219230,25271,3134,1836,16380.71,204367,4,3,9166
YT01300,Walkthrough creator video 1300: trending ideas,Gaming,Walkthrough,United States,Individual,2025-02-16,2025-02-17,688555,76666,9718,3944,48389.01,592295,1,17,10708
YT01301,Technology creator video 1301: trending ideas,Education,Technology,United Kingdom,Individual,2025-05-17,2025-05-28,444917,11337,513,611,96639.85,2608599,11,7,15947
YT01302,Technology creator video 1302: trending ideas,Education,Technology,India,Educational,2025-08-30,2025-09-03,179664,18381,1041,1073,36451.31,1784686,4,10,3682
YT01303,Esports creator video 1303: trending ideas,Gaming,Esports,United Kingdom,Media Company,2025-10-26,2025-11-05,339764,31291,4994,1402,14394.24,1324545,10,7,572
YT01304,Science creator video 1304: trending ideas,Education,Science,Canada,Educational,2025-05-27,2025-06-01,400949,46681,1867,3323,69763.58,1460731,5,14,14159
YT01305,Esports creator video 1305: trending ideas,Gaming,Esports,Australia,Brand,2025-07-14,2025-07-24,589302,54819,4692,901,130229.24,1641720,10,12,15130
YT01306,Pop creator video 1306: trending ideas,Music,Pop,United Kingdom,Individual,2025-02-26,2025-03-07,173029,17373,2015,449,18072.27,828073,9,2,5924
YT01307,Film & Animation creator video 1307: trending ideas,Entertainment,Film & Animation,United States,Brand,2025-04-09,2025-04-20,385632,15542,1923,1178,78887.39,3230657,11,2,5900
YT01308,Esports creator video 1308: trending ideas,Gaming,Esports,United Kingdom,Individual,2025-05-22,2025-05-24,187769,20685,1982,429,43168.18,538554,2,2,5245
YT01309,Hip Hop creator video 1309: trending ideas,Music,Hip Hop,Australia,Educational,2025-04-27,2025-05-09,475344,22497,924,1754,87758.44,144305,12,17,11133
YT01310,Science creator video 1310: trending ideas,Education,Science,Canada,Media Company,2025-04-20,2025-05-03,122336,4340,524,373,11313.07,506871,13,8,2821
YT01311,Technology creator video 1311: trending ideas,Education,Technology,Australia,Brand,2025-07-12,2025-07-24,318219,25979,934,2127,56884.18,1952730,12,10,9245
YT01312,Esports creator video 1312: trending ideas,Gaming,Esports,Australia,Brand,2025-10-14,2025-10-16,481872,55145,2538,4711,50106.47,688742,2,10,5649
YT01313,Walkthrough creator video 1313: trending ideas,Gaming,Walkthrough,Canada,Media Company,2025-03-15,2025-03-18,336594,13511,2066,1101,80120.48,1604020,3,9,7592
YT01314,Esports creator video 1314: trending ideas,Gaming,Esports,India,Brand,2025-04-23,2025-04-30,658185,51081,8141,3854,70785.63,2326749,7,4,9584
YT01315,Technology creator video 1315: trending ideas,Education,Technology,Australia,Brand,2025-07-07,2025-07-13,329190,29221,4667,2252,83988.86,2893084,6,10,9862
YT01316,Comedy creator video 1316: trending ideas,Entertainment,Comedy,Australia,Individual,2025-10-19,2025-10-25,540223,31037,3846,2308,146747.85,2661979,6,14,287
YT01317,Hip Hop creator video 1317: trending ideas,Music,Hip Hop,Australia,Educational,2025-03-31,2025-04-13,219879,17406,1411,755,22091.87,1066897,13,3,5280
YT01318,Walkthrough creator video 1318: trending ideas,Gaming,Walkthrough,Australia,Individual,2025-10-17,2025-10-26,107106,8220,954,719,25820.6,1057905,9,7,1095
YT01319,Comedy creator video 1319: trending ideas,Entertainment,Comedy,India,Educational,2025-04-03,2025-04-07,383778,21464,1283,1046,52505.32,1533661,4,7,5000
YT01320,Comedy creator video 1320: trending ideas,Entertainment,Comedy,Australia,Educational,2025-07-11,2025-07-21,173736,15175,1518,574,18987.67,975993,10,13,413
YT01321,Technology creator video 1321: trending ideas,Education,Technology,United Kingdom,Brand,2025-04-29,2025-05-04,442977,48343,5972,996,31718.72,2327096,5,6,11160
YT01322,Hip Hop creator video 1322: trending ideas,Music,Hip Hop,United Kingdom,Brand,2025-06-12,2025-06-20,580727,45634,2300,801,69613.82,2111798,8,6,7325
YT01323,Hip Hop creator video 1323: trending ideas,Music,Hip Hop,Canada,Educational,2025-02-15,2025-02-25,705226,74855,10995,1805,66445.95,3203055,10,4,2853
YT01324,Film & Animation creator video 1324: trending ideas,Entertainment,Film & Animation,United Kingdom,Media Company,2025-10-13,2025-10-27,170210,13855,2105,1223,14197.69,1139627,14,9,627
YT01325,Walkthrough creator video 1325: trending ideas,Gaming,Walkthrough,Canada,Educational,2025-03-21,2025-03-25,936285,110406,8915,7781,76456.63,1834283,4,18,16594
YT01326,Film & Animation creator video 1326: trending ideas,Entertainment,Film & Animation,United States,Brand,2025-03-03,2025-03-06,1245040,111209,15023,4025,247980.2,3481580,3,8,17829
YT01327,Technology creator video 1327: trending ideas,Education,Technology,United States,Media Company,2025-05-15,2025-05-20,116435,6842,1095,481,10721.48,1628284,5,5,1995
YT01328,Esports creator video 1328: trending ideas,Gaming,Esports,United Kingdom,Media Company,2025-01-14,2025-01-16,383554,20847,1551,594,82462.8,1034121,2,2,8213
YT01329,Pop creator video 1329: trending ideas,Music,Pop,United Kingdom,Individual,2025-06-06,2025-06-13,605234,47550,7226,3931,57849.62,3850502,7,7,9511
YT01330,Walkthrough creator video 1330: trending ideas,Gaming,Walkthrough,United States,Brand,2025-08-18,2025-08-29,674227,49355,2037,2453,56278.37,2318468,11,15,1038
YT01331,Pop creator video 1331: trending ideas,Music,Pop,United States,Media Company,2025-04-04,2025-04-05,712769,81804,3775,6733,53048.72,762472,1,12,4247
YT01332,Walkthrough creator video 1332: trending ideas,Gaming,Walkthrough,Canada,Individual,2025-04-10,2025-04-20,454009,39910,2743,2312,84627.26,1145804,10,17,8046
YT01333,Hip Hop creator video 1333: trending ideas,Music,Hip Hop,United States,Individual,2025-06-09,2025-06-18,482009,13634,443,935,88741.6,829523,9,15,7964
YT01334,Walkthrough creator video 1334: trending ideas,Gaming,Walkthrough,United Kingdom,Media Company,2025-03-05,2025-03-19,513515,24829,3228,1213,70747.97,2894696,14,5,8963
YT01335,Pop creator video 1335: trending ideas,Music,Pop,United States,Educational,2025-06-09,2025-06-22,577498,54798,3524,2219,55915.59,173812,13,11,13565
YT01336,Film & Animation creator video 1336: trending ideas,Entertainment,Film & Animation,India,Individual,2025-04-18,2025-05-01,521011,18374,985,699,141030.5,2955616,13,16,4350
YT01337,Pop creator video 1337: trending ideas,Music,Pop,Australia,Educational,2025-02-03,2025-02-05,656740,40005,2765,3489,87290.31,166080,2,9,15542
YT01338,Technology creator video 1338: trending ideas,Education,Technology,India,Educational,2025-09-24,2025-09-26,767941,91355,14989,4551,73640.25,1697716,2,18,15683
YT01339,Science creator video 1339: trending ideas,Education,Science,United States,Individual,2025-06-04,2025-06-06,262009,18405,1303,1279,69818.79,2576642,2,10,10004
YT01340,Esports creator video 1340: trending ideas,Gaming,Esports,Australia,Media Company,2025-07-04,2025-07-12,534989,49823,8794,1137,33923.96,1178066,8,8,14515
YT01341,Esports creator video 1341: trending ideas,Gaming,Esports,Australia,Individual,2025-06-16,2025-06-29,263940,17820,1320,930,18180.18,971088,13,7,11552
YT01342,Walkthrough creator video 1342: trending ideas,Gaming,Walkthrough,India,Brand,2025-05-28,2025-06-05,494015,13376,2013,1052,25623.28,206817,8,17,11841
YT01343,Comedy creator video 1343: trending ideas,Entertainment,Comedy,Australia,Brand,2025-03-24,2025-04-01,527546,55484,6154,4085,129405.43,3875898,8,16,13362
YT01344,Science creator video 1344: trending ideas,Education,Science,United States,Educational,2025-09-30,2025-10-05,363418,12771,544,1027,53282.76,3733383,5,4,15669
YT01345,Technology creator video 1345: trending ideas,Education,Technology,Canada,Educational,2025-08-21,2025-08-26,501376,25197,1179,1484,98777.83,3042518,5,15,13082
YT01346,Film & Animation creator video 1346: trending ideas,Entertainment,Film & Animation,India,Brand,2025-02-05,2025-02-17,442400,43774,3959,1007,24977.29,1196777,12,13,7650
YT01347,Pop creator video 1347: trending ideas,Music,Pop,Canada,Brand,2025-01-29,2025-02-06,458427,43400,3414,1728,21938.55,3650466,8,3,4669
YT01348,Hip Hop creator video 1348: trending ideas,Music,Hip Hop,United Kingdom,Educational,2025-10-27,2025-10-30,203638,6183,861,520,53766.25,1547155,3,8,3081
YT01349,Technology creator video 1349: trending ideas,Education,Technology,United Kingdom,Brand,2025-01-01,2025-01-13,80423,3532,149,317,20845.19,667869,12,3,1332
YT01350,Technology creator video 1350: trending ideas,Education,Technology,United States,Individual,2025-04-15,2025-04-26,286773,22810,3362,1036,15623.42,869900,11,15,7265
YT01351,Technology creator video 1351: trending ideas,Education,Technology,India,Media Company,2025-10-04,2025-10-05,548110,55550,6755,1338,88460.61,1977786,1,11,9631
YT01352,Technology creator video 1352: trending ideas,Education,Technology,Australia,Brand,2025-05-18,2025-05-30,200344,15913,1314,532,22047.17,306093,12,4,17306
YT01353,Walkthrough creator video 1353: trending ideas,Gaming,Walkthrough,India,Brand,2025-10-12,2025-10-21,452526,24126,4232,683,63631.5,2652009,9,4,3550
YT01354,Walkthrough creator video 1354: trending ideas,Gaming,Walkthrough,United States,Individual,2025-06-15,2025-06-20,560895,24308,4182,1012,43998.78,2555469,5,8,9207
YT01355,Comedy creator video 1355: trending ideas,Entertainment,Comedy,United Kingdom,Educational,2025-06-03,2025-06-06,504174,34023,1154,805,72361.07,1918920,3,11,4228
YT01356,Film & Animation creator video 1356: trending ideas,Entertainment,Film & Animation,India,Media Company,2025-03-31,2025-04-11,442659,15364,1813,881,32575.8,2411981,11,2,6395
YT01357,Comedy creator video 1357: trending ideas,Entertainment,Comedy,United States,Media Company,2025-05-21,2025-06-04,797889,67917,9827,5655,202136.52,2255196,14,3,15629
YT01358,Science creator video 1358: trending ideas,Education,Science,Australia,Individual,2025-04-26,2025-04-30,181311,20065,1533,1714,14941.16,2484438,4,9,1414
YT01359,Technology creator video 1359: trending ideas,Education,Technology,Canada,Individual,2025-09-15,2025-09-20,522337,19738,2001,894,97422.47,2180092,5,11,17536
YT01360,Esports creator video 1360: trending ideas,Gaming,Esports,Australia,Brand,2025-06-22,2025-06-29,710427,57573,5694,2201,41909.33,1284371,7,9,15794
YT01361,Technology creator video 1361: trending ideas,Education,Technology,Canada,Educational,2025-07-26,2025-08-03,338951,39444,2762,1026,73913.28,3488351,8,18,2779
YT01362,Esports creator video 1362: trending ideas,Gaming,Esports,United Kingdom,Brand,2025-02-06,2025-02-20,406292,45951,4321,3572,58027.35,2768161,14,6,5563
YT01363,Esports creator video 1363: trending ideas,Gaming,Esports,India,Individual,2025-09-07,2025-09-13,1038526,53648,6485,867,260550.66,3947874,6,11,3437
YT01364,Science creator video 1364: trending ideas,Education,Science,Australia,Brand,2025-03-06,2025-03-10,482923,15826,1506,1379,87444.49,2014454,4,15,8008
YT01365,Walkthrough creator video 1365: trending ideas,Gaming,Walkthrough,Canada,Media Company,2025-05-22,2025-06-01,511114,43643,5192,2415,139572.26,3561071,10,5,13636
YT01366,Technology creator video 1366: trending ideas,Education,Technology,United Kingdom,Educational,2025-04-28,2025-05-08,434413,18898,1319,387,68322.57,1206616,10,15,9377
YT01367,Hip Hop creator video 1367: trending ideas,Music,Hip Hop,Canada,Brand,2025-04-08,2025-04-16,256602,7802,967,525,14087.31,771263,8,8,1658
YT01368,Science creator video 1368: trending ideas,Education,Science,Canada,Individual,2025-09-22,2025-10-06,182142,5854,732,360,48315.99,200551,14,3,8897
YT01369,Hip Hop creator video 1369: trending ideas,Music,Hip Hop,United Kingdom,Individual,2025-01-07,2025-01-17,409873,37912,3487,2289,99189.6,368989,10,12,11369
YT01370,Esports creator video 1370: trending ideas,Gaming,Esports,India,Brand,2025-02-18,2025-02-19,421878,22213,2000,1535,87858.53,2008234,1,16,934
YT01371,Film & Animation creator video 1371: trending ideas,Entertainment,Film & Animation,India,Media Company,2025-03-30,2025-04-09,587896,58912,10561,4321,117208.59,3564892,10,4,17549
YT01372,Comedy creator video 1372: trending ideas,Entertainment,Comedy,Canada,Brand,2025-07-03,2025-07-11,804912,94314,4447,3279,50120.42,2556021,8,5,13681
YT01373,Walkthrough creator video 1373: trending ideas,Gaming,Walkthrough,United Kingdom,Media Company,2025-05-06,2025-05-11,496017,32110,4823,2690,51383.79,1239551,5,17,9585
YT01374,Esports creator video 1374: trending ideas,Gaming,Esports,India,Brand,2025-04-09,2025-04-19,781980,25698,1427,1081,169137.59,287729,10,17,17240
YT01375,Esports creator video 1375: trending ideas,Gaming,Esports,United Kingdom,Individual,2025-06-21,2025-06-27,108358,5028,298,116,17009.21,1923729,6,4,416
YT01376,Comedy creator video 1376: trending ideas,Entertainment,Comedy,Canada,Educational,2025-05-24,2025-05-27,382080,43637,2147,3708,96081.37,412000,3,14,4626
YT01377,Hip Hop creator video 1377: trending ideas,Music,Hip Hop,United Kingdom,Educational,2025-06-14,2025-06-18,705441,29366,4312,461,151799.52,2624611,4,16,8467
YT01378,Comedy creator video 1378: trending ideas,Entertainment,Comedy,United States,Media Company,2025-09-29,2025-10-02,439954,17375,2525,1431,89338.73,3663406,3,10,864
YT01379,Science creator video 1379: trending ideas,Education,Science,Australia,Brand,2025-10-23,2025-10-30,390747,29465,1287,2212,25060.27,931852,7,6,16789
YT01380,Esports creator video 1380: trending ideas,Gaming,Esports,Canada,Educational,2025-09-04,2025-09-06,843040,54599,5970,4640,199227.48,769551,2,18,16456
YT01381,Technology creator video 1381: trending ideas,Education,Technology,Australia,Media Company,2025-05-16,2025-05-28,127409,11280,1373,258,33060.01,947976,12,8,3476
YT01382,Comedy creator video 1382: trending ideas,Entertainment,Comedy,United States,Brand,2025-07-06,2025-07-13,634175,73032,6204,5045,130119.23,2639091,7,13,6547
YT01383,Film & Animation creator video 1383: trending ideas,Entertainment,Film & Animation,Australia,Brand,2025-06-01,2025-06-09,240820,16394,790,447,53792.35,1431462,8,6,3390
YT01384,Comedy creator video 1384: trending ideas,Entertainment,Comedy,India,Brand,2025-05-24,2025-06-05,705667,21691,989,417,179049.15,3471886,12,2,10563
YT01385,Film & Animation creator video 1385: trending ideas,Entertainment,Film & Animation,Australia,Educational,2025-04-11,2025-04-22,636759,67956,6388,3484,100441.31,2203358,11,11,15124
YT01386,Science creator video 1386: trending ideas,Education,Science,India,Individual,2025-07-16,2025-07-21,229031,14499,2420,1014,30777.35,843691,5,17,3541
YT01387,Science creator video 1387: trending ideas,Education,Science,Canada,Individual,2025-01-10,2025-01-11,670098,50507,7507,4534,169745.61,2575859,1,17,16807
YT01388,Comedy creator video 1388: trending ideas,Entertainment,Comedy,India,Educational,2025-02-17,2025-02-21,315251,13100,1619,1165,76499.02,492097,4,11,2443
YT01389,Hip Hop creator video 1389: trending ideas,Music,Hip Hop,Canada,Individual,2025-10-15,2025-10-29,706638,26559,1520,1410,123022.94,2778671,14,2,17531
YT01390,Pop creator video 1390: trending ideas,Music,Pop,United States,Educational,2025-02-13,2025-02-24,721055,84674,6492,1311,155177.6,459319,11,14,16325
YT01391,Esports creator video 1391: trending ideas,Gaming,Esports,United States,Brand,2025-10-11,2025-10-25,740100,66972,10673,2010,173647.88,2961646,14,17,16342
YT01392,Hip Hop creator video 1392: trending ideas,Music,Hip Hop,Canada,Media Company,2025-03-27,2025-03-30,226958,9217,1218,735,25139.45,630236,3,8,2714
YT01393,Technology creator video 1393: trending ideas,Education,Technology,Australia,Media Company,2025-05-30,2025-06-05,261151,22780,1392,1666,39660.79,1140380,6,11,4628
YT01394,Film & Animation creator video 1394: trending ideas,Entertainment,Film & Animation,United States,Brand,2025-04-17,2025-04-29,1000695,94576,8394,6906,95191.76,3565156,12,11,4507
YT01395,Hip Hop creator video 1395: trending ideas,Music,Hip Hop,India,Media Company,2025-09-24,2025-09-30,814599,56049,2569,4298,87466.43,3615027,6,9,10853
YT01396,Walkthrough creator video 1396: trending ideas,Gaming,Walkthrough,Canada,Individual,2025-08-05,2025-08-07,902408,35474,4905,1725,77567.51,3423739,2,4,13924
YT01397,Comedy creator video 1397: trending ideas,Entertainment,Comedy,United States,Brand,2025-01-11,2025-01-12,670781,66898,10743,2370,146457.1,371108,1,16,14278
YT01398,Pop creator video 1398: trending ideas,Music,Pop,Canada,Educational,2025-05-13,2025-05-18,536924,52519,1766,3045,49986.77,1879467,5,18,395
YT01399,Technology creator video 1399: trending ideas,Education,Technology,United Kingdom,Media Company,2025-07-01,2025-07-09,416122,40325,5153,1339,98761.4,3943581,8,6,10953
YT01400,Hip Hop creator video 1400: trending ideas,Music,Hip Hop,United Kingdom,Individual,2025-06-04,2025-06-07,1018963,34549,2960,3036,61375.1,3121580,3,13,16052
YT01401,Pop creator video 1401: trending ideas,Music,Pop,Canada,Media Company,2025-07-19,2025-07-25,332984,9836,764,461,57101.06,3990361,6,5,5216
YT01402,Hip Hop creator video 1402: trending ideas,Music,Hip Hop,United States,Educational,2025-09-18,2025-09-20,536999,46605,6461,2852,115079.21,50674,2,13,8686
YT01403,Comedy creator video 1403: trending ideas,Entertainment,Comedy,India,Educational,2025-02-04,2025-02-11,467716,33343,5718,1974,41597.98,1254938,7,17,2153
YT01404,Hip Hop creator video 1404: trending ideas,Music,Hip Hop,India,Individual,2025-03-30,2025-04-06,1159885,111554,13409,7110,234417.77,3639583,7,9,16987
YT01405,Film & Animation creator video 1405: trending ideas,Entertainment,Film & Animation,Australia,Educational,2025-01-03,2025-01-17,555266,23299,1886,1472,54057.04,1364224,14,13,12561
YT01406,Film & Animation creator video 1406: trending ideas,Entertainment,Film & Animation,Canada,Individual,2025-03-08,2025-03-13,808882,24509,4302,2168,64956.05,3790377,5,8,8951
YT01407,Walkthrough creator video 1407: trending ideas,Gaming,Walkthrough,United States,Brand,2025-04-25,2025-05-06,704531,29120,3104,2326,102373.95,3992193,11,3,9866
YT01408,Comedy creator video 1408: trending ideas,Entertainment,Comedy,United Kingdom,Individual,2025-02-03,2025-02-05,665154,36484,5738,794,171829.62,3627320,2,10,10538
YT01409,Comedy creator video 1409: trending ideas,Entertainment,Comedy,United States,Individual,2025-05-24,2025-05-30,218013,22270,2717,990,33754.39,1368234,6,10,3426
YT01410,Pop creator video 1410: trending ideas,Music,Pop,Canada,Educational,2025-02-27,2025-03-12,416527,22619,3226,1495,41121.24,1582480,13,4,10579
YT01411,Walkthrough creator video 1411: trending ideas,Gaming,Walkthrough,Australia,Brand,2025-10-08,2025-10-11,621559,42570,2014,3637,36287.17,3289829,3,6,10293
YT01412,Pop creator video 1412: trending ideas,Music,Pop,United Kingdom,Media Company,2025-09-21,2025-09-25,771326,34693,5652,1800,159054.06,3463273,4,10,13668
YT01413,Comedy creator video 1413: trending ideas,Entertainment,Comedy,Australia,Brand,2025-05-17,2025-05-26,611697,40634,6100,3476,47155.88,3963273,9,17,15739
YT01414,Comedy creator video 1414: trending ideas,Entertainment,Comedy,United States,Media Company,2025-10-14,2025-10-19,712030,43063,4867,2215,116653.73,3688101,5,16,13263
YT01415,Science creator video 1415: trending ideas,Education,Science,Canada,Educational,2025-09-26,2025-09-29,409382,15429,2348,967,50492.94,2131679,3,5,12508
YT01416,Pop creator video 1416: trending ideas,Music,Pop,United Kingdom,Individual,2025-07-10,2025-07-20,551142,34921,3250,990,44838.99,1030411,10,3,14735
YT01417,Walkthrough creator video 1417: trending ideas,Gaming,Walkthrough,Australia,Media Company,2025-08-24,2025-08-26,402812,13156,420,429,100527.58,84790,2,17,11363
YT01418,Comedy creator video 1418: trending ideas,Entertainment,Comedy,Canada,Individual,2025-08-14,2025-08-16,1374689,91217,3769,7307,224054.88,2790631,2,8,17704
YT01419,Technology creator video 1419: trending ideas,Education,Technology,United Kingdom,Media Company,2025-03-23,2025-03-30,409952,35936,4662,3132,92524.93,3773562,7,7,187
YT01420,Pop creator video 1420: trending ideas,Music,Pop,United States,Educational,2025-01-09,2025-01-21,604400,62569,2032,4169,72760.42,441707,12,10,15906
YT01421,Comedy creator video 1421: trending ideas,Entertainment,Comedy,Australia,Individual,2025-05-05,2025-05-12,304604,34725,3471,792,52705.8,226153,7,9,10283
YT01422,Hip Hop creator video 1422: trending ideas,Music,Hip Hop,United Kingdom,Individual,2025-04-29,2025-05-10,465593,31315,2625,2339,38161.05,1397059,11,2,12612
YT01423,Pop creator video 1423: trending ideas,Music,Pop,Canada,Individual,2025-03-04,2025-03-16,546716,64569,9217,5065,117102.57,2559417,12,17,218
YT01424,Comedy creator video 1424: trending ideas,Entertainment,Comedy,India,Media Company,2025-02-22,2025-02-26,695472,31534,4483,1417,37969.18,1484458,4,3,13729
YT01425,Technology creator video 1425: trending ideas,Education,Technology,United States,Individual,2025-08-23,2025-08-31,151737,7887,1319,465,36682.56,321424,8,5,4285
YT01426,Technology creator video 1426: trending ideas,Education,Technology,Canada,Media Company,2025-04-17,2025-04-23,352116,42043,4880,3658,84533.6,135544,6,10,17578
YT01427,Pop creator video 1427: trending ideas,Music,Pop,India,Educational,2025-07-13,2025-07-27,882772,79752,11168,3137,184838.32,2532448,14,12,15188
YT01428,Comedy creator video 1428: trending ideas,Entertainment,Comedy,Canada,Educational,2025-08-05,2025-08-17,477889,50692,6990,3209,47036.41,3090843,12,4,14712
YT01429,Esports creator video 1429: trending ideas,Gaming,Esports,India,Individual,2025-07-27,2025-08-02,823921,82770,13940,1644,113836.03,2252752,6,14,6066
YT01430,Hip Hop creator video 1430: trending ideas,Music,Hip Hop,United Kingdom,Brand,2025-06-09,2025-06-12,800616,39770,4634,1209,43537.9,3263231,3,17,5662
YT01431,Film & Animation creator video 1431: trending ideas,Entertainment,Film & Animation,Australia,Media Company,2025-03-27,2025-03-30,341738,27803,2981,727,80669.1,1149513,3,2,9757
YT01432,Hip Hop creator video 1432: trending ideas,Music,Hip Hop,India,Individual,2025-03-10,2025-03-14,777699,92911,9870,7108,109426.15,3572854,4,10,12471
YT01433,Film & Animation creator video 1433: trending ideas,Entertainment,Film & Animation,United States,Brand,2025-07-30,2025-08-05,500178,16530,2952,637,98386.65,953462,6,18,2798
YT01434,Technology creator video 1434: trending ideas,Education,Technology,United Kingdom,Individual,2025-08-12,2025-08-24,259319,19866,1340,1624,43101.59,3551269,12,18,329
YT01435,Esports creator video 1435: trending ideas,Gaming,Esports,India,Individual,2025-04-19,2025-04-20,140443,14721,472,717,32260.53,1574128,1,5,3075
YT01436,Walkthrough creator video 1436: trending ideas,Gaming,Walkthrough,United States,Individual,2025-07-01,2025-07-02,387296,43135,4024,1079,27045.55,432169,1,7,6787
YT01437,Walkthrough creator video 1437: trending ideas,Gaming,Walkthrough,United States,Educational,2025-06-22,2025-07-06,547556,15879,791,1251,30541.71,2560310,14,7,7456
YT01438,Pop creator video 1438: trending ideas,Music,Pop,United Kingdom,Educational,2025-06-13,2025-06-20,840748,60447,8663,3091,223070.98,3374050,7,8,15529
YT01439,Film & Animation creator video 1439: trending ideas,Entertainment,Film & Animation,Australia,Media Company,2025-10-03,2025-10-16,438925,35566,6168,2892,39831.62,1609316,13,7,14277
YT01440,Hip Hop creator video 1440: trending ideas,Music,Hip Hop,Canada,Educational,2025-02-06,2025-02-15,676965,57196,6438,1218,162606.16,3043441,9,18,13270
YT01441,Film & Animation creator video 1441: trending ideas,Entertainment,Film & Animation,India,Educational,2025-03-29,2025-04-07,267336,10606,462,210,33167.25,572260,9,3,9945
YT01442,Science creator video 1442: trending ideas,Education,Science,Australia,Educational,2025-08-30,2025-09-10,398485,47680,6687,2055,79458.55,2346813,11,11,14426
YT01443,Comedy creator video 1443: trending ideas,Entertainment,Comedy,United States,Brand,2025-06-20,2025-07-04,845720,50538,5691,1485,92703.07,3447643,14,16,8302
YT01444,Film & Animation creator video 1444: trending ideas,Entertainment,Film & Animation,Canada,Brand,2025-03-05,2025-03-19,706726,84718,13122,2166,188312.73,2115175,14,10,17651
YT01445,Film & Animation creator video 1445: trending ideas,Entertainment,Film & Animation,United States,Educational,2025-01-16,2025-01-25,574513,54948,2941,4820,94864.82,3355684,9,15,11907
YT01446,Comedy creator video 1446: trending ideas,Entertainment,Comedy,United States,Brand,2025-10-05,2025-10-14,454024,34849,3214,1966,19995.75,1509940,9,17,147
YT01447,Science creator video 1447: trending ideas,Education,Science,United States,Individual,2025-05-11,2025-05-14,109653,3569,598,95,7604.71,1014577,3,11,52
YT01448,Esports creator video 1448: trending ideas,Gaming,Esports,India,Educational,2025-06-10,2025-06-16,209475,15601,2675,1036,31677.37,937459,6,10,3634
YT01449,Esports creator video 1449: trending ideas,Gaming,Esports,United Kingdom,Brand,2025-03-29,2025-03-30,276450,15936,993,376,43178.55,455104,1,6,8849
YT01450,Comedy creator video 1450: trending ideas,Entertainment,Comedy,India,Media Company,2025-10-22,2025-10-26,543251,28845,875,1889,31406.92,1877835,4,5,13978
YT01451,Film & Animation creator video 1451: trending ideas,Entertainment,Film & Animation,United States,Educational,2025-04-27,2025-04-28,691751,79431,5355,5468,55617.93,1143394,1,3,7246
YT01452,Hip Hop creator video 1452: trending ideas,Music,Hip Hop,Canada,Brand,2025-07-15,2025-07-16,1779017,54036,6608,1854,372034.55,3334506,1,14,17520
YT01453,Technology creator video 1453: trending ideas,Education,Technology,United Kingdom,Individual,2025-06-07,2025-06-20,233566,14745,561,1312,38580.46,917849,13,14,9250
YT01454,Esports creator video 1454: trending ideas,Gaming,Esports,India,Brand,2025-04-28,2025-05-11,618568,38055,1807,766,47319.82,2382526,13,11,16182
YT01455,Hip Hop creator video 1455: trending ideas,Music,Hip Hop,United States,Educational,2025-07-17,2025-07-28,758823,51785,3768,2387,170190.36,3874088,11,10,6606
YT01456,Hip Hop creator video 1456: trending ideas,Music,Hip Hop,Canada,Educational,2025-06-26,2025-07-05,684326,48439,3380,2760,69115.06,1086068,9,4,14618
YT01457,Walkthrough creator video 1457: trending ideas,Gaming,Walkthrough,Canada,Media Company,2025-05-22,2025-05-23,637701,47896,1662,4077,28040.57,3273937,1,14,4554
YT01458,Hip Hop creator video 1458: trending ideas,Music,Hip Hop,India,Media Company,2025-06-12,2025-06-22,662255,66584,6473,5818,77692.67,504040,10,17,10181
YT01459,Science creator video 1459: trending ideas,Education,Science,Australia,Brand,2025-01-27,2025-02-06,112695,11843,917,1063,30473.4,2119315,10,5,1854
YT01460,Film & Animation creator video 1460: trending ideas,Entertainment,Film & Animation,United States,Individual,2025-03-05,2025-03-07,1109815,118037,10605,9057,183439.73,3300339,2,8,8646
YT01461,Walkthrough creator video 1461: trending ideas,Gaming,Walkthrough,United States,Media Company,2025-07-10,2025-07-18,384655,11507,753,282,40747.79,2675991,8,13,5469
YT01462,Hip Hop creator video 1462: trending ideas,Music,Hip Hop,India,Individual,2025-10-20,2025-10-31,348738,22947,3125,1875,88982.43,224839,11,9,14719
YT01463,Film & Animation creator video 1463: trending ideas,Entertainment,Film & Animation,United States,Individual,2025-10-25,2025-11-08,639484,16783,669,1361,147305.67,1194778,14,18,13389
YT01464,Walkthrough creator video 1464: trending ideas,Gaming,Walkthrough,India,Media Company,2025-07-13,2025-07-15,595294,24253,2485,646,39037.07,2921303,2,14,6722
YT01465,Science creator video 1465: trending ideas,Education,Science,India,Media Company,2025-09-24,2025-10-01,334674,10627,1731,902,67748.89,2210290,7,6,17743
YT01466,Pop creator video 1466: trending ideas,Music,Pop,United States,Media Company,2025-02-11,2025-02-19,739668,29701,2193,985,124475.18,2311507,8,12,17408
YT01467,Science creator video 1467: trending ideas,Education,Science,United States,Brand,2025-07-15,2025-07-28,205924,23808,2460,1314,30151.77,229707,13,10,10108
YT01468,Science creator video 1468: trending ideas,Education,Science,Canada,Educational,2025-02-15,2025-02-23,264761,26317,1836,1715,58585.76,1181192,8,16,3686
YT01469,Comedy creator video 1469: trending ideas,Entertainment,Comedy,United States,Brand,2025-09-23,2025-10-03,325387,21274,1485,484,71372.14,3887849,10,3,490
YT01470,Hip Hop creator video 1470: trending ideas,Music,Hip Hop,United States,Brand,2025-10-09,2025-10-14,331380,26296,3393,2216,48249.06,1164870,5,6,7754
YT01471,Esports creator video 1471: trending ideas,Gaming,Esports,Canada,Media Company,2025-10-22,2025-10-26,507796,38376,6384,2244,85425.8,2460885,4,16,6230
YT01472,Film & Animation creator video 1472: trending ideas,Entertainment,Film & Animation,United States,Brand,2025-06-11,2025-06-21,227130,17004,1163,936,22878.56,299458,10,9,4450
YT01473,Hip Hop creator video 1473: trending ideas,Music,Hip Hop,India,Individual,2025-10-17,2025-10-29,648049,56700,6444,3905,72808.35,2235538,12,8,8223
YT01474,Comedy creator video 1474: trending ideas,Entertainment,Comedy,Canada,Media Company,2025-03-22,2025-04-05,365946,11537,516,238,70751.23,1688351,14,13,5565
YT01475,Walkthrough creator video 1475: trending ideas,Gaming,Walkthrough,United States,Brand,2025-01-12,2025-01-18,391025,42259,4605,2131,62296.31,1173053,6,15,5658
YT01476,Esports creator video 1476: trending ideas,Gaming,Esports,Canada,Individual,2025-02-06,2025-02-11,434127,24045,3975,1194,93695.12,1801556,5,11,4016
YT01477,Pop creator video 1477: trending ideas,Music,Pop,United States,Brand,2025-06-25,2025-06-27,1284881,32493,4882,942,144805.61,1825580,2,8,17588
YT01478,Walkthrough creator video 1478: trending ideas,Gaming,Walkthrough,United States,Brand,2025-04-11,2025-04-12,358171,42977,5683,1502,95202.11,2243881,1,3,5352
YT01479,Technology creator video 1479: trending ideas,Education,Technology,Australia,Educational,2025-01-14,2025-01-27,105700,5264,668,121,14236.25,196671,13,13,1037
YT01480,Walkthrough creator video 1480: trending ideas,Gaming,Walkthrough,Australia,Media Company,2025-03-23,2025-04-02,768490,27012,1969,2227,52289.02,3690339,10,2,14838
YT01481,Hip Hop creator video 1481: trending ideas,Music,Hip Hop,United Kingdom,Individual,2025-07-10,2025-07-24,1407537,118142,7343,4266,326986.38,3958736,14,14,14575
YT01482,Film & Animation creator video 1482: trending ideas,Entertainment,Film & Animation,Australia,Educational,2025-03-04,2025-03-16,462765,39112,5123,2363,104779.34,2668269,12,16,6286
YT01483,Pop creator video 1483: trending ideas,Music,Pop,Australia,Individual,2025-09-26,2025-10-03,594823,19810,2530,484,24388.62,368519,7,14,16948
YT01484,Esports creator video 1484: trending ideas,Gaming,Esports,United States,Individual,2025-06-16,2025-06-22,351662,33129,1265,595,52743.74,2044060,6,5,7772
YT01485,Film & Animation creator video 1485: trending ideas,Entertainment,Film & Animation,Canada,Brand,2025-09-01,2025-09-08,302931,19286,2018,1590,81950.98,217692,7,15,1434
YT01486,Science creator video 1486: trending ideas,Education,Science,Australia,Educational,2025-08-03,2025-08-07,252777,24292,4032,1390,17303.21,1423031,4,14,7082
YT01487,Esports creator video 1487: trending ideas,Gaming,Esports,Canada,Brand,2025-05-27,2025-05-29,354343,42264,3444,1852,26901.87,3930686,2,18,2585
YT01488,Esports creator video 1488: trending ideas,Gaming,Esports,Canada,Brand,2025-08-06,2025-08-18,168472,10549,1794,785,38669.37,956865,12,4,1339
YT01489,Pop creator video 1489: trending ideas,Music,Pop,India,Educational,2025-05-07,2025-05-16,591870,17497,1137,591,30621.49,2495360,9,5,16738
YT01490,Film & Animation creator video 1490: trending ideas,Entertainment,Film & Animation,Canada,Media Company,2025-06-17,2025-06-18,293314,24092,1652,989,56481.16,638429,1,16,5449
YT01491,Technology creator video 1491: trending ideas,Education,Technology,United Kingdom,Brand,2025-02-08,2025-02-19,218563,7441,875,573,26748.64,615759,11,10,13084
YT01492,Walkthrough creator video 1492: trending ideas,Gaming,Walkthrough,Canada,Media Company,2025-08-17,2025-08-29,323807,20598,626,1494,37438.74,1214290,12,12,7070
YT01493,Technology creator video 1493: trending ideas,Education,Technology,United States,Individual,2025-04-16,2025-04-21,267192,8361,696,693,53488.05,2847104,5,2,11278
YT01494,Film & Animation creator video 1494: trending ideas,Entertainment,Film & Animation,India,Individual,2025-02-26,2025-03-03,928455,43839,1527,3748,214425.97,758846,5,18,16637
YT01495,Comedy creator video 1495: trending ideas,Entertainment,Comedy,Australia,Brand,2025-01-01,2025-01-15,346693,11309,1080,495,63808.78,3864016,14,8,5922
YT01496,Technology creator video 1496: trending ideas,Education,Technology,Canada,Educational,2025-01-15,2025-01-25,338707,17916,561,1286,61762.87,2244410,10,8,5862
YT01497,Walkthrough creator video 1497: trending ideas,Gaming,Walkthrough,Canada,Media Company,2025-06-29,2025-06-30,1023424,117723,10097,9774,141064.99,3599947,1,14,1944
YT01498,Science creator video 1498: trending ideas,Education,Science,India,Individual,2025-09-19,2025-10-03,268659,8359,1213,599,19314.55,3743153,14,12,1625
YT01499,Science creator video 1499: trending ideas,Education,Science,India,Media Company,2025-02-25,2025-03-02,249245,18366,2171,356,51926.2,2124033,5,9,8456
